team,full_name,conference,season,week,n_pitchers,fip_mean,fip_std,fip_p10,fip_p25,fip_p50,fip_p75,fip_p90,n_returning_pitchers,n_unknown_pitchers,ip_coverage
ORST,Oregon St.,DI Independent,2026,,14,4.662477852469867,0.28307987252526906,4.301133686084276,4.47254834514813,4.660641898915466,4.852160886309134,5.031887528797786,14,0,1.0
USM,Southern Miss.,Sun Belt,2026,,13,4.7455275490056925,0.3350223489954492,4.319330999404802,4.516954494757757,4.739721619663575,4.968124591892611,5.1836330394662,13,0,1.0
YALE,Yale,Ivy League,2026,,7,4.82641902219302,0.3982534049840047,4.31549958601598,4.554652907759076,4.822091445355418,5.097919683833372,5.336613206534752,7,0,1.0
CCU,Coastal Carolina,Sun Belt,2026,,12,4.850288902587533,0.34219356365610276,4.415303417144733,4.620171496187273,4.84545904810745,5.079973087158492,5.287104902202891,12,0,1.0
SEMO,Southeast Mo. St.,Ohio Valley,2026,,15,4.854321094972346,0.33316272099055133,4.4327469037634355,4.625048347118308,4.8514349028372745,5.079631209108133,5.285512482967187,15,0,1.0
TENN,Tennessee,SEC,2026,,13,4.859816585509489,0.3241177281020965,4.44481689759514,4.640433614706996,4.858920905347086,5.077973952843527,5.268864519259415,13,0,1.0
FGCU,FGCU,Atlantic Sun,2026,,16,4.870445679249096,0.3691568602896212,4.399716857332569,4.621854977563096,4.865716735583659,5.11704892147445,5.348619945314723,16,0,1.0
ARK,Arkansas,SEC,2026,,13,4.875117062198988,0.3730654199683284,4.398024586371254,4.625368054174244,4.8723811839228315,5.124940305648982,5.353815667197577,13,0,1.0
LSU,LSU,SEC,2026,,19,4.887224851257533,0.2901866362397298,4.51980883481823,4.688822790511298,4.882748144525811,5.0876410330851085,5.254715202133342,19,0,1.0
UCSB,UC Santa Barbara,Big West,2026,,10,4.910996864785847,0.33323786381051923,4.48351231281654,4.680495034146979,4.9117512596502095,5.132039754103386,5.344067890969527,10,0,1.0
CLEM,Clemson,ACC,2026,,14,4.924834151113564,0.36086339121377276,4.460010645518752,4.675693920903157,4.926145579485531,5.171603999119887,5.394355075098179,14,0,1.0
VAN,Vanderbilt,SEC,2026,,16,4.936271728167137,0.3358307903373587,4.507610303758372,4.710650103418272,4.9352132630012004,5.163698333171025,5.3628083070456585,16,0,1.0
PENN,Penn,Ivy League,2026,,10,4.992035833936592,0.4356272289075953,4.432503904648211,4.692875903978507,4.990324124166733,5.281374974525198,5.547940146222013,10,0,1.0
UCI,UC Irvine,Big West,2026,,14,5.00101697726755,0.2939766267624599,4.633506212413122,4.7976842286749815,5.000213973405805,5.200692869505321,5.378694983545174,14,0,1.0
BCU,Bethune-Cookman,SWAC,2026,,19,5.012573602597756,0.3420558555284164,4.580366948583865,4.779308625216513,5.005247891458813,5.240378846034563,5.46055339812982,19,0,1.0
TEX,Texas,SEC,2026,,14,5.024461898104505,0.26335715730106946,4.686517968056296,4.847233557161008,5.026517684049834,5.20254490196297,5.359678108670785,14,0,1.0
AUB,Auburn,SEC,2026,,15,5.037258254086988,0.3268495118984738,4.621904791118852,4.813789713116529,5.033629172438851,5.263351553301202,5.455331962431028,15,0,1.0
UL,Louisiana,Sun Belt,2026,,12,5.056681203384799,0.3589543720281208,4.5989828517876665,4.81566189186695,5.051682669730232,5.295410010058352,5.5220888348445225,12,0,1.0
MISS,Ole Miss,SEC,2026,,15,5.070778409305409,0.3188832773944375,4.658984430054281,4.853250146716538,5.069953111804407,5.28647600266063,5.478977439616317,15,0,1.0
TCU,TCU,Big 12,2026,,16,5.076338721842502,0.3015404177854812,4.691196741784728,4.873702221831945,5.076750128496819,5.27940161643443,5.463408854566681,16,0,1.0
GONZ,Gonzaga,West Coast,2026,,12,5.085652062686329,0.36212463417992874,4.6206290345165675,4.838537167306501,5.090739354674235,5.330611081929094,5.550432814784404,12,0,1.0
MCN,Mercer,Southern Conference,2026,,18,5.095398118750412,0.4375642195624436,4.534074412023477,4.80423638219974,5.093180179769115,5.389306993144654,5.65030022116423,18,0,1.0
CONN,UConn,Big East,2026,,15,5.112152224083008,0.3129588383318111,4.714526771151876,4.897239510890833,5.107784752412173,5.321932183079078,5.518156976380779,15,0,1.0
ECU,East Carolina,American Athletic,2026,,15,5.116069733757809,0.2963706759196625,4.739468031229383,4.91572602964013,5.113517289992068,5.316601627322249,5.496035986442333,15,0,1.0
MSST,Mississippi St.,SEC,2026,,17,5.117822875012493,0.3382466734045024,4.68551266988681,4.887447084440385,5.115188336820747,5.345174185840659,5.553463109322332,17,0,1.0
FRES,Fresno St.,Mountain West,2026,,11,5.120255475861901,0.5123453061728497,4.468452136630489,4.7738514732297395,5.112753502728629,5.4653359510672,5.779165151235207,11,0,1.0
ILL,Illinois,Big Ten,2026,,15,5.126943240891548,0.26709768160184716,4.786209368975804,4.944201363945204,5.12633319389961,5.306466567897721,5.471514560752226,15,0,1.0
STMN,Saint Mary's (CA),West Coast,2026,,13,5.1308715118991834,0.4080443257953209,4.608921580369033,4.853550343655001,5.127070638780233,5.40965656346933,5.657549870147588,13,0,1.0
TA&M,Texas A&M,SEC,2026,,10,5.135792672434577,0.34379345987237486,4.6978451740692515,4.904837012151704,5.132303067656467,5.36749543405201,5.577887581897392,10,0,1.0
ARIZ,Arizona,Big 12,2026,,16,5.141132898183255,0.2890471680298182,4.770619794650897,4.943145037231853,5.138995093669184,5.334447653487047,5.51500187037696,16,0,1.0
UTA,UT Arlington,WAC,2026,,13,5.15044160687657,0.4289981848679112,4.601772489636938,4.856316551915193,5.148650333423712,5.437854494414427,5.704254507908542,13,0,1.0
UK,Kentucky,SEC,2026,,17,5.15212228762915,0.28882281545266913,4.790904165126089,4.951252998144007,5.149550405633284,5.3443662751464105,5.529573527212578,17,0,1.0
CBU,California Baptist,WAC,2026,,15,5.15366732667511,0.3353170461186888,4.720664029894702,4.927124286035799,5.15349937488795,5.377136156824745,5.5853045012363,15,0,1.0
HAW,Hawaii,Big West,2026,,16,5.175704524156657,0.3589377184625367,4.713486080817695,4.932037332771137,5.179440092202928,5.415950415639198,5.635810365751514,16,0,1.0
UNC,North Carolina,ACC,2026,,13,5.177130224925569,0.29240019556931957,4.805907478502322,4.98147850604274,5.176880309273386,5.372709244292772,5.5501565226617515,13,0,1.0
KENT,Kent St.,Mid-American,2026,,13,5.180821945099745,0.3208758506587427,4.764529270856456,4.96429092584073,5.178204675026821,5.396089376704395,5.59302913473898,13,0,1.0
TOL,Toledo,Mid-American,2026,,10,5.189829076602859,0.49721423181051955,4.551946184028408,4.850918251796833,5.191239277132798,5.52461312048181,5.827375368293642,10,0,1.0
DBU,DBU,Conference USA,2026,,15,5.192352606919736,0.32812580863065377,4.7666710653373805,4.966479861409558,5.195600770750232,5.4124481162974885,5.618198583351531,15,0,1.0
LT,Louisiana Tech,Conference USA,2026,,16,5.194975766339945,0.3143421881079024,4.789119155211044,4.977623105114357,5.187489190096148,5.406042301396994,5.608035876899968,16,0,1.0
SAC,Sacramento St.,WAC,2026,,17,5.195724606540277,0.3230857894027792,4.782879456558466,4.974171818185625,5.192052209938431,5.413221397046256,5.6142366649474615,17,0,1.0
MIA,Miami (FL),ACC,2026,,15,5.204316692197343,0.32145370492152914,4.793791930373164,4.987227905027204,5.20492555016623,5.417487854164838,5.619267029275632,15,0,1.0
SF,San Francisco,West Coast,2026,,16,5.206311255417877,0.38538305370577225,4.705859377918443,4.943850053110362,5.203798340732514,5.46810226252818,5.701324186640887,16,0,1.0
WVU,West Virginia,Big 12,2026,,15,5.206455006132682,0.36984583643882385,4.735958116917821,4.95874924661617,5.202770582064705,5.452292992435435,5.679753453094604,15,0,1.0
CP,Cal Poly,Big West,2026,,10,5.207689042215896,0.33078876374566657,4.7781746312258955,4.984143724017217,5.207618056453445,5.432720073847501,5.635415428249119,10,0,1.0
UTSA,UTSA,American Athletic,2026,,13,5.211304373994532,0.3548428243368259,4.768074022971318,4.968366540548574,5.205434052538805,5.445900860510799,5.67494030006131,13,0,1.0
MRSH,Marshall,Sun Belt,2026,,12,5.219432060705358,0.3243247053779948,4.804937530038705,4.996433614680822,5.214261134791762,5.44063300494578,5.640397332918856,12,0,1.0
USC,Southern California,Big Ten,2026,,11,5.221572240659649,0.35570255635183196,4.770533862865259,4.97935310315318,5.2141610811018815,5.4571623729647,5.689654622361915,11,0,1.0
FSU,Florida St.,ACC,2026,,15,5.222471120457098,0.2989941947280442,4.846046992672781,5.023150330794429,5.219413157073912,5.424483955980062,5.603962911735408,15,0,1.0
FLA,Florida,SEC,2026,,14,5.22679771290535,0.2695393437100194,4.884357077101037,5.042169235838383,5.227652134618191,5.406714131425732,5.5700548585222345,14,0,1.0
SCU,Santa Clara,West Coast,2026,,18,5.233438608401185,0.31982720915824886,4.823098239223589,5.018237638590695,5.235232975967898,5.448742520904398,5.640673687644574,18,0,1.0
GCU,Grand Canyon,Mountain West,2026,,16,5.239358686069098,0.33278812288627446,4.811004593696055,5.010162166494424,5.242056776279535,5.4631784428301335,5.662565308182357,16,0,1.0
OU,Oklahoma,SEC,2026,,17,5.2395987298228235,0.35960423506650513,4.777373102132533,4.9937794725584235,5.237713724865063,5.4812078909526125,5.703549209219227,17,0,1.0
CAM,Campbell,Coastal Athletic,2026,,15,5.239659953941976,0.3776219089259157,4.752793691232673,4.98002140525594,5.24157553694142,5.490057757750053,5.725713672391639,15,0,1.0
ETSU,ETSU,Southern Conference,2026,,14,5.242516271032832,0.3734250295461202,4.764116783809005,4.9906484361805346,5.239350837560211,5.499022636045054,5.722489929849652,14,0,1.0
FAMU,Florida A&M,SWAC,2026,,15,5.2483446032840995,0.31517020302081733,4.842733967460255,5.035689143770774,5.250124015345512,5.462467690800136,5.647916050061228,15,0,1.0
ORU,Oral Roberts,Summit League,2026,,13,5.252287748039787,0.3418106059997248,4.817124947753684,5.024467500198378,5.247773956918255,5.47837082362145,5.697957956872467,13,0,1.0
WRST,Wright St.,Horizon League,2026,,17,5.252342938524204,0.3169550632895542,4.845204272424761,5.036907194297941,5.248198964426498,5.466650367152259,5.657589798373208,17,0,1.0
PORT,Portland,West Coast,2026,,13,5.252673263826054,0.3410271638493986,4.817358997846211,5.023336855281654,5.252454837452354,5.484375002120279,5.690912265782234,13,0,1.0
CARK,Central Ark.,Atlantic Sun,2026,,14,5.253614698641709,0.41553258199842436,4.720038186086964,4.973690744836002,5.253244812934847,5.5294732099943475,5.789154578230458,14,0,1.0
LIN,Lindenwood,Unknown,2026,,13,5.2549299927693065,0.29191698257086385,4.876280744583094,5.0565834617687315,5.255545630422896,5.453605339251806,5.624997721147718,13,0,1.0
KSU,Kansas St.,Big 12,2026,,14,5.259074229964255,0.29990029196337326,4.872287810799667,5.0536459328774255,5.257475567898091,5.465187591257991,5.643707170519717,14,0,1.0
RGV,UTRGV,Southland,2026,,16,5.2633197738666855,0.3379971309384179,4.833515857061437,5.031317708176338,5.259669772196059,5.48938458527574,5.697945717955842,16,0,1.0
WOF,Wofford,Southern Conference,2026,,14,5.263729175878877,0.3251691781727023,4.847282958031856,5.040629516000164,5.266961430126111,5.488061344456122,5.680653990696021,14,0,1.0
CLT,Charlotte,American Athletic,2026,,16,5.264271503160806,0.29831332277237443,4.883115454251537,5.060652431772999,5.264097405967319,5.466588119311791,5.647859990111075,16,0,1.0
RUTG,Rutgers,Big Ten,2026,,14,5.2668399346590205,0.3202784902494683,4.862414691983827,5.051906404380291,5.264132923463469,5.476435217965755,5.681921667860611,14,0,1.0
NEV,Nevada,Mountain West,2026,,13,5.2691322432208665,0.43461395911952316,4.717481503054688,4.97378530392468,5.266126993015291,5.558277398530238,5.833292954352479,13,0,1.0
ALA,Alabama,SEC,2026,,17,5.269650941491242,0.25948052255389187,4.938020342075152,5.093808988720352,5.269665872152611,5.442467999738177,5.602084721345716,17,0,1.0
SIUE,SIUE,Ohio Valley,2026,,15,5.2700031753388235,0.3318447796747418,4.847854934125359,5.042986732827762,5.267665749188836,5.4925549493601435,5.696856985523461,15,0,1.0
ARST,Arkansas St.,Sun Belt,2026,,14,5.272096030016594,0.31670150398761376,4.872276261236503,5.053562150294115,5.272630715334765,5.48589807506429,5.676366591146076,14,0,1.0
ORE,Oregon,Big Ten,2026,,18,5.273226190436666,0.32864518706218204,4.857817397486349,5.048666229828008,5.267406200924569,5.493441726240372,5.701074815564765,18,0,1.0
KU,Kansas,Big 12,2026,,12,5.273418470134027,0.37220593031170507,4.790189149637572,5.022475102923032,5.275009224105794,5.523838874307128,5.752389853570718,12,0,1.0
JMU,James Madison,Sun Belt,2026,,18,5.275069224827518,0.3627820515654566,4.814620877774187,5.0299166662254695,5.264492343880848,5.5217144279567885,5.743507529226466,18,0,1.0
ALST,Alabama St.,SWAC,2026,,11,5.278137092739252,0.36253144668990656,4.810251390413467,5.037561005520945,5.275541123636494,5.520772110570936,5.736604622579514,11,0,1.0
UNCW,UNCW,Coastal Athletic,2026,,13,5.281505070630172,0.3920899674652625,4.7786504439201005,5.0142176561256875,5.2819354200254365,5.542415729365791,5.7832057625843065,13,0,1.0
M-OH,Miami (OH),Mid-American,2026,,12,5.283485029735864,0.3356124600697118,4.854462222124103,5.052236335196724,5.2830568058783705,5.508813459861046,5.718760173132378,12,0,1.0
GT,Georgia Tech,ACC,2026,,17,5.285378922032681,0.2922024112190097,4.912984259491719,5.086968717878306,5.28509286493412,5.480707412401977,5.657485547564832,17,0,1.0
IOWA,Iowa,Big Ten,2026,,17,5.285647326080557,0.41033919466642305,4.76266800173611,5.009836361951363,5.283054195388963,5.562853199435787,5.815292552530676,17,0,1.0
UNF,North Florida,Atlantic Sun,2026,,15,5.288733649113981,0.4025985755675393,4.773890134265037,5.016004672527509,5.286269919538948,5.560968413618766,5.802026256207235,15,0,1.0
UNM,New Mexico,Mountain West,2026,,12,5.289995239249364,0.39206885379642503,4.788783058517902,5.022213527937996,5.285760705513905,5.555512335377197,5.794545863453653,12,0,1.0
MOST,Missouri St.,Conference USA,2026,,14,5.29237326775758,0.3143214361594111,4.8929103396678695,5.0792090499985365,5.29336838217899,5.502576128275142,5.693019236589465,14,0,1.0
MUR,Murray St.,Missouri Valley,2026,,17,5.297250626212617,0.3415442158930053,4.853696788070486,5.068044509511782,5.295508092875177,5.528556361521734,5.736582564241248,17,0,1.0
OKST,Oklahoma St.,Big 12,2026,,14,5.309102982597394,0.3504116266421232,4.864764601706332,5.06830368412616,5.306272373299247,5.539611639371883,5.765905861012979,14,0,1.0
BAY,Baylor,Big 12,2026,,15,5.310804211064297,0.35600139040794754,4.865289933022635,5.066696589274104,5.303379291021456,5.5496965266283915,5.769743370431422,15,0,1.0
LMU,LMU (CA),West Coast,2026,,14,5.31182827969772,0.4322365089131212,4.758500821075073,5.02133403224224,5.307463382543197,5.598423972619539,5.873499674589082,14,0,1.0
COFC,Col. of Charleston,Coastal Athletic,2026,,19,5.3125535555823244,0.3290542522567314,4.888618576692171,5.08797667721198,5.314414772112075,5.532995830399567,5.733087902992781,19,0,1.0
NAVY,Navy,Patriot League,2026,,13,5.315532685254474,0.3209947177038003,4.907996798155779,5.1014800701390675,5.318115642142016,5.527308984325275,5.726056238386541,13,0,1.0
ELON,Elon,Coastal Athletic,2026,,12,5.316388188785441,0.31359772869047925,4.913568261923319,5.103110220314033,5.319564027013255,5.528334245678915,5.715753097381608,12,0,1.0
ACU,Abilene Christian,WAC,2026,,17,5.3191654471807075,0.3269465751190192,4.897973298282234,5.099516529274618,5.319903492275703,5.538237625085639,5.732223470945866,17,0,1.0
UPST,USC Upstate,Big South,2026,,16,5.3226182883196165,0.4131805218801252,4.7993774947536485,5.038364720149062,5.3165467163020566,5.595820644439451,5.845242626393945,16,0,1.0
GTWN,Georgetown,Big East,2026,,17,5.324893662975593,0.33528291094205287,4.8942760330590795,5.097399081776845,5.3247429415760665,5.551432374763031,5.753306413718034,17,0,1.0
FAU,Fla. Atlantic,American Athletic,2026,,15,5.325176267589754,0.4076253922236877,4.806693984014199,5.051377038022657,5.323973658545841,5.59931301550162,5.850839812527294,15,0,1.0
UCLA,UCLA,Big Ten,2026,,15,5.32681611548745,0.25976789287944824,4.995678993712711,5.14932073055922,5.325822838359451,5.503008333848472,5.660693211563766,15,0,1.0
NWST,Northwestern St.,Southland,2026,,14,5.331257856583889,0.3144621429447296,4.934431703446532,5.11880857987637,5.3321250893342285,5.540156445951148,5.7343791637002735,14,0,1.0
NCSU,NC State,ACC,2026,,14,5.331656879755556,0.3322031388950686,4.91247438920822,5.108294560073697,5.3257473899661925,5.5516783694949465,5.756363928137591,14,0,1.0
UVA,Virginia,ACC,2026,,17,5.333327297160089,0.3603083488711017,4.872049246480558,5.088268455688269,5.33312976217133,5.575232560197987,5.797089403529537,17,0,1.0
CIN,Cincinnati,Big 12,2026,,14,5.333346024137548,0.2639168640118133,4.990569689972378,5.154877866702517,5.335913555494918,5.510401844834352,5.672107088865197,14,0,1.0
UCD,UC Davis,Big West,2026,,14,5.333406568706023,0.3286547705405684,4.911051764357873,5.113518626118648,5.3308833224297745,5.551752557027296,5.753468648977551,14,0,1.0
WAKE,Wake Forest,ACC,2026,,13,5.334131734281474,0.3332263856278672,4.9160008626214,5.111219587481584,5.332882655346773,5.56273610397926,5.762759376981052,13,0,1.0
UCSD,UC San Diego,Big West,2026,,14,5.341095525366976,0.4038533882326468,4.817421338518815,5.068959696545497,5.335148358133349,5.610528738389332,5.855999666939253,14,0,1.0
BALL,Ball St.,Mid-American,2026,,14,5.3413064597382265,0.31447862901979323,4.943001606303367,5.124226053253084,5.338108826709434,5.550800489547108,5.749913289980522,14,0,1.0
UGA,Georgia,SEC,2026,,16,5.347409480635282,0.2409643369338588,5.0397581234227316,5.18113247127784,5.343138620894535,5.513938807355711,5.657554383689668,16,0,1.0
ODU,Old Dominion,Sun Belt,2026,,19,5.349243076334425,0.3154917987829329,4.9451742345623355,5.135094680479453,5.344625882405026,5.562352544571219,5.762282235795224,19,0,1.0
TXST,Texas St.,Sun Belt,2026,,17,5.34925667776407,0.3732833018374116,4.87267640260506,5.095253062499378,5.34668561151054,5.596218453825493,5.82962857903281,17,0,1.0
WES,Wesleyan,Unknown,2026,,17,5.352420204451625,0.41474510928908614,4.822141286265113,5.070804737100041,5.340963838903436,5.634242835282095,5.886254547330604,17,0,1.0
PAC,Pacific,West Coast,2026,,12,5.355101624289903,0.34364815058708287,4.9209545388669715,5.1235138322654326,5.353472664656927,5.585356627210705,5.799978043970266,12,0,1.0
SJSU,San Jose St.,Mountain West,2026,,14,5.355824658834385,0.294530648065295,4.9758859027423155,5.158152739586852,5.353226192593294,5.552349208492473,5.737289086867303,14,0,1.0
ASU,Arizona St.,Big 12,2026,,17,5.357419333121359,0.27240727361971934,5.0056771026711235,5.173231288156523,5.357570460369151,5.542987844269364,5.704121770704219,17,0,1.0
VT,Virginia Tech,ACC,2026,,15,5.3579725373231355,0.2628375058997602,5.017873589527387,5.180859922093339,5.3593297171537255,5.537397906017011,5.693892763107924,15,0,1.0
FAIR,Fairfield,Metro Atlantic,2026,,10,5.359587188527064,0.41117281815192186,4.827521620462259,5.077508517953705,5.357191480203753,5.640828559882129,5.89389086247561,10,0,1.0
NIU,NIU,Mid-American,2026,,13,5.360198701419212,0.367128740050652,4.889853454524033,5.111571946209853,5.353334112301823,5.608944683087264,5.836152596841013,13,0,1.0
MER,Mercer,Southern Conference,2026,,19,5.365016535415533,0.3135464207241437,4.964809181901908,5.150971304812862,5.362717638007973,5.575674239585577,5.771750484199455,19,0,1.0
SC,South Carolina,SEC,2026,,15,5.36967300148404,0.3235456559941068,4.958995051949305,5.148981407296394,5.3669343441445925,5.584242638182328,5.781627317152404,15,0,1.0
SDSU,San Diego St.,Mountain West,2026,,17,5.377261692154626,0.38563641550100347,4.88066066996989,5.11946409896298,5.377592349232486,5.638395199400101,5.867430750203476,17,0,1.0
WKU,Western Ky.,Conference USA,2026,,15,5.3804344216945115,0.3570986222870494,4.923701780864095,5.139446344820582,5.378177050362353,5.616030551004268,5.84205238215401,15,0,1.0
LIB,Liberty,Conference USA,2026,,12,5.383372492804054,0.30639797760538146,4.998293195142566,5.177287782625321,5.379927342207509,5.583881448764606,5.7818514610424465,12,0,1.0
HALL,Seton Hall,Big East,2026,,15,5.384678990655139,0.31803510198021984,4.976769122742309,5.169176614824309,5.381039934909736,5.598571071007717,5.795808800625676,15,0,1.0
GAST,Georgia St.,Sun Belt,2026,,16,5.385518537325346,0.3826331015601858,4.898134764217968,5.123724947164895,5.385604742986148,5.641090136879357,5.877468035513541,16,0,1.0
NEB,Nebraska,Big Ten,2026,,16,5.386137722470263,0.35290677806004195,4.938599831095394,5.144415284276924,5.385181128232535,5.6250353045504395,5.841134340044814,16,0,1.0
HC,Holy Cross,Patriot League,2026,,16,5.388163696779894,0.33693354829725086,4.948816835970329,5.158961825622823,5.3880747660988835,5.615046392332543,5.821473252757254,16,0,1.0
CSUF,Cal St. Fullerton,Big West,2026,,17,5.393669298500122,0.29229088235904827,5.021837376978,5.197753211043627,5.392584628412626,5.588309301146378,5.771039517084561,17,0,1.0
AMCC,Austin Peay,Atlantic Sun,2026,,19,5.393803082737176,0.46990978549513585,4.798853832257485,5.069594943231404,5.389129600952286,5.704695046202419,6.001023005019232,19,0,1.0
TULN,Tulane,American Athletic,2026,,14,5.395465943073686,0.29223061942897427,5.017369438213412,5.199269259282224,5.397367699264235,5.590829063693748,5.768084693621052,14,0,1.0
EVAN,Evansville,Missouri Valley,2026,,11,5.401574045215133,0.3197389454569817,4.994605242304167,5.193632830184933,5.39768290784977,5.613508868683122,5.812496079657205,11,0,1.0
ARMY,Army West Point,Patriot League,2026,,12,5.403320409572849,0.3924673530673105,4.897708883794401,5.1327124374162185,5.401790515647001,5.670953201486139,5.905298570029307,12,0,1.0
UCF,UCF,Big 12,2026,,13,5.418777246290087,0.3281115600479133,5.002940698774859,5.1970857254558815,5.411646221782684,5.636008607658229,5.843019301429248,13,0,1.0
UVU,Utah Valley,WAC,2026,,16,5.423859714068839,0.36295627028338756,4.961401312124935,5.176991968079781,5.425957049418258,5.665442063549366,5.898319562134034,16,0,1.0
LONG,Longwood,Big South,2026,,14,5.423990974598086,0.36437399763570266,4.955520557566326,5.177825244036736,5.421508092589873,5.669354179450612,5.900660282465902,14,0,1.0
CREI,Creighton,Big East,2026,,15,5.424018339174149,0.32970490645765826,4.999179398345371,5.203579648703204,5.425518135369471,5.646823064249004,5.849089924463008,15,0,1.0
ALB,UAlbany,America East,2026,,11,5.424118068357053,0.3376628118001415,4.985959753696913,5.1967047621175775,5.420906108518123,5.653661793626259,5.858046935114602,11,0,1.0
IU,Indiana,Big Ten,2026,,15,5.428378275599523,0.2547738922645834,5.103466380954176,5.25743453938318,5.42806704415167,5.603131528084347,5.755672011768043,15,0,1.0
USD,San Diego,West Coast,2026,,13,5.428793431810203,0.2889207007278131,5.056443107721939,5.234941785527025,5.42909173045391,5.622929344938488,5.801413201524021,13,0,1.0
TROY,Troy,Sun Belt,2026,,15,5.4293994466324875,0.33340051186978614,5.002577630725512,5.204531693421112,5.425510934368508,5.653332626248425,5.857481993001572,15,0,1.0
SMC,Saint Mary's (CA),West Coast,2026,,11,5.429734538761993,0.4432532683245644,4.865806931457388,5.1254907534628025,5.428689609386847,5.730032259149252,5.99724263878479,11,0,1.0
UNLV,UNLV,Mountain West,2026,,14,5.431148013130596,0.29743247345496054,5.053255333646327,5.2310789397409865,5.428724464839288,5.634187668860604,5.818059979450245,14,0,1.0
MRST,Marist,Metro Atlantic,2026,,16,5.432504437738142,0.30862637360924666,5.041290994222689,5.220143060866732,5.431357840257336,5.640278729582016,5.827111053773857,16,0,1.0
STET,Stetson,Atlantic Sun,2026,,16,5.432918054845801,0.3183683567778936,5.022800416967199,5.21535700196715,5.429926529495811,5.649308033760572,5.846436594553456,16,0,1.0
UNCG,UNC Greensboro,Southern Conference,2026,,13,5.433152284329086,0.3388227770755849,5.00035386711069,5.20699529098211,5.431974231897446,5.659981073920261,5.871331731155037,13,0,1.0
MTSU,Middle Tenn.,Conference USA,2026,,13,5.4362165988143945,0.38405250643274047,4.941776908537859,5.176818635048808,5.433458300172152,5.6964427864325184,5.935584507837646,13,0,1.0
GWEB,Gardner-Webb,Big South,2026,,16,5.439921517473752,0.32226971903357743,5.022857638471886,5.22202138518698,5.443933238900101,5.6555526077339895,5.852404590689757,16,0,1.0
VCU,VCU,Atlantic 10,2026,,18,5.442016067998809,0.3019354817932358,5.054234155246552,5.237663810340354,5.443522649794023,5.64476330249625,5.822271739208165,18,0,1.0
WIN,Winthrop,Big South,2026,,16,5.448345965052116,0.358104251659991,4.990651564303826,5.205743648495256,5.447588343196827,5.686223842620678,5.910673070225727,16,0,1.0
HOU,Houston,Big 12,2026,,13,5.454035022094459,0.3345573880227994,5.027883066946548,5.22492977017823,5.450318456496724,5.6830774863402365,5.890101040891191,13,0,1.0
LAM,Lamar University,Southland,2026,,18,5.4545498840944795,0.32435737934913733,5.031245936313574,5.237072964801619,5.454056848342146,5.677750091163782,5.868801898725885,18,0,1.0
PEPP,Pepperdine,West Coast,2026,,15,5.456921245108351,0.35802512347022514,5.001933572494035,5.211818669431319,5.450869038272272,5.698135488771985,5.915369014127176,15,0,1.0
LIU,LIU,Northeast,2026,,15,5.458767695657029,0.3492093840152893,5.008645390241476,5.2225725545977815,5.462194893078218,5.695669973550533,5.90503001442154,15,0,1.0
DUKE,Duke,ACC,2026,,17,5.4596336297773265,0.3350987333281841,5.03426135151936,5.234522539453453,5.459457838929255,5.683342826368691,5.89358319477897,17,0,1.0
BRY,Bryant,America East,2026,,14,5.460028131727691,0.39825519445628016,4.948798539525021,5.187437251196171,5.458123196714913,5.734037627797651,5.974688510782657,14,0,1.0
CSUB,CSU Bakersfield,Big West,2026,,17,5.46183137871724,0.3500779735944567,5.010892172579939,5.22549367403734,5.462739126336388,5.700317070261056,5.913776038011755,17,0,1.0
LR,Little Rock,Ohio Valley,2026,,19,5.4644207649642285,0.2911452489749432,5.090939616063138,5.268149314505067,5.465827314040131,5.6574646922857825,5.841160164366142,19,0,1.0
ME,Maine,America East,2026,,13,5.464942016699726,0.33787034847780933,5.028749369388472,5.235289868912041,5.464155319052773,5.692516195351111,5.8995771075288586,13,0,1.0
GW,George Washington,Atlantic 10,2026,,13,5.465897433009895,0.39490983025377135,4.9558564486626375,5.194474889121036,5.465543957581968,5.731217158466212,5.9794032267468396,13,0,1.0
LEH,Lehigh,Patriot League,2026,,16,5.466457982173412,0.32432147207676687,5.046604436069039,5.247742394268954,5.463970140886657,5.683140332623267,5.883180723469674,16,0,1.0
LAS,LAS,Unknown,2026,,16,5.4678476797790365,0.42239676104575535,4.93151597442128,5.1752482663385,5.464290741223444,5.7466067971887185,6.014800011089733,16,0,1.0
DART,Dartmouth,Ivy League,2026,,9,5.468846449936677,0.4079865319143199,4.935074779543475,5.190545693485123,5.468841537250366,5.747047785235129,5.989440621512223,9,0,1.0
RICE,Rice,American Athletic,2026,,13,5.468958569491456,0.45978231965700206,4.882796707450656,5.1549128771645965,5.466115841621564,5.778159756573487,6.062771874082584,13,0,1.0
RAD,Radford,Big South,2026,,14,5.475914995631043,0.334591673634782,5.041660807118515,5.244535958366256,5.473716042590539,5.700966042503274,5.908094480775012,14,0,1.0
MONM,Monmouth,Coastal Athletic,2026,,13,5.479263522290102,0.3099279596034647,5.080388045103863,5.268826960268036,5.480141465318649,5.689402692556867,5.874862820715577,13,0,1.0
JAX,Jacksonville,Atlantic Sun,2026,,16,5.483149894675255,0.29490144498487386,5.105282817330703,5.283528792354913,5.484997763033611,5.6826394492389465,5.860574105690572,16,0,1.0
EIU,Eastern Ill.,Ohio Valley,2026,,15,5.48676642489189,0.34390379755140077,5.04747268032302,5.254400045849291,5.4824948695653335,5.716896157556588,5.932037343705114,15,0,1.0
WCU,Western Caro.,Southern Conference,2026,,17,5.49108137135734,0.3566455033948285,5.030547368272096,5.2476036978679295,5.492701532099385,5.732479373521753,5.948331563118365,17,0,1.0
NCAT,N.C. A&T,Coastal Athletic,2026,,15,5.4971159158682985,0.36149138283680854,5.033592193682505,5.249785500071534,5.494122902780791,5.741293823865282,5.965447660711841,15,0,1.0
PUR,Purdue,Big Ten,2026,,14,5.497501316935604,0.39650643907302774,4.987138272839634,5.232916144687826,5.49760715789094,5.765969178356822,6.009186148747438,14,0,1.0
SFA,SFA,Southland,2026,,18,5.499565366719493,0.31700089990235364,5.091593548795051,5.282990408280046,5.497700357697486,5.717515474722486,5.9075047580566435,18,0,1.0
TAR,Tarleton St.,WAC,2026,,15,5.503470618590492,0.3956068249552938,4.988622935418128,5.235508168561418,5.506894977559157,5.765385277790027,6.009487420256212,15,0,1.0
SIU,Southern Ill.,Missouri Valley,2026,,13,5.504659259915918,0.35698130595194083,5.051207241712028,5.259083519616639,5.506658605865265,5.742176129746585,5.968733898031088,13,0,1.0
MIZ,Missouri,SEC,2026,,17,5.5055266524540585,0.38531623548196203,5.016495621565146,5.246398260668888,5.497544456583222,5.76182620423242,6.007285116008929,17,0,1.0
SELA,Southeastern La.,Southland,2026,,17,5.505574433825311,0.34828340488551607,5.0600934560164275,5.268030700990733,5.503018860252142,5.7358776078428075,5.952564611229153,17,0,1.0
UCR,UC Riverside,Big West,2026,,15,5.509754479254507,0.35099499709668003,5.060553337645299,5.272359674225829,5.503539078063136,5.750431288449532,5.96015133122616,15,0,1.0
MICH,Michigan,Big Ten,2026,,15,5.510568892152519,0.32475300016784003,5.0967822005930605,5.290377404823378,5.507375166964938,5.7271181169222345,5.933338541466878,15,0,1.0
APSU,Austin Peay,Atlantic Sun,2026,,17,5.5118175913408125,0.31171886947855654,5.116736397806268,5.29830917487588,5.504962472966506,5.725015913696513,5.913711856122149,17,0,1.0
USF,South Fla.,American Athletic,2026,,15,5.513245653896736,0.4436337597633307,4.949292144136973,5.214763674845816,5.5074082985805575,5.808747052803547,6.083798406018537,15,0,1.0
ILST,Illinois St.,Missouri Valley,2026,,13,5.517875866601461,0.3587998360568685,5.057675338699379,5.270623284869217,5.512574684094104,5.764339406358016,5.978679957197017,13,0,1.0
MINN,Minnesota,Big Ten,2026,,11,5.521790241635976,0.3931518529233736,5.018722796396374,5.252437008363543,5.522429625243873,5.7855101112345775,6.026033180143667,11,0,1.0
STAN,Stanford,ACC,2026,,16,5.525350921220063,0.2917895728967645,5.152828228106196,5.328623538699741,5.526945607601536,5.72207870702851,5.900770221684066,16,0,1.0
BC,Boston College,ACC,2026,,16,5.525507191066243,0.3133492168657839,5.124183543176048,5.311883002015413,5.526573326548309,5.735432683186659,5.926197841997507,16,0,1.0
APP,App State,Sun Belt,2026,,16,5.528299464602343,0.40512221490505085,5.009250915730281,5.254571370459263,5.527192767322399,5.804950790611735,6.044356952260066,16,0,1.0
TNTC,Tennessee Tech,Ohio Valley,2026,,15,5.528683460893888,0.3431081606363292,5.085183492777932,5.30003777785625,5.525001240033244,5.759795346010744,5.973967243279903,15,0,1.0
CHSO,Charleston So.,Big South,2026,,13,5.530590155587992,0.40355384901328656,5.019644422252585,5.25636478838762,5.527403447286967,5.800346264310327,6.048110125323915,13,0,1.0
UML,UMass Lowell,America East,2026,,14,5.5306528739889345,0.39894539718551325,5.023908255516971,5.262587333958481,5.525527956430639,5.79703230667838,6.054011266113517,14,0,1.0
DAV,Davidson,Atlantic 10,2026,,13,5.5308415765017385,0.3339767388255038,5.101355165519298,5.302559508419317,5.526378225176638,5.758385552181938,5.956166926741459,13,0,1.0
JOES,Saint Joseph's,Atlantic 10,2026,,16,5.531792387232143,0.3497576217449654,5.083688372900095,5.295023390993988,5.530472561575294,5.765443381927644,5.980966991778707,16,0,1.0
TTU,Texas Tech,Big 12,2026,,19,5.533081035412836,0.3751040480362739,5.054537246969455,5.280304603375146,5.531821715558738,5.786146698691028,6.016179267681512,19,0,1.0
BING,Binghamton,America East,2026,,11,5.533803226584715,0.3377870022716146,5.0947744328703095,5.307023693390632,5.536107685433343,5.7614033151030375,5.972203816274583,11,0,1.0
HCU,Houston Christian,Southland,2026,,16,5.534916429505437,0.3105873981048242,5.130909048949607,5.323558305571149,5.535115655413813,5.7461343006279915,5.937119460342022,16,0,1.0
OMA,Omaha,Summit League,2026,,13,5.536024771311175,0.40408520000330433,5.020911050119798,5.263468477093623,5.529865165610731,5.80902817815017,6.055313223930678,13,0,1.0
MEM,Memphis,American Athletic,2026,,14,5.537589782661431,0.3158124077039381,5.134783772520209,5.322897914860237,5.538906824571296,5.749392630438429,5.939944274689475,14,0,1.0
MSM,Mount St. Mary's,Metro Atlantic,2026,,18,5.539814235737995,0.299534269861765,5.153755152102615,5.336615743967581,5.543322292775333,5.741457570609195,5.9214122215705265,18,0,1.0
HPU,High Point,Big South,2026,,15,5.540115879421048,0.3298953618289524,5.115395911417809,5.3201769384912225,5.540828909190659,5.7602051443926,5.960711046851471,15,0,1.0
CAL,California,ACC,2026,,16,5.546071457872643,0.4140766652334667,5.022138801034993,5.26598073180446,5.539811917296664,5.81874584550991,6.085560699090028,16,0,1.0
CIT,The Citadel,Southern Conference,2026,,15,5.546474545224915,0.4315200156150556,4.9921993634511335,5.251157738450106,5.541573068039623,5.832167923387267,6.1019305696158135,15,0,1.0
VAL,Valparaiso,Missouri Valley,2026,,13,5.5539070352902105,0.3472872557270646,5.104406098347849,5.3153605267321575,5.5530503299118426,5.790660246201133,5.998769320350899,13,0,1.0
IONA,Iona,Metro Atlantic,2026,,11,5.554135928467712,0.3921873646419481,5.0535014033535575,5.287362695497675,5.550556978399089,5.815655908632553,6.061091839535178,11,0,1.0
NICH,Nicholls,Southland,2026,,18,5.554596670338849,0.4247306782078541,5.013358449624988,5.26642633900374,5.552362647115315,5.83248926326198,6.097038683478095,18,0,1.0
USA,South Alabama,Sun Belt,2026,,14,5.55583083441,0.31035637162913404,5.164424166576358,5.344508278997521,5.553972750833779,5.769732286397179,5.955159373193676,14,0,1.0
NKU,Northern Ky.,Horizon League,2026,,14,5.5597055995376925,0.39042359633803997,5.053908954963714,5.294904250286963,5.560480905139732,5.822269030607214,6.059777718952174,14,0,1.0
GMU,George Mason,Atlantic 10,2026,,16,5.560935862840551,0.3537901492920505,5.102502956709573,5.324555668250228,5.557877246533177,5.802801019590832,6.016468791474402,16,0,1.0
DEL,Delaware,Conference USA,2026,,17,5.56155139634757,0.32579488966461856,5.143479155838623,5.3408384482836855,5.561416491173873,5.7829558172404845,5.980673980525508,17,0,1.0
ND,Notre Dame,ACC,2026,,13,5.562357541278409,0.36845411143774054,5.090151737178308,5.316675023130832,5.5586627519851675,5.8134233741394725,6.035875206197739,13,0,1.0
JVST,Jacksonville St.,Conference USA,2026,,15,5.562495867390407,0.3303791861477172,5.138406929450355,5.335616522991646,5.562585280017749,5.783821136140467,5.988012453859293,15,0,1.0
NIA,Niagara,Metro Atlantic,2026,,14,5.570026624903412,0.347216024740846,5.122553275060009,5.334452825625249,5.567835364894843,5.797728531721449,6.025963739302227,14,0,1.0
MAN,Manhattan,Metro Atlantic,2026,,15,5.570043616849632,0.41843838972653996,5.026974766093212,5.28553161770712,5.569593721453408,5.853979251944632,6.102389596561521,15,0,1.0
RICH,Richmond,Atlantic 10,2026,,18,5.5734316273270945,0.40740459407341856,5.054426903130458,5.295799511420096,5.572332826330664,5.848296389115339,6.102995479028314,18,0,1.0
USI,Southern Ind.,Unknown,2026,,22,5.574654323592533,0.3428269946955093,5.13459871482042,5.341236192127944,5.5718981157173335,5.804943409432449,6.017897010298297,22,0,1.0
CAN,Canisius,Metro Atlantic,2026,,12,5.584012918216744,0.43295316391962424,5.02585229608217,5.288758503470738,5.581883927718685,5.877162979301254,6.148254767756272,12,0,1.0
WICH,Wichita St.,American Athletic,2026,,13,5.5858260133978055,0.4356840640193378,5.023221087223769,5.280301544585031,5.579638637552632,5.8834109976107225,6.145726880927873,13,0,1.0
VILL,Villanova,Big East,2026,,13,5.58632564554425,0.3177137543302829,5.181277959247115,5.3747123940896735,5.585698163009079,5.796462234818824,5.997660116625927,13,0,1.0
QUIN,Quinnipiac,Metro Atlantic,2026,,13,5.591098848786128,0.28525270480262327,5.229723297160522,5.39766373494805,5.586437199484315,5.783857693462926,5.959492409967879,13,0,1.0
WASH,Washington,Big Ten,2026,,12,5.599942680691535,0.3420321450615603,5.162781726425994,5.367731224320149,5.599390774103693,5.834255023722852,6.0362829367843,12,0,1.0
MILW,Milwaukee,Horizon League,2026,,15,5.602780284029611,0.3786014358983246,5.119535800313016,5.347182964722307,5.601215701058983,5.856332089878579,6.0912426058113205,15,0,1.0
SHSU,Sam Houston,Conference USA,2026,,13,5.6067852966642775,0.3836397568698184,5.11269504358976,5.3424302804796255,5.611587653601829,5.866395115421048,6.095131840344315,13,0,1.0
LIP,Lipscomb,Atlantic Sun,2026,,12,5.607141246409957,0.4402162942459414,5.044330329857099,5.310072806817464,5.6063640760099425,5.897615403546676,6.173480072988309,12,0,1.0
PRES,Presbyterian,Big South,2026,,19,5.60984933585352,0.32545820796449726,5.191555185800304,5.392201227244886,5.60755905100315,5.831198783430144,6.0247899140515075,19,0,1.0
SLU,Saint Louis,Atlantic 10,2026,,14,5.614396352627009,0.48211761208600706,5.004397393874618,5.286045111699382,5.605113705747285,5.933634340611339,6.251532862231964,14,0,1.0
SDST,South Dakota St.,Summit League,2026,,15,5.6145081704519715,0.4572527887975939,5.033137046534693,5.303973158534682,5.611549968673521,5.9219497658710365,6.207799520306001,15,0,1.0
SEA,Seattle U,WAC,2026,,12,5.614650411291977,0.32520890653242296,5.199155967079436,5.396066300564316,5.615305206208262,5.832370813508323,6.0313858500387685,12,0,1.0
BEL,Belmont,Missouri Valley,2026,,15,5.619416630919426,0.36667086435346957,5.147179062957177,5.37717110557998,5.616973994496399,5.862354986842349,6.088641797079778,15,0,1.0
FOR,Fordham,Atlantic 10,2026,,16,5.619504936377166,0.3217252039155996,5.207577338277995,5.403938835554957,5.616939767648216,5.834546478967272,6.029709853263557,16,0,1.0
UAPB,Ark.-Pine Bluff,SWAC,2026,,12,5.6199284605794775,0.4658454999488593,5.022575348523226,5.294059218197935,5.621349821285591,5.928784724185237,6.213983043050656,12,0,1.0
FIU,FIU,Conference USA,2026,,17,5.620170397685254,0.34233572763364184,5.180762071968979,5.388173611782108,5.6204167052332,5.849829298430682,6.053551150727854,17,0,1.0
LOU,Louisville,ACC,2026,,17,5.622468298689378,0.3520655574139826,5.176139514507262,5.385959307661521,5.617451248501612,5.858963145773404,6.07650532354073,17,0,1.0
GASO,Ga. Southern,Sun Belt,2026,,17,5.626586181813709,0.38609307638059565,5.135439406589927,5.362460980013048,5.621058753742277,5.884152115455617,6.128081796669231,17,0,1.0
ULM,ULM,Sun Belt,2026,,16,5.629906547552088,0.43852778750207133,5.076612073860876,5.339626466673879,5.622276563630372,5.922161608506381,6.194631662813994,16,0,1.0
NDSU,North Dakota St.,Summit League,2026,,16,5.632566009035127,0.4261184975181996,5.090901449751255,5.342225814296356,5.628502547628425,5.9212330519437915,6.179390786295964,16,0,1.0
UTAH,Utah,Big 12,2026,,15,5.633370553066622,0.366376649552099,5.1570563187040666,5.38654311966223,5.63160085588377,5.880145985431308,6.097845764119453,15,0,1.0
BRWN,Brown,Ivy League,2026,,10,5.6416649000226675,0.4128487861197634,5.117911500008679,5.357616838122299,5.635856293879302,5.919718951658004,6.175171203710294,10,0,1.0
XAV,Xavier,Big East,2026,,17,5.643598099716299,0.30341348828700027,5.249969488568896,5.437944593991764,5.64709897005262,5.85032187934791,6.028412889927392,17,0,1.0
BRAD,Bradley,Missouri Valley,2026,,15,5.644498254128274,0.42458476910816684,5.104731870818004,5.354134977947803,5.638774648843294,5.930718183970223,6.190642249600444,15,0,1.0
INST,Indiana St.,Missouri Valley,2026,,16,5.6459741101107115,0.3476118277841013,5.203311554971751,5.407416303223879,5.644626873600153,5.878006747822928,6.098511611165461,16,0,1.0
KENN,Kennesaw St.,Conference USA,2026,,16,5.649283542202704,0.34569148750299056,5.20405145527791,5.419456924131476,5.650365618862834,5.88059426246652,6.08775608969846,16,0,1.0
UIC,UIC,Missouri Valley,2026,,13,5.6494645364679945,0.3127473014281492,5.253147732938875,5.437849199753276,5.649146273000687,5.859820647247877,6.05170028163076,13,0,1.0
NE,Nebraska,Big Ten,2026,,17,5.650592645170288,0.4452564117938676,5.085361595684468,5.346541781009853,5.645886153892867,5.94838199041402,6.231139958859669,17,0,1.0
AFA,Air Force,Mountain West,2026,,15,5.652847765175625,0.3464809897878623,5.214795729350582,5.4136842651110175,5.646738578905638,5.884446890819389,6.10284357732712,15,0,1.0
BYU,BYU,Big 12,2026,,13,5.659024777653894,0.4482078787843943,5.09155598640984,5.357435213403658,5.656736624395366,5.960164563993409,6.235620329409283,13,0,1.0
CMU,Central Mich.,Mid-American,2026,,14,5.664527343269255,0.34772400281252897,5.224981144172541,5.4212522564488115,5.661181503299899,5.894899004236066,6.113534654195462,14,0,1.0
WMU,Western Mich.,Mid-American,2026,,14,5.666090860634059,0.3405071275911613,5.2315692940058005,5.438362648338335,5.666079306467006,5.895014626886738,6.099083394367113,14,0,1.0
NU,Northwestern,Big Ten,2026,,12,5.6692379647768725,0.36040931707839347,5.206027362153984,5.423167943875912,5.663271290121303,5.908503130809214,6.1366205969242165,12,0,1.0
SAM,Samford,Southern Conference,2026,,15,5.677245787331351,0.40388810334094616,5.1558119430903915,5.404482220180276,5.676085627089739,5.947415115252317,6.186871380161394,15,0,1.0
PITT,Pittsburgh,ACC,2026,,12,5.678939798205804,0.2898638286037129,5.306201760954352,5.484933595314194,5.676655762211959,5.875546906733411,6.050423526745775,12,0,1.0
UMBC,UMBC,America East,2026,,13,5.679408851895552,0.39990944494532443,5.170399640747247,5.410669341029024,5.677786430854341,5.9495139305109905,6.186352503630886,13,0,1.0
LBSU,Long Beach St.,Big West,2026,,14,5.680438127625156,0.39413146846984637,5.178909950388318,5.408707932959773,5.6795077420580515,5.944822876440922,6.191462959306059,14,0,1.0
UNCA,UNC Asheville,Big South,2026,,14,5.685290106485834,0.36136194503247604,5.2220291426259315,5.43991677353783,5.6839278696638456,5.9303710516451,6.149737695046695,14,0,1.0
CSUN,CSUN,Big West,2026,,13,5.68818438375629,0.5445932989316753,4.994391325882099,5.318471853420027,5.680599026347642,6.058329352521522,6.391327788723627,13,0,1.0
HOF,Hofstra,Coastal Athletic,2026,,11,5.689662015551644,0.43149580390341247,5.138958670025179,5.393298401390172,5.687058385696455,5.9785299264005225,6.250921420759804,11,0,1.0
GRAM,Grambling,SWAC,2026,,12,5.691656265582738,0.4650265853598826,5.09715632228855,5.375058314463388,5.690343433083546,5.998495767615061,6.287581644896732,12,0,1.0
BGSU,Bowling Green,Mid-American,2026,,14,5.69789729358231,0.3027633299986392,5.31292180447331,5.491531739546753,5.696710450307464,5.8999512619199805,6.092586885103502,14,0,1.0
DAY,Dayton,Atlantic 10,2026,,14,5.702368471033953,0.49661916812732365,5.067525594972018,5.35529815926069,5.6934895288167,6.036955761469646,6.344464300142797,14,0,1.0
UNCO,Northern Colo.,Summit League,2026,,17,5.704084450068049,0.3370447823937275,5.276874207701787,5.475390121965259,5.702037849545668,5.930954884291922,6.139721855192782,17,0,1.0
MD,Maryland,Big Ten,2026,,14,5.706611633300377,0.35431974810219496,5.247418658192213,5.467736909188144,5.708829529905934,5.9437340945923545,6.161872822003694,14,0,1.0
COLU,Columbia,Ivy League,2026,,12,5.710318115867043,0.40842834713051723,5.188608148096996,5.430458670775987,5.7087876455469555,5.989149822993679,6.230563701114843,12,0,1.0
WSU,Washington St.,Mountain West,2026,,15,5.719280627140583,0.3715917604299536,5.247333020651149,5.469402431686454,5.716921935560514,5.9670612879035545,6.1936676401332145,15,0,1.0
BUCK,Bucknell,Patriot League,2026,,13,5.720000901377035,0.41871782222761755,5.186686977965899,5.436590069537083,5.714886580677906,6.003878827491577,6.252484625893601,13,0,1.0
STO,Stony Brook,Coastal Athletic,2026,,16,5.720134113293317,0.30198944874208244,5.335853473644818,5.511377914278062,5.719157461827349,5.923698840286807,6.111664165925563,16,0,1.0
SJU,St. John's (NY),Big East,2026,,16,5.720729090188672,0.333013868406367,5.296725989211906,5.490298632640402,5.717570985816142,5.947673129593886,6.156249840557023,16,0,1.0
W&M,William & Mary,Coastal Athletic,2026,,14,5.725149517324938,0.43296792596234773,5.170498374470523,5.429757462032612,5.723630239987258,6.013945670049913,6.281874064666017,14,0,1.0
NMSU,New Mexico St.,Conference USA,2026,,15,5.7283902666199715,0.3698799459256237,5.254701156010274,5.471602000910568,5.725080887961564,5.981116488434253,6.211140840587886,15,0,1.0
JKST,Jacksonville St.,Conference USA,2026,,12,5.734536914251102,0.5620249433275191,5.016385586676541,5.350521550390829,5.731563031454243,6.116225567140525,6.454874209671634,12,0,1.0
STBK,Stony Brook,Coastal Athletic,2026,,14,5.738513232155778,0.40959009219201126,5.2123449211452355,5.461598560703048,5.736663217879153,6.010380119946193,6.266790138069688,14,0,1.0
UTU,Utah Tech,WAC,2026,,14,5.7387863630642935,0.3230392404402385,5.323337662407294,5.519394386361694,5.736548860087205,5.959618686212467,6.154312253827486,14,0,1.0
LAF,Lafayette,Patriot League,2026,,16,5.747041515657236,0.3160868745308068,5.342424997607583,5.535459846332894,5.741543512491605,5.957352964390162,6.149715157264996,16,0,1.0
UAB,UAB,American Athletic,2026,,14,5.747249097815789,0.3726033491750966,5.269054109727553,5.4934819605020975,5.74518433547726,5.999105536687701,6.225430964943072,14,0,1.0
URI,Rhode Island,Atlantic 10,2026,,15,5.758638906574843,0.2862925734469776,5.396028832545396,5.562135348573202,5.753174207934152,5.95223317133534,6.1314191304899115,15,0,1.0
PSU,Penn St.,Big Ten,2026,,15,5.761038230042889,0.29123160071038123,5.391651102676247,5.56369796565304,5.7571431787100655,5.953601491052217,6.136342258720499,15,0,1.0
COR,Cornell,Ivy League,2026,,13,5.766765640906857,0.34386076595920717,5.329164405726372,5.5356042721657825,5.7697766951590825,6.001125958582713,6.204745094369437,13,0,1.0
EKU,Eastern Ky.,Atlantic Sun,2026,,16,5.767243475568143,0.3889261662877457,5.268072502095357,5.505343571271412,5.768950874952088,6.028227893204557,6.268106502582159,16,0,1.0
OAK,Oakland,Horizon League,2026,,16,5.769289921414372,0.3679646270029751,5.301143143338919,5.517788150552782,5.764808447798065,6.018786013618356,6.243162124911325,16,0,1.0
SHU,Seton Hall,Big East,2026,,14,5.7746772678696745,0.3768451785474967,5.2939464059846415,5.51708032276393,5.776908769848471,6.0306459153506795,6.258745132456291,14,0,1.0
NJIT,NJIT,America East,2026,,14,5.774867868941397,0.34754951006546053,5.334572305872373,5.539054431243515,5.771698113266623,6.007442278845204,6.219977126249972,14,0,1.0
SOU,Southern U.,SWAC,2026,,17,5.775350562588518,0.4311910451637403,5.226352538899079,5.476018396388464,5.776105797648208,6.065043457184198,6.3229026586542325,17,0,1.0
UTM,UT Martin,Ohio Valley,2026,,16,5.790977618231393,0.4498300898518204,5.216381942895674,5.483756254882091,5.7839007624088286,6.0980155233176845,6.370891160878023,16,0,1.0
MSU,Michigan St.,Big Ten,2026,,12,5.811345234191595,0.3736546660991066,5.335165980339822,5.559936876105017,5.808860141777899,6.060326523771128,6.294955101581929,12,0,1.0
RID,Rider,Metro Atlantic,2026,,11,5.812377888835523,0.29798092725558445,5.427663501820653,5.610410352572739,5.812286494059014,6.010713661637899,6.194696121401485,11,0,1.0
WAG,Wagner,Northeast,2026,,17,5.816093761793016,0.4568148866887038,5.23321090435846,5.501494471706177,5.81810773677854,6.1155421052744074,6.39878473932492,17,0,1.0
UNH,UNH,Unknown,2026,,13,5.816350077426798,0.6611843602190932,4.956796933106373,5.3811914526994755,5.820760831904472,6.263454532781601,6.669329581188225,13,0,1.0
UNA,North Ala.,Atlantic Sun,2026,,16,5.826917197309001,0.3441879824932905,5.388011157733357,5.595230202978835,5.827049332327404,6.056155473814871,6.2634386269308315,16,0,1.0
HARV,Harvard,Ivy League,2026,,9,5.838369913899839,0.524868868977635,5.165213577975116,5.486325927834372,5.8360397249029905,6.194408207045846,6.509473430590683,9,0,1.0
NORF,Norfolk St.,Northeast,2026,,14,5.8508834974342765,0.3468845877565897,5.412098635063421,5.617876097829733,5.852163684454015,6.08398265409196,6.290754204121384,14,0,1.0
UIW,UIW,Southland,2026,,17,5.854622777137752,0.43771309021128607,5.293822786752513,5.559750716431881,5.853333004922439,6.150548547235094,6.421780995237334,17,0,1.0
TOW,Towson,Coastal Athletic,2026,,11,5.8591055057057835,0.40136797218886194,5.346582002827502,5.588210340153633,5.860732442779121,6.12824897495369,6.37265633398472,11,0,1.0
QUC,Quinnipiac,Metro Atlantic,2026,,14,5.868194011262391,0.40263175362072245,5.354095700384197,5.594830421392458,5.8666567038828354,6.135916663518886,6.386677925274282,14,0,1.0
UNO,New Orleans,Southland,2026,,23,5.869019866013469,0.4253103825294207,5.329756444783074,5.575697336655038,5.870021379619354,6.157552028897051,6.419559350780043,23,0,1.0
FDU,FDU,Northeast,2026,,9,5.872872346191643,0.4536927851624628,5.287142279403571,5.562342541364937,5.876214864216362,6.174405169403873,6.45403123935572,9,0,1.0
COPP,Coppin St.,Northeast,2026,,12,5.879597966109889,0.45722672248064666,5.297509763353082,5.571047376742588,5.875835180125529,6.187576480776403,6.465556006402423,12,0,1.0
MERC,Mercer,Southern Conference,2026,,10,5.88177701741064,0.7964562872335231,4.853634107628912,5.343806877582647,5.8588460505846545,6.424489211638347,6.898408814063887,10,0,1.0
PV,Prairie View,SWAC,2026,,14,5.883467694635917,0.5074861102957198,5.2386690749844105,5.535554802317879,5.876433919718473,6.234471183797937,6.536299648988301,14,0,1.0
YSU,Youngstown St.,Horizon League,2026,,16,5.887474740661776,0.28065781004981194,5.524494616316961,5.691736112346253,5.887083058618737,6.078597340225457,6.24869569211835,16,0,1.0
OHIO,Ohio,Mid-American,2026,,16,5.892345431715174,0.4221360455858195,5.3518092435600355,5.609032311292203,5.886647376177908,6.173838592602452,6.432305268201938,16,0,1.0
OSU,Ohio St.,Big Ten,2026,,18,5.893677265898675,0.36043964654534516,5.430157721056283,5.650657019180536,5.890044598803158,6.133427907678723,6.3544800278477185,18,0,1.0
PRIN,Princeton,Ivy League,2026,,8,5.899466447510404,0.38641120296343046,5.409988136244156,5.634330561788125,5.897094991436843,6.15592972425605,6.400941593655373,8,0,1.0
MASS,Massachusetts,Mid-American,2026,,11,5.905149583284052,0.4424757523762457,5.341336454014584,5.602785591898739,5.903986312763218,6.2051967871117775,6.477515383763577,11,0,1.0
VMI,VMI,Southern Conference,2026,,12,5.907967610535804,0.40990248781339406,5.384463004069075,5.63276641994435,5.901648006239057,6.187545288917587,6.426681964234647,12,0,1.0
LEM,Lehigh,Patriot League,2026,,13,5.910287041289901,0.5349887348821589,5.234410070469555,5.5493990995416,5.904312686320895,6.259762117017078,6.609218278277265,13,0,1.0
SBU,St. Bonaventure,Atlantic 10,2026,,14,5.9158947939589925,0.4084926958180816,5.399333799303953,5.637208631432708,5.916253453451174,6.179576231584635,6.437047770440408,14,0,1.0
WIU,Western Ill.,Ohio Valley,2026,,13,5.930466055516714,0.36516366768283953,5.464114095664013,5.68084046173392,5.927842126827915,6.177805670818965,6.407059078086373,13,0,1.0
EMU,Eastern Mich.,Mid-American,2026,,15,5.951310278889418,0.38999108156387696,5.450804463735568,5.684016517331269,5.953622293651114,6.218200526498066,6.452582276067741,15,0,1.0
MVSU,Mississippi Val.,SWAC,2026,,18,5.958405200062853,0.40666033837944754,5.436757911536696,5.6808270176883875,5.958419303968098,6.233855203254132,6.481516000352157,18,0,1.0
DSU,Delaware St.,Northeast,2026,,15,5.961432378460294,0.3393507738555317,5.526093041199048,5.730955203017818,5.955555094162007,6.189335004605973,6.404933633059938,15,0,1.0
AKR,Akron,Mid-American,2026,,16,5.972161397762143,0.43781747118925046,5.404433631620487,5.673364266046117,5.97079055333225,6.27074521611748,6.537448049176718,16,0,1.0
MRMK,Merrimack,Metro Atlantic,2026,,16,5.989427689466206,0.35914097673223605,5.526476455083968,5.740148179785596,5.988973385765977,6.233996717977567,6.454920319681661,16,0,1.0
AAMU,Alabama A&M,SWAC,2026,,14,6.003846617029906,0.376813972635893,5.521164619935177,5.747155186464371,6.004742317503536,6.256147819873652,6.486298319309926,14,0,1.0
BUT,Butler,Big East,2026,,14,6.011522824102126,0.3966795533846101,5.501624923361083,5.747879732919634,6.009172056221576,6.279571979664297,6.524125526227531,14,0,1.0
SIE,Siena,Metro Atlantic,2026,,17,6.083732792622528,0.40326493271526187,5.562744934533849,5.807207364655812,6.080181597874764,6.351256083519419,6.6030715322913025,17,0,1.0
MORE,Morehead St.,Ohio Valley,2026,,16,6.0859415323366495,0.412484882898483,5.565788544789719,5.804309688001341,6.083538592549875,6.3624466325229445,6.617120214877662,16,0,1.0
BELL,Bellarmine,Atlantic Sun,2026,,17,6.11973930223715,0.3502143053680583,5.674810961263733,5.881199477783015,6.116287652651394,6.359552895661003,6.5701006997650895,17,0,1.0
SPU,Seattle Pacific,Unknown,2026,,13,6.147387431651565,0.4668909303937336,5.5490665943936754,5.827442637409464,6.141012038802307,6.457172375908995,6.751394788996255,13,0,1.0
TXSO,Texas Southern,SWAC,2026,,9,6.185879718687506,0.49110207117168403,5.559533728312152,5.854810961494037,6.184014216312019,6.510123335565449,6.8156342726027725,9,0,1.0
ALCN,Alcorn,SWAC,2026,,14,6.364475453026345,0.45678539583289,5.780083039624334,6.050140134343209,6.359034144051892,6.671280758673172,6.948658812386359,14,0,1.0
UMES,UMES,Northeast,2026,,11,6.367049799316792,0.48848150780501437,5.737110078628262,6.027284732085264,6.367352314438666,6.6991565136394815,6.99195196116879,11,0,1.0
