rank,team,season,week,n_pitchers,fip_mean,fip_std,fip_p10,fip_p25,fip_p50,fip_p75,fip_p90,n_returning_pitchers,n_unknown_pitchers,ip_coverage
1,ORST,2026,,13,4.998772431461642,0.33960647184949,4.56869518453446,4.770484908497774,4.992619440305257,5.2255800513174515,5.434677302318568,13,0,1.0
2,TEX,2026,,11,5.022238280012321,0.3302649513605651,4.597460769558486,4.795108511629756,5.021052573668012,5.2517092568341806,5.440445704137974,11,0,1.0
3,UCSB,2026,,9,5.068027675206562,0.429101581141267,4.528075531435255,4.770996265423792,5.059298991870872,5.361005797051539,5.628837800056391,9,0,1.0
4,UK,2026,,14,5.146742221413805,0.3501856510567756,4.702001002595759,4.907177652008965,5.143454949995155,5.382729783890436,5.597225090725993,14,0,1.0
5,ARK,2026,,12,5.183771026936191,0.4254100841738448,4.634743767934102,4.897723110031414,5.18218368756763,5.465423583212107,5.730578493651094,12,0,1.0
6,TA&M,2026,,9,5.199220219414501,0.44330395985571924,4.636124864265628,4.8990910361502324,5.1948416652846525,5.500020995341708,5.7653613269893915,9,0,1.0
7,FLA,2026,,13,5.2205330381301565,0.3305342817352705,4.7964386046311525,5.000719546524148,5.2197403945672365,5.438943259711453,5.64642948369509,13,0,1.0
8,TENN,2026,,12,5.24805006603081,0.3550003354244497,4.790817519892514,5.009872978698058,5.24907102701881,5.489098126270259,5.703214337616634,12,0,1.0
9,RGV,2026,,15,5.2570769937894495,0.3601385421159339,4.798818400613642,5.013504273014452,5.251694068574345,5.50481609079135,5.723366887403153,15,0,1.0
10,KSU,2026,,13,5.271794259908251,0.3441952850188903,4.834346069037484,5.037290987201853,5.268999421614799,5.504964603157819,5.71392354809429,13,0,1.0
11,ARIZ,2026,,13,5.303642298678528,0.3336684829625213,4.880090537326555,5.075174229171443,5.300569293675995,5.526553787851801,5.7307734410726905,13,0,1.0
12,UNC,2026,,13,5.304835591284529,0.3267778640431162,4.8835257166299355,5.087444239092293,5.306080937097122,5.523127356730834,5.71975621962851,13,0,1.0
13,ASU,2026,,15,5.317399405115903,0.31805810158343045,4.913801981973324,5.106116329143088,5.312160565372345,5.5300525129947875,5.723036503918452,15,0,1.0
14,AUB,2026,,15,5.3206791238193025,0.3597814067651266,4.86538179324307,5.074143918425712,5.32047536712008,5.560383620526055,5.780262017964681,15,0,1.0
15,MRSH,2026,,11,5.3448778135409025,0.3998571809846564,4.840085729239924,5.074356777979215,5.337501250663781,5.613092691743757,5.865696155869533,11,0,1.0
16,UCI,2026,,10,5.347133854934101,0.3744790854475999,4.866043669540906,5.096469339939365,5.350499594573105,5.597042560578055,5.822094541263166,10,0,1.0
17,CIN,2026,,12,5.348563277589342,0.32040820676910553,4.9370848470141615,5.13901272625896,5.346551482481709,5.561833557332232,5.757386225879765,12,0,1.0
18,USM,2026,,13,5.351725002764121,0.38680891445321514,4.862051985458088,5.090173885387113,5.3504921557615805,5.612031013823903,5.848608278648328,13,0,1.0
19,SC,2026,,15,5.36148366141577,0.3376043272271254,4.933403272230329,5.13459573348098,5.3590732445888705,5.591473019195037,5.797936342157979,15,0,1.0
20,TCU,2026,,14,5.361853903283486,0.3589038999382338,4.904173470107052,5.117530827626319,5.359627152830809,5.604932783362668,5.823919483771438,14,0,1.0
21,ALA,2026,,15,5.376350642579838,0.29881662290889616,4.993039904191857,5.1761343442488466,5.378075252027967,5.577526349011625,5.7560186915547105,15,0,1.0
22,UGA,2026,,14,5.377656395163981,0.3198093163604318,4.97071752744425,5.161648703503006,5.375840529366578,5.593217777832571,5.788581808762797,14,0,1.0
23,SEMO,2026,,13,5.402454358644294,0.36437433511988543,4.935116745048236,5.157974635639594,5.3960031177986725,5.649125699535876,5.87359176213267,13,0,1.0
24,LIB,2026,,8,5.40513733370922,0.3859429871856174,4.920568798036598,5.147776997625439,5.405774355583894,5.663774625601288,5.897118186238061,8,0,1.0
25,OU,2026,,15,5.406697033285092,0.34372560027179666,4.968984633485998,5.17430754365234,5.4045707793983535,5.638978775890819,5.851209299367697,15,0,1.0
26,FSU,2026,,12,5.407020664182014,0.36520407773912555,4.94135655593509,5.158435994715564,5.406036529904232,5.654129481890486,5.875548546705788,12,0,1.0
27,MISS,2026,,15,5.4090337156198975,0.3477366512559906,4.967263918240342,5.172954489261988,5.405032514115039,5.64023347348939,5.861016736197352,15,0,1.0
28,RUTG,2026,,13,5.409661297693057,0.3534325947434258,4.957806977494961,5.167858051796588,5.410370064184935,5.647653353727921,5.865685910353692,13,0,1.0
29,MSST,2026,,17,5.41073223203275,0.3351709884853982,4.982932501306953,5.185153362534067,5.407794007219613,5.632715613153451,5.84000234757752,17,0,1.0
30,KENT,2026,,13,5.415827234548706,0.3657032058819363,4.953620728553875,5.171724285276435,5.410861708333197,5.660709460225785,5.883323628429825,13,0,1.0
31,VT,2026,,12,5.418726947021788,0.3577767226524904,4.959434110933508,5.177616130491838,5.4192729907849415,5.66332530195808,5.869066930265229,12,0,1.0
32,VAN,2026,,16,5.423210421495758,0.33329214330538653,4.993016249417523,5.1932634392521795,5.424075176157416,5.649740718646035,5.850881063145847,16,0,1.0
33,IU,2026,,15,5.430236754960883,0.31804644972081064,5.015266235312871,5.216429878067859,5.4329936793115925,5.645129754458169,5.832592449388816,15,0,1.0
34,GT,2026,,17,5.451256874042824,0.3336408598242896,5.024765575485026,5.22228374819327,5.449076040844185,5.678930725242232,5.882587069327337,17,0,1.0
35,CLT,2026,,16,5.45591702423775,0.32987321683117415,5.034121051406656,5.235625105302409,5.456349111649828,5.677223445589824,5.879996003141403,16,0,1.0
36,USC,2026,,11,5.457520160555641,0.38517652285546833,4.964651926366845,5.201144323014982,5.461143229116319,5.713640085276679,5.949433924559482,11,0,1.0
37,OKST,2026,,10,5.461613460572691,0.40129357508437,4.94543208642249,5.188350050412313,5.461658887403756,5.7315245319644115,5.981804024123276,10,0,1.0
38,CCU,2026,,10,5.464884987676587,0.40444265361278947,4.946262903081132,5.190554400648839,5.464999855340194,5.73510996864041,5.9780705300104495,10,0,1.0
39,MIA,2026,,13,5.479604845906693,0.4015317990968134,4.963724620106979,5.203325871219124,5.4762331994032465,5.755026323569758,5.999783984744309,13,0,1.0
40,UCLA,2026,,14,5.48513803795733,0.3325743823768341,5.059757121575411,5.26275625605471,5.479050245730541,5.708824229973362,5.915884761449902,14,0,1.0
41,LT,2026,,15,5.486544894878746,0.3248252741021391,5.071420902382737,5.266152064138456,5.4880801823124985,5.708919037247957,5.904073772027772,15,0,1.0
42,CONN,2026,,14,5.495153050870709,0.3527220150591592,5.043057230039492,5.258993281283847,5.494694648164702,5.732161953109898,5.951457842697202,14,0,1.0
43,FGCU,2026,,14,5.503669433661813,0.371041293250213,5.028464743635626,5.252577447632561,5.504685591854367,5.751569109489284,5.977111144656471,14,0,1.0
44,ARMY,2026,,9,5.510477091661561,0.45216174470908194,4.938639623605082,5.20481366439342,5.503429703512405,5.8128099944520875,6.088264702850811,9,0,1.0
45,MOST,2026,,13,5.514677623765562,0.37924882145857497,5.025951015919431,5.262671318473483,5.516327258362416,5.768520511397067,5.997719159701627,13,0,1.0
46,UTSA,2026,,13,5.515565073193546,0.3847539357447614,5.024875724032431,5.257658489031764,5.511617474206051,5.776129545438506,6.010421808032686,13,0,1.0
47,WOF,2026,,9,5.520674519843717,0.4213546609105233,4.981473829033151,5.23493197143965,5.524766205246741,5.803366771020499,6.056194980621941,9,0,1.0
48,CP,2026,,9,5.521648022672326,0.39540093706455137,5.009682139276037,5.253939721731588,5.517645732426601,5.788851356083961,6.027796157714432,9,0,1.0
49,VCU,2026,,12,5.52634453996216,0.3492230441019146,5.0833254366009015,5.289199660077982,5.531490832224587,5.754990605854658,5.968093963354689,12,0,1.0
50,ECU,2026,,15,5.530394287946747,0.3114169506103859,5.134802893308007,5.320715358664929,5.529283232774632,5.740277633784101,5.9352520458476485,15,0,1.0
51,GCU,2026,,12,5.538201574521088,0.3718566442062006,5.064318575309524,5.285670232929839,5.532711141171157,5.782857844234173,6.028856319428532,12,0,1.0
52,CLEM,2026,,13,5.539994565207546,0.3927781999195257,5.033581619734357,5.274894473118004,5.53900996480952,5.8025028405148795,6.044839441728686,13,0,1.0
53,ARST,2026,,13,5.542440417666426,0.37556752912384356,5.061246693865495,5.293629386582522,5.539868687612005,5.794976551560389,6.024695344056468,13,0,1.0
54,USD,2026,,11,5.543002178426171,0.35051013474733256,5.091194584884186,5.3014089924568655,5.540426436942495,5.785058008553094,5.9926805281196245,11,0,1.0
55,CREI,2026,,10,5.5498746013980575,0.4021205260331742,5.02915805487868,5.281430304557527,5.550728865598151,5.820722779256313,6.0652537457698354,10,0,1.0
56,GONZ,2026,,11,5.5561145807154,0.38721917910500603,5.05955977015405,5.297380961938278,5.556763370529694,5.8136980192510395,6.0546139312762906,11,0,1.0
57,WRST,2026,,13,5.562203673796952,0.362530917333478,5.100504593875805,5.316075245405935,5.5533451267351985,5.805253916921265,6.032874833314575,13,0,1.0
58,APSU,2026,,15,5.574570619793715,0.34704363770732805,5.125468812072203,5.333924783216687,5.571939167926034,5.809070455524719,6.021836737490674,15,0,1.0
59,NCSU,2026,,10,5.576031192360821,0.3760350911057041,5.096046932422609,5.325284448232497,5.573342774384615,5.823479316989391,6.062975124287841,10,0,1.0
60,HALL,2026,,7,5.584755487868657,0.5183581376588491,4.921780101547706,5.230400670713372,5.584000088757554,5.932068066569699,6.251162049163199,7,0,1.0
61,HOU,2026,,13,5.584907140248559,0.35237061500215394,5.130658035630293,5.3429720455381835,5.5879725539348915,5.820033078365103,6.0416530634799415,13,0,1.0
62,SJSU,2026,,14,5.588488110515852,0.31957214169299913,5.177966193645662,5.365053835606012,5.590965872438613,5.8067052897721965,5.999166654089939,14,0,1.0
63,BAY,2026,,14,5.592876751156807,0.3588693946983927,5.1383906658178375,5.356047179496808,5.586937995548837,5.83094188560592,6.062225812434396,14,0,1.0
64,UCD,2026,,14,5.596031691332269,0.36131833907761807,5.134132260593846,5.352748784421454,5.595165959712684,5.835281726928271,6.059866398361016,14,0,1.0
65,ILL,2026,,15,5.5960689713114204,0.3296303393056882,5.174891391139276,5.372474318746028,5.596281958641333,5.821092477627677,6.014105899536459,15,0,1.0
66,UNM,2026,,12,5.596396702337725,0.38684892278670335,5.103572026308681,5.33446536581596,5.596319828154563,5.859283463841437,6.096679238443909,12,0,1.0
67,ORU,2026,,11,5.596637890769498,0.3632972386324612,5.132549255662406,5.3480398466970005,5.599594847858503,5.840515281662531,6.062414279426629,11,0,1.0
68,WAKE,2026,,13,5.598663892048401,0.38296336802222636,5.104583375420542,5.345218786557968,5.598159225763904,5.859858930606351,6.089485181871961,13,0,1.0
69,MER,2026,,17,5.5988566098824055,0.3403079929218597,5.166842661130557,5.362212128554839,5.5964854869001766,5.828881880950071,6.037544471690761,17,0,1.0
70,CBU,2026,,13,5.60318665695653,0.3724673085892565,5.123149066794131,5.355750066571405,5.602050012247448,5.85674003517647,6.077905609406252,13,0,1.0
71,NWST,2026,,14,5.604114631043947,0.35335667751067534,5.151101019420202,5.367341705879674,5.603727143838655,5.845204441764061,6.049859290902945,14,0,1.0
72,UNCW,2026,,12,5.611245269976818,0.38502057786122595,5.1132690513031145,5.353791172046913,5.611848642702018,5.869835352699225,6.105406102328935,12,0,1.0
73,ODU,2026,,14,5.612000079790469,0.34839589067569166,5.167430641297698,5.375997042836664,5.609253394017838,5.846420255798758,6.066539462128278,14,0,1.0
74,WVU,2026,,12,5.615108774713146,0.378771368095911,5.132628526460493,5.359276747398681,5.611904326767739,5.869884334418379,6.100819919993333,12,0,1.0
75,MCN,2026,,17,5.6188537533252445,0.3509376326941377,5.1719038408459,5.379953153127931,5.615955539892202,5.8573320513087195,6.06999251540441,17,0,1.0
76,UVA,2026,,17,5.6202851096054935,0.34186387623819703,5.18073653686761,5.390797321727451,5.617920037385685,5.853012490907154,6.064119026879653,17,0,1.0
77,LSU,2026,,17,5.622515869280952,0.3468917113184919,5.172660342948962,5.386862355712855,5.624424928681414,5.858130339042894,6.064094031770518,17,0,1.0
78,BING,2026,,8,5.622524570333793,0.42270173271434236,5.078068445428454,5.331724303346138,5.61971740252993,5.907273095366944,6.162211486784865,8,0,1.0
79,TROY,2026,,15,5.6289923732917435,0.35423394575498895,5.1760014311418265,5.39068296193115,5.6270374127053255,5.867535093758922,6.088862718713895,15,0,1.0
80,TOL,2026,,10,5.629257736710254,0.44771983532125786,5.062679274950874,5.3283450339352445,5.626526476701498,5.9278504246620365,6.211305554621786,10,0,1.0
81,UL,2026,,12,5.631110104406441,0.3813609415576862,5.1404082775077224,5.375628990468262,5.631468517835517,5.890349476253943,6.117691013705465,12,0,1.0
82,TULN,2026,,13,5.631806198143277,0.37667187405662883,5.150901525640707,5.373938089883083,5.629438121877067,5.886437941244472,6.1208944789052095,13,0,1.0
83,CSUF,2026,,17,5.632157213590641,0.35733698974943806,5.172668150796856,5.389173139330258,5.629872922995602,5.87443838535078,6.086558132198467,17,0,1.0
84,BALL,2026,,14,5.633088937827022,0.34142031272261575,5.194666169039793,5.402924473732695,5.630580279977982,5.863614875652343,6.077280349374129,14,0,1.0
85,LIN,2026,,11,5.633443677327909,0.3694917151915358,5.161302023024309,5.386951452017166,5.636445537578252,5.881415255373528,6.104285818347687,11,0,1.0
86,IOWA,2026,,17,5.6353339607212325,0.35676150839012233,5.175447018506151,5.39914064506372,5.636377499713112,5.875874914788042,6.098036604581364,17,0,1.0
87,NEB,2026,,15,5.635691462596116,0.3699760469214521,5.160963599303125,5.385865934282051,5.6385134680558275,5.881808310138773,6.105553697566571,15,0,1.0
88,ME,2026,,11,5.641014830674963,0.41088695463199126,5.114310350166887,5.359640843357854,5.636355512129404,5.917513795325741,6.17239011426871,11,0,1.0
89,ORE,2026,,15,5.642583852029835,0.34637243238773174,5.194666302519172,5.407398252641348,5.646059761527862,5.876880708507853,6.086380434321276,15,0,1.0
90,MUR,2026,,17,5.645626661834517,0.36101948397390715,5.181487707604615,5.403695936109388,5.640693067406264,5.886291471135831,6.115105662275785,17,0,1.0
91,MRST,2026,,12,5.646697074901739,0.37184272068697927,5.167747740002097,5.391607456471009,5.6462429440037685,5.897434445009132,6.127247789028876,12,0,1.0
92,CAL,2026,,16,5.646915678967416,0.3732081759947224,5.161135449465401,5.3920097358869485,5.649104362823247,5.900387072420093,6.124959616632311,16,0,1.0
93,DUKE,2026,,15,5.649178927850636,0.34609910033320596,5.209224686196903,5.410976183246705,5.646053891686184,5.881368628414792,6.096305412543936,15,0,1.0
94,HAW,2026,,13,5.653608053434922,0.35636449551430593,5.198053830669818,5.416022724401787,5.652373320317107,5.893220544723304,6.112285990891602,13,0,1.0
95,CAM,2026,,14,5.6549457275858055,0.35335124941585583,5.200246691766638,5.419001512702765,5.6560158403642475,5.89926333081053,6.101678605822102,14,0,1.0
96,MINN,2026,,11,5.658415898683083,0.4137398775621233,5.125904997596271,5.375612258869106,5.661077877871639,5.942430804089071,6.191287886426494,11,0,1.0
97,UNF,2026,,15,5.661491532627523,0.38375877228449434,5.161204445000871,5.40267496542381,5.663621511231696,5.916111156167762,6.152439015223649,15,0,1.0
98,SAC,2026,,15,5.663859917023168,0.3344763065732696,5.234102793087446,5.44152550971646,5.660472319575696,5.885408421696277,6.096594408908354,15,0,1.0
99,SELA,2026,,17,5.667717237191567,0.3429185787851273,5.233248832811108,5.436084619002047,5.665432448417919,5.89403527578372,6.118464092035396,17,0,1.0
100,STAN,2026,,16,5.668824189880045,0.3225309491451296,5.259806130902026,5.447517016750547,5.666550197931966,5.891145545942848,6.085841045183747,16,0,1.0
101,MEM,2026,,13,5.669981335664465,0.3506784041501612,5.224918642128747,5.433732446413295,5.667181431057369,5.904806028272564,6.12556231185407,13,0,1.0
102,NAVY,2026,,11,5.670059927417763,0.37313612883836617,5.186717420828863,5.415314799346163,5.67049272138358,5.92147016773689,6.150001744585214,11,0,1.0
103,MICH,2026,,10,5.670990728422512,0.39723438127016286,5.164723127325483,5.402524280636971,5.668329021956989,5.941280453052604,6.183868738463479,10,0,1.0
104,BRY,2026,,13,5.67120937489606,0.4063490473563022,5.138906325836944,5.397198680208892,5.6721923055570045,5.943903877685614,6.197040671502603,13,0,1.0
105,JOES,2026,,9,5.671986234749321,0.442215800577996,5.116882134466536,5.364419926951535,5.663361449985395,5.967058528517482,6.248839462546299,9,0,1.0
106,STET,2026,,16,5.674331938985443,0.34480012431801266,5.235411085721171,5.441708728243829,5.671948569883959,5.906357412477314,6.116203745163627,16,0,1.0
107,KENN,2026,,12,5.674751336225942,0.3645391980539897,5.209144958212359,5.429107719712514,5.672586478535422,5.918832952308287,6.142482746382302,12,0,1.0
108,DBU,2026,,14,5.676686104437784,0.3763831591113145,5.194932247091428,5.424125837101597,5.678015652881781,5.933095153473302,6.15260599260611,14,0,1.0
109,UCF,2026,,12,5.679150186055274,0.35851238612736347,5.213634675844128,5.4398410229595395,5.67790344891179,5.918351907089546,6.137677922543109,12,0,1.0
110,PAC,2026,,11,5.683129740929883,0.37985414088759584,5.201379334421895,5.432235875723599,5.676731741168767,5.937160667650884,6.16669814274304,11,0,1.0
111,UTA,2026,,11,5.68483216970653,0.4109024294814588,5.148648536637575,5.407861285769456,5.689022221470434,5.96856123771826,6.210869724981296,11,0,1.0
112,UCR,2026,,13,5.687836243195001,0.3854143049685671,5.193932906891448,5.4306735806295,5.688305009927424,5.946357578772353,6.179956824273391,13,0,1.0
113,TXST,2026,,17,5.688064949579368,0.3461400450231382,5.247302794583636,5.450501758790735,5.688342630663943,5.9227163822098134,6.1316907622262615,17,0,1.0
114,FRES,2026,,11,5.690050926475499,0.42619025611055117,5.150342645937434,5.404222084660217,5.692949325583194,5.9766306177995805,6.231574386955008,11,0,1.0
115,NIU,2026,,13,5.690167611353344,0.3679527092683424,5.217995529813794,5.444352481761059,5.693224452186519,5.940115504785839,6.162693603814452,13,0,1.0
116,UVU,2026,,16,5.690726050544683,0.3572220987306825,5.235585746212245,5.450163612962967,5.686438386811386,5.92953712240541,6.151313124793111,16,0,1.0
117,GAST,2026,,15,5.693515546433642,0.3538360672751459,5.238481710435811,5.454525629145665,5.695987000513638,5.931636335409218,6.142820344745969,15,0,1.0
118,WKU,2026,,15,5.693999306984353,0.3486088335874337,5.241501651245175,5.456507995706895,5.6929586980489475,5.9309181070498305,6.139419813828378,15,0,1.0
119,SCU,2026,,18,5.695528763979594,0.3376029797952188,5.270293696695991,5.462361765057329,5.695063053487981,5.923001787478562,6.1248751136037285,18,0,1.0
120,PORT,2026,,11,5.700895067675239,0.38993353892615534,5.200371060451335,5.437662410100881,5.699378678483061,5.968596863583152,6.20441924057561,11,0,1.0
121,NEV,2026,,11,5.702380645048724,0.41632300274582207,5.166001057462922,5.425728498970007,5.708570508232344,5.981777655138949,6.235827415167349,11,0,1.0
122,APP,2026,,16,5.7035792329238655,0.3865957415478357,5.207233336497997,5.444282600573822,5.703344592033395,5.9662135660646065,6.2036187493643276,16,0,1.0
123,LAM,2026,,17,5.705677282833318,0.3581779237533447,5.242486398354078,5.465976293618209,5.7071298545638784,5.942135174823467,6.170584477394051,17,0,1.0
124,MTSU,2026,,13,5.706607226218246,0.3899929345673565,5.206899376131303,5.442803341602164,5.70499099401874,5.969832783789679,6.2044691199023765,13,0,1.0
125,UCSD,2026,,14,5.706650832187378,0.39229333666489086,5.201945990703205,5.438095122203096,5.70422263926714,5.966719991261671,6.217215002806313,14,0,1.0
126,M-OH,2026,,8,5.706805403710561,0.449132833211095,5.13760558694807,5.402924992253991,5.703614997867165,6.0112102143959625,6.28424053030952,8,0,1.0
127,LEH,2026,,16,5.709872395218869,0.3300131065566438,5.286362593715867,5.487327052159833,5.713565948513944,5.929614186550036,6.12988694627206,16,0,1.0
128,PSU,2026,,14,5.7114810537967005,0.33366974939952754,5.283641570701542,5.485148374606892,5.712503583861565,5.933592975426771,6.1322761661124785,14,0,1.0
129,ND,2026,,11,5.714905972394509,0.41168071470379214,5.185861770141196,5.434396652657565,5.715535490549623,5.987849270230638,6.24142937973844,11,0,1.0
130,PITT,2026,,12,5.715438085841552,0.33335822635211565,5.294129771145163,5.489068539317583,5.714873723903841,5.937756407493552,6.14188932055116,12,0,1.0
131,KU,2026,,11,5.716525359433089,0.39094435621427376,5.219143020186201,5.4530701806064465,5.717575219240393,5.9836969019014745,6.215617867638121,11,0,1.0
132,BCU,2026,,19,5.716692600205801,0.312986784987941,5.316732506379515,5.503195804827003,5.715338791115662,5.9281945733853325,6.119756988115252,19,0,1.0
133,RICE,2026,,12,5.71851209755512,0.4198224271590501,5.180789727689684,5.429596754641829,5.7227005729307905,6.005550395586521,6.252456493318657,12,0,1.0
134,GWEB,2026,,16,5.720126383638039,0.33894424566896975,5.285550009322555,5.487444124421884,5.7203791422163786,5.948184854607591,6.155397662455109,16,0,1.0
135,FAMU,2026,,14,5.722350657460183,0.3422287567947826,5.289343698522012,5.488288526131946,5.721132671452574,5.958353082909221,6.157332071253658,14,0,1.0
136,USA,2026,,14,5.723518651603069,0.3292909930718169,5.299811324255037,5.5052073364077,5.719550074908214,5.943416994149711,6.148830520172806,14,0,1.0
137,COFC,2026,,17,5.724104012309785,0.33133006841053536,5.299508439922169,5.500859897149173,5.731303287560909,5.946245977182859,6.140700630000005,17,0,1.0
138,PUR,2026,,14,5.7270657045429,0.3769581444636622,5.239673624962262,5.472263100264232,5.727337421348477,5.983588514633276,6.2088285927828055,14,0,1.0
139,BC,2026,,13,5.732022773480261,0.3902650563794804,5.236790638016849,5.467493793939237,5.730281061203847,5.989407670767919,6.232435038486582,13,0,1.0
140,LOU,2026,,17,5.732133545127198,0.3240343192855624,5.3151336393282556,5.509661192525254,5.731487168334329,5.953033981914977,6.14955531774353,17,0,1.0
141,ELON,2026,,12,5.733001420363365,0.3637640750092958,5.266216775859146,5.481613408655262,5.737054459081772,5.9790894759320885,6.198662718981712,12,0,1.0
142,DEL,2026,,17,5.7336308362828525,0.330934128594587,5.317601992518621,5.509931067631683,5.730226527048137,5.95780369291741,6.161167277230628,17,0,1.0
143,UNCG,2026,,13,5.737286843867787,0.35276659348772765,5.289874738138987,5.495878353939432,5.733174704409004,5.976151565170917,6.188728363132748,13,0,1.0
144,CIT,2026,,11,5.737990807232402,0.417057164753339,5.216292894917183,5.455351065643356,5.733193587612875,6.0185301840182515,6.273441425745575,11,0,1.0
145,FAU,2026,,15,5.741053971616381,0.3875146284839548,5.240665147401301,5.479210897561116,5.743267243115639,6.0074248393929315,6.233969243194509,15,0,1.0
146,LR,2026,,14,5.741478231911324,0.3355955737044455,5.309023476078286,5.514945081981038,5.742266475119489,5.970297576727922,6.173344710156422,14,0,1.0
147,EIU,2026,,11,5.74274154095825,0.3915380268317376,5.242542595528087,5.47996925698548,5.7391125848110445,6.0079921577188795,6.245870348906452,11,0,1.0
148,PEPP,2026,,11,5.745717989907556,0.39208127312474456,5.246422356800575,5.48316777797912,5.7455167415819695,6.012586534687501,6.247331184156618,11,0,1.0
149,SMC,2026,,11,5.7460287292459284,0.40453888193509047,5.232693489219659,5.47063922672397,5.744072448905675,6.012976344922627,6.265356358831559,11,0,1.0
150,MONM,2026,,11,5.749966828035,0.3674556245709135,5.27637797965606,5.502739443758491,5.747124029960506,6.000162593893812,6.21721697161937,11,0,1.0
151,WIN,2026,,13,5.751084490875871,0.3624730326093519,5.285026127501074,5.509768754295653,5.751125013063186,5.995465000446103,6.20942082964782,13,0,1.0
152,EVAN,2026,,11,5.751245608248217,0.3634829246889574,5.286539001964663,5.510522896330244,5.7536399961135025,5.992464589498999,6.212424053857096,11,0,1.0
153,JMU,2026,,12,5.75488121473503,0.4172447111324867,5.222629387960148,5.472400700929313,5.758484498296573,6.0380990084500565,6.2868541834694485,12,0,1.0
154,JAX,2026,,16,5.755591126157553,0.32950982681476987,5.334399411836897,5.536108469637236,5.755618364027997,5.9793882402167435,6.179191182599118,16,0,1.0
155,HCU,2026,,14,5.760362439090166,0.34198688096944124,5.323689083431079,5.53063113581031,5.764208897388648,5.985001198815557,6.196967162221594,14,0,1.0
156,SIUE,2026,,15,5.760426600184037,0.3375755084596263,5.333209202784571,5.527177774822569,5.756092505548472,5.990590031516152,6.197376399997255,15,0,1.0
157,IONA,2026,,11,5.761044076177674,0.4122108560537967,5.227322501147129,5.483419737197735,5.754655544355589,6.042820050855819,6.301192097336819,11,0,1.0
158,MIZ,2026,,16,5.766676364281392,0.34147947541976076,5.3253707967172135,5.533709535179565,5.766806194317008,6.000995458114476,6.206164949103389,16,0,1.0
159,GMU,2026,,16,5.7679792357413335,0.34721982442375804,5.318185573805101,5.5280381343285505,5.769652033044508,6.002228206662623,6.210222373960314,16,0,1.0
160,NU,2026,,7,5.768125012600067,0.42925637100515135,5.2138112764090785,5.4790693545334825,5.764445888793121,6.0569401884791,6.31219555783434,7,0,1.0
161,USF,2026,,14,5.769396427299284,0.38655381703779657,5.27713020427948,5.506935731558452,5.769966587854656,6.028593618141453,6.265624392473065,14,0,1.0
162,JVST,2026,,14,5.769442252056324,0.3513868412421706,5.321955322526297,5.529449751765075,5.770230278580939,6.006785481088784,6.223219573637149,14,0,1.0
163,LONG,2026,,11,5.7697320782072685,0.37762845907636844,5.27617654750563,5.513855826080832,5.773289709329563,6.024805387126037,6.252311935069575,11,0,1.0
164,ETSU,2026,,12,5.770072153184719,0.40959917366516746,5.245146327152121,5.487554911049887,5.773344222477931,6.0457030452920995,6.296614991547087,12,0,1.0
165,UTAH,2026,,13,5.774513403821473,0.3807670458110278,5.284274113125209,5.521087095216071,5.775779077680491,6.024594731802333,6.26112923083014,13,0,1.0
166,WMU,2026,,13,5.7760896714394345,0.3599160444896487,5.3135833318365,5.530361889401674,5.7701926502850425,6.021285779281711,6.244804413222758,13,0,1.0
167,GTWN,2026,,17,5.777483877605565,0.3343146853378739,5.349051652584937,5.557204087931155,5.775784440014374,6.001035689693857,6.2115184386147,17,0,1.0
168,SIU,2026,,9,5.778883357469212,0.43528481931850754,5.222189648474293,5.490099510458164,5.778053134281363,6.070155711729518,6.336031613477796,9,0,1.0
169,MSU,2026,,10,5.779277446363051,0.4134206861854181,5.250899964915183,5.509285324595952,5.7761396315780065,6.055217707613776,6.311022169075326,10,0,1.0
170,CARK,2026,,13,5.780015450698208,0.3876521199327413,5.286136908800091,5.513867558043086,5.774101099081816,6.043992856533254,6.2825742824838615,13,0,1.0
171,TTU,2026,,19,5.781398612294032,0.31911569601790235,5.375840796391335,5.563377263619749,5.783651480944366,5.99505917954214,6.189195782850803,19,0,1.0
172,LIU,2026,,11,5.7828663183539435,0.4586942173638795,5.197023002409425,5.4719395531150195,5.780914437281934,6.0898560009431115,6.381168071306227,11,0,1.0
173,AFA,2026,,14,5.783285008752928,0.37781771697043015,5.299114100333916,5.524307750350248,5.782504341763071,6.039988848510165,6.266567635767393,14,0,1.0
174,WASH,2026,,11,5.78485099461226,0.37453114058672543,5.306433540843017,5.537071664729661,5.787918171058214,6.035043299667149,6.256502388808965,11,0,1.0
175,CHSO,2026,,12,5.7852347924038,0.41071402927458295,5.2552841765613,5.508137387083226,5.783179360783015,6.054995575459286,6.316714106677835,12,0,1.0
176,MAN,2026,,11,5.787653495757456,0.456088608188095,5.208434389658807,5.481021934048132,5.782992950903489,6.091000494801802,6.369595608216852,11,0,1.0
177,LMU,2026,,13,5.794050020854801,0.38384780148086345,5.299820089905714,5.533580667135598,5.795266423686275,6.051975280060726,6.289914497889991,13,0,1.0
178,VILL,2026,,13,5.7959252070091205,0.3610508391786778,5.3342499427522165,5.552345816576533,5.794925121921867,6.039115044476002,6.255717418009744,13,0,1.0
179,DAV,2026,,13,5.79945965968587,0.3590827336376783,5.340582072618312,5.5558761196503115,5.794957733092122,6.044014914324924,6.262698408005507,13,0,1.0
180,ILST,2026,,13,5.800010959042693,0.385468709687882,5.307006062599442,5.539735749152282,5.796612755424066,6.06320710446338,6.2909767790445645,13,0,1.0
181,RAD,2026,,14,5.8007952446110265,0.35729758174822096,5.34526635035447,5.5585419861828935,5.795958481069555,6.042822882344293,6.261450472331914,14,0,1.0
182,FOR,2026,,15,5.803362305044685,0.3393685156717408,5.367185823509462,5.570659272596297,5.805773804195285,6.0302506493072086,6.241810337981745,15,0,1.0
183,AMCC,2026,,18,5.804443754464874,0.34243540501701886,5.366629215986019,5.573392655367654,5.806154301826364,6.035698322596284,6.247123520798964,18,0,1.0
184,LIP,2026,,11,5.805631731718424,0.43644630458163286,5.252573239126569,5.511207298087371,5.804170489325398,6.094021292964957,6.367594430612075,11,0,1.0
185,FAIR,2026,,10,5.806932069555915,0.45859066867645243,5.2199423372804,5.494639659675879,5.799916856991778,6.117206949748162,6.3975872278865324,10,0,1.0
186,GW,2026,,11,5.811880249004504,0.4122771174699097,5.285114632335604,5.535897127835006,5.807762839573707,6.088799705670158,6.347275704666349,11,0,1.0
187,SDSU,2026,,13,5.811951987839853,0.4088381689523923,5.290418330900501,5.536554357349615,5.812099405905187,6.084841907545796,6.336821129280951,13,0,1.0
188,TAR,2026,,13,5.8127605019387785,0.3848559016991349,5.323109517414311,5.547165720241412,5.813446471350417,6.069710851653669,6.311869678073661,13,0,1.0
189,NMSU,2026,,15,5.813569938935108,0.3712852854652402,5.338937600663816,5.563079454118598,5.812659140076853,6.065178754046711,6.289606363970904,15,0,1.0
190,PRES,2026,,17,5.813824462281729,0.3350086531022446,5.385827826074103,5.586886480409317,5.812296161903436,6.043455604057274,6.245967336341471,17,0,1.0
191,UAB,2026,,9,5.814404774875907,0.45459451385058075,5.228019138729335,5.508340564594769,5.821911529539188,6.117319232005002,6.392186403190989,9,0,1.0
192,SEA,2026,,10,5.816134944467678,0.3857911255394377,5.324782656188569,5.553401755268913,5.817802712396955,6.079044054447982,6.315111785452739,10,0,1.0
193,NICH,2026,,18,5.816911117196907,0.34316917777016764,5.379071865369236,5.589325289906597,5.817036589678016,6.048301651434895,6.25527508468465,18,0,1.0
194,LBSU,2026,,14,5.817147392788683,0.36560251458494275,5.3487124170259515,5.567589411782547,5.819035091042707,6.067524890204782,6.282922157390423,14,0,1.0
195,MSM,2026,,17,5.817565372144463,0.3055045444855247,5.421570474122378,5.611702381564261,5.820525406139404,6.0235731328631905,6.202695376028069,17,0,1.0
196,MD,2026,,13,5.824105302140703,0.36962844383202376,5.345146430085281,5.574534574721395,5.82602497380469,6.075849432772302,6.2976664989570805,13,0,1.0
197,OMA,2026,,13,5.82488461719663,0.37844852244970806,5.332462535967814,5.5771659663282,5.827130485314352,6.08224647010482,6.30491574452724,13,0,1.0
198,ALST,2026,,11,5.829654817545973,0.40171418092008687,5.31728773887106,5.554930425399257,5.831668319146562,6.102421774242068,6.34519120143474,11,0,1.0
199,SJU,2026,,13,5.831765182547636,0.37829853518645373,5.348001245275834,5.5800659383468405,5.834723989478594,6.0808285368132395,6.31987479763916,13,0,1.0
200,UIC,2026,,13,5.83182582361614,0.3708950575463769,5.353204155569158,5.579290507273181,5.830659309946503,6.078146498928286,6.313298404214228,13,0,1.0
201,NCAT,2026,,14,5.834689487338514,0.3700326985451773,5.359926363559088,5.585191173343302,5.836702428025477,6.0804604171527945,6.313955745958057,14,0,1.0
202,ACU,2026,,17,5.835421973221696,0.33884949304198825,5.404788504115127,5.601402250011182,5.835580890897264,6.07014253633992,6.266256362475565,17,0,1.0
203,UNCA,2026,,14,5.841171702253466,0.3504395255885634,5.391577158923693,5.6000998974793825,5.838387016075956,6.081302294063947,6.294484672834937,14,0,1.0
204,XAV,2026,,17,5.8423257735566665,0.3175766770216154,5.439075292645421,5.625502788359793,5.841639469108729,6.0562631766086525,6.245536811583743,17,0,1.0
205,BEL,2026,,14,5.844469780610331,0.36439231502075475,5.381521485788624,5.602348988608148,5.843306672974588,6.092851071523732,6.308915595385075,14,0,1.0
206,UPST,2026,,15,5.844955284860551,0.3692623217680143,5.365085790103511,5.594092891034271,5.846699898946646,6.103644473978781,6.315156688043091,15,0,1.0
207,SAM,2026,,14,5.8459206003341855,0.38844465245286,5.351760391286127,5.583036752993099,5.8483985248025,6.107411596818253,6.341707022589403,14,0,1.0
208,HPU,2026,,14,5.847909095692491,0.35525820879165737,5.400562134089447,5.608534954987732,5.844471190236717,6.082029354521662,6.307276440967092,14,0,1.0
209,RICH,2026,,17,5.848554171710324,0.3553526959814084,5.393946855992455,5.606706854817046,5.8499220834064625,6.0933541804497064,6.30000681986061,17,0,1.0
210,SLU,2026,,13,5.849454201013129,0.3790770163406205,5.36971591893052,5.5932118574059695,5.848893511887923,6.105491617841368,6.337748680755575,13,0,1.0
211,UNLV,2026,,13,5.853066522721331,0.3695544365907271,5.3733058706275045,5.609690937959195,5.853137920684349,6.103981469857505,6.327443858042815,13,0,1.0
212,TNTC,2026,,14,5.85369925369732,0.3748883922697107,5.3695097100417435,5.605671445052735,5.854423765657889,6.0979520518762005,6.341753797912636,14,0,1.0
213,USI,2026,,21,5.854943958287235,0.3102840956071022,5.459448068889641,5.645542363551245,5.856236597928605,6.062261928054529,6.249128475118963,21,0,1.0
214,STBK,2026,,12,5.855825292085257,0.4019960691570263,5.339749578394644,5.58361992383948,5.851803125964043,6.124196978101713,6.381562317334882,12,0,1.0
215,GASO,2026,,17,5.859250328562218,0.3551930392568133,5.407502278494168,5.625440231423947,5.853329014961361,6.095741081067576,6.320271523488333,17,0,1.0
216,NJIT,2026,,14,5.860844358245838,0.3665433926458391,5.385404147454341,5.615242811183471,5.864389896962173,6.1115240691232575,6.329670066989587,14,0,1.0
217,HC,2026,,13,5.86828823300891,0.370328958339658,5.395631766458608,5.619130847565368,5.870479193608515,6.121002137854532,6.344069462283755,13,0,1.0
218,ULM,2026,,14,5.868326164882457,0.40017753255633015,5.349989707734587,5.597687705532794,5.870347556771362,6.1476886299011015,6.385191825697981,14,0,1.0
219,QUIN,2026,,11,5.869234953404319,0.35227692794363186,5.409584588486597,5.628998549128366,5.872635911517982,6.108477273709227,6.317514313078778,11,0,1.0
220,NKU,2026,,13,5.869702267564025,0.4003456025795406,5.3610822193430865,5.6024960106607065,5.863734388147382,6.138385869494231,6.386133987802765,13,0,1.0
221,GRAM,2026,,12,5.870102051609037,0.408103225191474,5.346975360998886,5.592987317251493,5.873398707642908,6.147927438787681,6.394779614940974,12,0,1.0
222,OSU,2026,,11,5.8709243439177206,0.4332401327622422,5.319028774614605,5.5762015216690735,5.870812521507145,6.162418233049728,6.4342605847980945,11,0,1.0
223,UML,2026,,13,5.87461147159814,0.3733576675899565,5.403302269362586,5.621407759224095,5.87298057838505,6.12194082760476,6.353064025121734,13,0,1.0
224,URI,2026,,14,5.875401684661467,0.33965414947528266,5.439682667863992,5.6476316762460215,5.876447599370185,6.100773795649147,6.3070574414067915,14,0,1.0
225,WES,2026,,15,5.877397285574597,0.37881363572071597,5.386082192336579,5.626427859158182,5.880681518119889,6.134920893692202,6.359697679912661,15,0,1.0
226,LAS,2026,,11,5.878283955399642,0.4264101277139581,5.329102263056712,5.588568795157272,5.878844079787351,6.166643808799092,6.428585764032086,11,0,1.0
227,BGSU,2026,,14,5.878868008909816,0.33430757174411807,5.445109066760549,5.655013649949011,5.88095615754761,6.106361498532323,6.304943321731661,14,0,1.0
228,SF,2026,,14,5.881040204509826,0.3656508548131243,5.413083217800511,5.637120416062488,5.8768981233365905,6.131202016409418,6.342314186633367,14,0,1.0
229,CAN,2026,,11,5.885950815338806,0.4266908732717763,5.338790909616213,5.602129385784103,5.883386529403925,6.175767653033915,6.431472662106862,11,0,1.0
230,WSU,2026,,14,5.887514780906849,0.3615565105724184,5.416106712094315,5.645281306733575,5.895119622377224,6.129153452613994,6.350620915612126,14,0,1.0
231,DAY,2026,,13,5.888295572186373,0.41147827466104453,5.360681332708966,5.614352813093522,5.883814475372542,6.166849077062359,6.418405885197562,13,0,1.0
232,UAPB,2026,,11,5.889384179481428,0.4208501991942721,5.34836496463886,5.60986955832413,5.890525642026651,6.174596469398244,6.42601741957598,11,0,1.0
233,WICH,2026,,13,5.889513991391071,0.3756325349412045,5.408757293441834,5.635003675273076,5.891889690688359,6.1433703200651015,6.369204379987059,13,0,1.0
234,FIU,2026,,15,5.890674966403079,0.358347890581903,5.43555642036072,5.651284680411843,5.884756185517173,6.132570948892159,6.347373358588085,15,0,1.0
235,INST,2026,,15,5.891092815208281,0.3428779724209796,5.455872805785047,5.657496645558723,5.89227103206819,6.119734312185953,6.333072538044302,15,0,1.0
236,QUC,2026,,13,5.8911749642057085,0.3912750703373495,5.389456997087845,5.631081470303388,5.891317751918867,6.159194537193002,6.393001470455285,13,0,1.0
237,CSUB,2026,,17,5.892553916105369,0.33682894957815684,5.459578449430527,5.665754842955215,5.895008717391325,6.121946195600461,6.319970713444106,17,0,1.0
238,EMU,2026,,15,5.897283950596071,0.36288415089287196,5.436055596575019,5.648393824960748,5.895755825546338,6.141101736800705,6.36800144701511,15,0,1.0
239,BRAD,2026,,14,5.8980765533435315,0.36275575425247913,5.429749402462384,5.654511553623108,5.903011417526207,6.145667020320423,6.359053298733619,14,0,1.0
240,UNCO,2026,,15,5.9028461646322885,0.35502757016616615,5.448099552755123,5.6599282646620965,5.902943374660355,6.1442315621117904,6.361890987212872,15,0,1.0
241,UTU,2026,,13,5.903432764923339,0.38934663075362425,5.4067798726657506,5.640000864199192,5.903332153267073,6.162782470185287,6.402798367294991,13,0,1.0
242,SFA,2026,,18,5.908600781507411,0.30932344812674956,5.5133651105036625,5.702665330565905,5.912751799148659,6.116930004729755,6.298918654148387,18,0,1.0
243,NE,2026,,17,5.909002878409339,0.337916721444811,5.48040695804918,5.679439067147975,5.911553913490879,6.135227461630213,6.3414181142320745,17,0,1.0
244,SHU,2026,,11,5.916143764936724,0.39531474627247626,5.406545664179018,5.650405900300671,5.916743152463155,6.184093038308261,6.423885884735873,11,0,1.0
245,SDST,2026,,15,5.916859838521098,0.36572633186332304,5.449606307158934,5.673519453592253,5.915945491359825,6.158230052567839,6.388303930768057,15,0,1.0
246,VAL,2026,,12,5.917197472138375,0.39590908778631323,5.4127636749857535,5.65657463429483,5.917821349386157,6.184765063552625,6.420442453001933,12,0,1.0
247,SHSU,2026,,13,5.929779625523358,0.3893977359049832,5.427557327197261,5.665978006307812,5.9323181592038114,6.191003535727377,6.427776773309245,13,0,1.0
248,UNO,2026,,22,5.931219071787156,0.31555097296291973,5.529018704310197,5.718199146061772,5.929001078062496,6.144257285545917,6.336478765383303,22,0,1.0
249,MERC,2026,,10,5.9322069037285035,0.48393429043080743,5.318340078011233,5.610032046747436,5.92807003521338,6.258097631968397,6.550957935029899,10,0,1.0
250,MILW,2026,,13,5.933285368943313,0.3919711931992597,5.426055779260636,5.664352107582078,5.933584258409276,6.198590832222423,6.435499290392029,13,0,1.0
251,UNA,2026,,16,5.935002108923762,0.34209669513382174,5.500611123244815,5.713787087993138,5.9290015569781165,6.158777590011207,6.379038682339497,16,0,1.0
252,UTM,2026,,13,5.943524322356553,0.3875028178486319,5.446984397648739,5.680217746462105,5.9444524550284115,6.207199920700517,6.443967265396454,13,0,1.0
253,JKST,2026,,12,5.945614918561231,0.42970705428065964,5.3982286923875185,5.650181126424919,5.94750239117529,6.23655665058065,6.499743949403338,12,0,1.0
254,LEM,2026,,12,5.953816634772624,0.4027126182533347,5.438336077814114,5.681454631761671,5.952083745343215,6.224536727075316,6.475052812725152,12,0,1.0
255,SOU,2026,,14,5.95389277278166,0.37534106532392475,5.481462721024658,5.700335809226749,5.952920281179546,6.204601754107402,6.440924536704446,14,0,1.0
256,NIA,2026,,14,5.954555361126519,0.3916909480935673,5.4616233900137106,5.691726431270784,5.952461985724552,6.217547618267218,6.46122706359344,14,0,1.0
257,OHIO,2026,,12,5.955550573815421,0.4124917665244428,5.424941499962526,5.675586115489423,5.959160924823335,6.236614174090957,6.479328002503623,12,0,1.0
258,BUCK,2026,,12,5.9561233325054825,0.40114777961989934,5.456147514367996,5.690127383776153,5.950338408851657,6.221916410363299,6.469957802920332,12,0,1.0
259,WAG,2026,,16,5.95765347466592,0.37159652236182517,5.4892340148729835,5.710604208639046,5.956811039634916,6.209171664938809,6.432666562398493,16,0,1.0
260,HOF,2026,,11,5.957777692865291,0.39813331723298045,5.451887749972187,5.688833372610357,5.956915903173622,6.221066921453,6.468559257618093,11,0,1.0
261,AKR,2026,,14,5.964223001153916,0.3788351384418849,5.476061160367238,5.715688385054025,5.9706753572860425,6.215688820439675,6.448167713151592,14,0,1.0
262,NORF,2026,,14,5.975213304278819,0.36227118398452185,5.514361971618333,5.732353364436603,5.975960122377911,6.217928862576547,6.439996472699346,14,0,1.0
263,STO,2026,,16,5.976971057535835,0.3427061080181061,5.530910923991701,5.745279711199483,5.981690748249439,6.205697943861734,6.4139282209738955,16,0,1.0
264,PV,2026,,13,5.9804237396766515,0.42304513772995395,5.437350678319305,5.695556235291113,5.977466142561287,6.267141995573379,6.522480051674313,13,0,1.0
265,W&M,2026,,13,5.980807089950732,0.3916937264811995,5.474817944662253,5.712536472856061,5.9835195361738,6.248911566568478,6.4836713822287235,13,0,1.0
266,CMU,2026,,12,5.983841509835417,0.38686419502602826,5.488476552416457,5.726717199007695,5.978488358603872,6.244075282557378,6.480011589538708,12,0,1.0
267,NDSU,2026,,16,5.986900917798271,0.3539130916122793,5.537742006398272,5.744906396893025,5.98771178807465,6.227350014415101,6.443241951960335,16,0,1.0
268,TOW,2026,,8,5.990600515414595,0.4213411062716538,5.449498362763441,5.71117784335884,5.99060898701585,6.270047842039766,6.536782807255359,8,0,1.0
269,UMES,2026,,9,5.99257177999174,0.47552329895427964,5.383199105661326,5.674092506097578,5.9879483601614485,6.310860916214281,6.603896240933229,9,0,1.0
270,SBU,2026,,14,5.9955917024281185,0.38004952696471084,5.505531405971602,5.736581936869392,5.996949137173599,6.248674615298479,6.483421482811803,14,0,1.0
271,OAK,2026,,13,5.996186043379479,0.3883909230976346,5.50422193724305,5.735091232338856,5.99728065436196,6.257493641483081,6.49057325369364,13,0,1.0
272,MVSU,2026,,18,6.013391916617306,0.33621112696443894,5.579877124683242,5.788104849553769,6.011438193144242,6.246357593254507,6.442531569081257,18,0,1.0
273,WIU,2026,,13,6.019187164105395,0.3729073644207634,5.5363146647286,5.769238822962421,6.019961241117696,6.268990722201054,6.494750470146958,13,0,1.0
274,ALCN,2026,,14,6.020334756296556,0.37018485360544123,5.543575201095901,5.771932527893826,6.022807474720822,6.268041818381535,6.489535708551267,14,0,1.0
275,EKU,2026,,15,6.022093504955023,0.3805130208276702,5.540318015590148,5.763458148847144,6.0167690265340905,6.274554760100877,6.512559796759381,15,0,1.0
276,AAMU,2026,,13,6.036729172664963,0.3673484554821346,5.562615141884707,5.791425336437014,6.043323483921535,6.284327783239135,6.508317168689376,13,0,1.0
277,BUT,2026,,13,6.055573364008399,0.38479854069292896,5.556700584687565,5.7973192555671496,6.05094063244974,6.3186994613327805,6.544986698013638,13,0,1.0
278,WCU,2026,,17,6.061849337584837,0.35153272922380474,5.611761183320753,5.8208663703506724,6.061230195324711,6.298547252315358,6.512631324531109,17,0,1.0
279,SIE,2026,,14,6.065429811932654,0.36714690343258866,5.595906791544064,5.821549514193161,6.0646429107224495,6.314503768249974,6.5348558183969505,14,0,1.0
280,YSU,2026,,13,6.072579418522718,0.3323475876724741,5.649106709210225,5.842980604579405,6.076823297719912,6.298057934937273,6.491221056903753,13,0,1.0
281,UIW,2026,,17,6.08045361376594,0.33935884422615953,5.64634898478396,5.854418679391758,6.078425614877482,6.308681383125691,6.5115350488966754,17,0,1.0
282,MORE,2026,,12,6.083283087065729,0.3936829747537016,5.574498618882028,5.812169608148875,6.086295508221738,6.352779878440133,6.589638967674314,12,0,1.0
283,BELL,2026,,15,6.115883644249344,0.3404967846411407,5.683848741273083,5.887830963640294,6.115147832117957,6.342453569875609,6.550663420416102,15,0,1.0
284,BYU,2026,,13,6.1238138577541354,0.39069759911822827,5.620031407544366,5.861790895304078,6.126145787611176,6.393585131881013,6.6176001502759485,13,0,1.0
285,DSU,2026,,15,6.138785887877489,0.3383351388475773,5.711652308968531,5.9088853160084405,6.134189466525669,6.3690420308736515,6.573479698995207,15,0,1.0
286,VMI,2026,,12,6.1610029829204604,0.3945130044893458,5.655758295036281,5.900249217027436,6.163214013114214,6.425822918817465,6.668683073883821,12,0,1.0
287,CSUN,2026,,12,6.164921181847211,0.46362082682327,5.569833207642321,5.852131589155738,6.161668867058783,6.477441399417347,6.758022741911479,12,0,1.0
288,TXSO,2026,,8,6.197438740937315,0.4969075622499056,5.569661107258729,5.857391483950413,6.193878871450826,6.5383019083804435,6.831100056286572,8,0,1.0
