team,season,week,n_players,woba_mean,woba_std,woba_p10,woba_p25,woba_p50,woba_p75,woba_p90,n_returning_players,n_unknown_players,pa_coverage,avg_K%,avg_BB%,avg_ISO,avg_BABIP,rank
ORE,2026,,16,0.4575701731838022,0.00802490917110899,0.44727949589902827,0.45207116643566975,0.45758658789738776,0.4629570258458293,0.4678926291810171,16,0,1.0,0.1915908684466905,0.11890444192045495,0.1931277008218445,0.3553103409952516,1
M-OH,2026,,17,0.45262289335253625,0.00808490536429875,0.4422258783703528,0.4470941113899579,0.4525766389090268,0.45811284651702155,0.46297192126260583,17,0,1.0,0.2055513674948461,0.1374765353945843,0.17117810240522757,0.3445694533899097,2
UGA,2026,,19,0.44856342174672537,0.0052818398970573615,0.44181651799491,0.4449028009136722,0.4485129873203819,0.45202482106615416,0.4553153483395359,19,0,1.0,0.21147312626737688,0.1206705615661205,0.20924173573162244,0.3414004962482574,3
WAKE,2026,,16,0.4478526345650316,0.006911810728900261,0.439066251357579,0.44314917143179156,0.4478371830620449,0.452449925929371,0.4568246315476391,16,0,1.0,0.20751966612069353,0.1397747987355385,0.1863871950043849,0.3388142138510953,4
TA&M,2026,,15,0.44530467514429967,0.007316227414742172,0.4360154086637768,0.4402752750869733,0.4452400973605043,0.4502160737260873,0.45483373841318847,15,0,1.0,0.21951017096555983,0.12401503421762047,0.19543583422396524,0.340433003872648,5
UNC,2026,,13,0.44369641757731826,0.006534345819838995,0.4354373211359662,0.4392841673169865,0.44358036538548884,0.4479885512126865,0.4520679276994824,13,0,1.0,0.19303666118541327,0.11467025012348825,0.1858300416580073,0.33931309445331165,6
CREI,2026,,12,0.4419564354919181,0.006900111231181858,0.43308718278531755,0.43724510205954953,0.4420234684275786,0.4465440943356206,0.4507032227900777,12,0,1.0,0.18075470288264028,0.11871568792915098,0.18843109587106058,0.3471797843922439,7
LAM,2026,,16,0.441781861337374,0.006320565565159784,0.4336718465857719,0.437508568757888,0.4417152696593075,0.44607567489118266,0.4498203187112639,16,0,1.0,0.19213856468377374,0.11817814082401498,0.18450146719785146,0.34588221887775894,8
KU,2026,,11,0.4412578136192789,0.009745650426747491,0.42899719117359014,0.4345603475324166,0.4410913678696715,0.44781331687730097,0.4539084760326501,11,0,1.0,0.20701047035404907,0.13874509771135124,0.15665415229323107,0.3242705187902448,9
BCU,2026,,16,0.44098108646785694,0.007152000184207096,0.4319950700431403,0.43619646142648694,0.44087729694490374,0.44580283751668737,0.4500351545084216,16,0,1.0,0.19179332188227777,0.12032911741436106,0.18485563595749827,0.3411103883657594,10
MOST,2026,,15,0.44075421190532676,0.006714208696048687,0.43217171273874305,0.43619260504227286,0.4407186234465356,0.4452582985503015,0.44928049333457204,15,0,1.0,0.2057911406497855,0.12566197730280065,0.18904583591194962,0.34130128956779177,11
VAN,2026,,17,0.44055887606224514,0.006832816077443474,0.43188687233014583,0.43591246544844453,0.4405648999131374,0.44509811679761063,0.4493762087585178,17,0,1.0,0.22009331837787915,0.1252361022128242,0.19229563250130438,0.34243265331892847,12
CAM,2026,,17,0.43958050282342154,0.006628035825608281,0.4311497694598614,0.4350397052379965,0.43951784107717273,0.4441147900134598,0.4481127411914449,17,0,1.0,0.20633800794343665,0.10682518542660903,0.19740564330839078,0.34345386934679717,13
WAG,2026,,21,0.4391640468984775,0.008092703065992402,0.4286699067162763,0.4336427030650495,0.4391795823693856,0.4447539674089604,0.4495789896652465,21,0,1.0,0.2093904886964293,0.12770439210121212,0.17668140343090416,0.34628207088436647,14
MSST,2026,,18,0.43891941689214053,0.0057010727996704485,0.43163517563916076,0.4350766972336919,0.43895784227916534,0.4427795888995397,0.44625578079719824,18,0,1.0,0.18490608294983119,0.1222089586155865,0.1897008849814638,0.3346827741922598,15
UVA,2026,,18,0.4381806056137924,0.007570874194587768,0.42844049942870327,0.43297439832677215,0.4381162573651034,0.4434001347849929,0.44798688849294516,18,0,1.0,0.1997951372710959,0.13137078827277662,0.17625188226734081,0.330321915159607,16
YALE,2026,,10,0.43797126219465327,0.010512434529927372,0.4247745428849264,0.4307863817477035,0.43787053361708234,0.4449086571797163,0.4514681548293263,10,0,1.0,0.18883106855986925,0.09699979355650162,0.18417207171382394,0.35950985522861706,17
NE,2026,,14,0.43794929213296946,0.008646941203901852,0.4268263873645872,0.4321526867378923,0.4378767190391966,0.44376299297680766,0.44908713644469095,14,0,1.0,0.20312929602376542,0.11093317126683912,0.18736539644944888,0.3440421147745369,18
HPU,2026,,13,0.4378470010957586,0.009012915536512456,0.42621515104063135,0.43173986552336097,0.4378045837105623,0.4438635577770433,0.4494914178003348,13,0,1.0,0.2018114143793005,0.12320097903037334,0.1778587945891885,0.3333133757864418,19
TEX,2026,,14,0.4373188873807859,0.007183844476648865,0.4281109242669684,0.4324979453775666,0.4372438750371904,0.4421340764783653,0.44651676580336297,14,0,1.0,0.19834756509468948,0.12459523780998004,0.17713109424913928,0.3360862086192128,20
FAIR,2026,,13,0.4370725522765122,0.00813991832209722,0.42673182461061904,0.4315831699347526,0.43694842912030607,0.4424445691700605,0.44753818055413397,13,0,1.0,0.2153746274036765,0.11712964925978374,0.1717732384783057,0.3329693205099144,21
ALA,2026,,15,0.4363292645680518,0.007293266299587173,0.42704471306516245,0.43140182910332503,0.43621618778453164,0.44124214537255807,0.4457188122136199,15,0,1.0,0.230188478009153,0.12586378085741268,0.18794475088499168,0.32958350297287364,22
RGV,2026,,16,0.43568210527213885,0.007302451967995155,0.42636361171634496,0.4307155322725469,0.4356794649716744,0.44062992733811845,0.44506419487406573,16,0,1.0,0.21071888665687247,0.12105885458731774,0.1738774714455514,0.34878913821696694,23
LSU,2026,,17,0.4354477422015407,0.0064213007075125325,0.4273046199225845,0.43105889490485694,0.43541156094436806,0.4398142717802084,0.443713826610399,17,0,1.0,0.20239453238886354,0.12631275641354744,0.1807724665555117,0.33135880404866214,24
UTSA,2026,,17,0.43519837285785923,0.008442841776343636,0.42429477535327953,0.42949268233431365,0.4350944074607947,0.4409794259122586,0.4460878017396815,17,0,1.0,0.1895897043771803,0.12873141044013725,0.16202188874913911,0.3461640999468768,25
DUKE,2026,,19,0.4350720042678391,0.006771405340579991,0.42645981443640946,0.43047611115765405,0.43500483142145835,0.43963310171416387,0.4438042808790447,19,0,1.0,0.19935936338165847,0.12221856726634989,0.1831425222194066,0.33767106678545067,26
WKU,2026,,17,0.4333120554012141,0.007961775360115166,0.4232322206636007,0.4279291349599635,0.4331345063996066,0.4385889726676626,0.44359585520246364,17,0,1.0,0.20430454586991706,0.11980315940379056,0.17004118119725287,0.3438080582383792,27
UIC,2026,,14,0.4330247950984397,0.009319677443685314,0.42109962794718314,0.42665564772939213,0.4330013572681106,0.4393157085701084,0.44496113846066926,14,0,1.0,0.18926037538609,0.11108786278266758,0.17158380567129833,0.34240813166699047,28
LOU,2026,,12,0.4326621721861051,0.007881191899304847,0.42267817051303125,0.42734425988628266,0.4325577756234339,0.4378723518565147,0.442883900581872,12,0,1.0,0.20152607013745857,0.11703363400849888,0.17009887263144216,0.33016440587630314,29
UCLA,2026,,12,0.43228843648540316,0.006585558939066174,0.4239305109242411,0.42785181998549304,0.4322246696933213,0.43673573346920397,0.44079712734726395,12,0,1.0,0.17262966851094463,0.11834035991919896,0.17330704588842627,0.33005279045752806,30
FSU,2026,,16,0.43216717887784745,0.0074840499953347656,0.4225947187346667,0.4271268846620531,0.43209001878931996,0.437163264940551,0.44183745760442855,16,0,1.0,0.2265631488052262,0.11597976612381455,0.1856051723975501,0.3422681746743288,31
ARK,2026,,14,0.4320804490684416,0.007240571920820225,0.4228735914218588,0.42710173270535823,0.43193497852527296,0.4369365453807875,0.4414787036504556,14,0,1.0,0.24209976061710686,0.12232629283894289,0.1860378402121395,0.3412023029363171,32
VMI,2026,,18,0.43202638924290243,0.007236477057048194,0.4227799563215592,0.4270720767770848,0.4319543963781258,0.4368633229722756,0.4412631558753466,18,0,1.0,0.19464572448602155,0.13794238393218503,0.15891773506288986,0.3327661861648028,33
TULN,2026,,16,0.43161618078959335,0.006899705618253609,0.42280885874853386,0.4269714607964355,0.43150532173260536,0.43624107220579544,0.44053026653091154,16,0,1.0,0.187761991743423,0.11602263432550945,0.17866634447656243,0.3372809084981667,34
FDU,2026,,13,0.4312279069931255,0.008741650629284838,0.420056246819259,0.4252815042479595,0.43126882216234247,0.43715806777069033,0.4424114990028493,13,0,1.0,0.2012973057095433,0.12298130169818039,0.17141585185539243,0.32911450983280993,35
GT,2026,,18,0.43023130053621217,0.006025992621804397,0.42261062090573837,0.42621121763845526,0.43015165813610645,0.4342207626218748,0.4379469833301214,18,0,1.0,0.21018047972911788,0.12074933275912736,0.17196275505609948,0.3416517610769025,36
TCU,2026,,14,0.43003211464806407,0.0068123168718852494,0.421397404199036,0.4254118257881136,0.4299488343276286,0.43461588939536905,0.4387551051977474,14,0,1.0,0.21353342014378862,0.11127435746766613,0.17883501418919145,0.3360491701696779,37
MIA,2026,,19,0.4299550783822975,0.006166780732225099,0.42205063788962893,0.4257168035417098,0.42992405404600226,0.434136872849842,0.43783341569303547,19,0,1.0,0.18744382390750855,0.1205573041372409,0.17615498745739894,0.34185542550516207,38
WRST,2026,,13,0.42990620912099475,0.007207079486702165,0.4207414666536087,0.42501813393980664,0.4298546781661891,0.43479396952317156,0.4390079914086409,13,0,1.0,0.22553478820332098,0.11058084584322311,0.18052599398809235,0.3445890712068072,39
SAM,2026,,15,0.4295556125439796,0.007291188278491144,0.420245405961433,0.42449191119674234,0.4295433059397179,0.4344786561430929,0.4389660266188977,15,0,1.0,0.22427540155995349,0.11055341498853963,0.18670840440741399,0.3358134787088754,40
DBU,2026,,16,0.4294348841924742,0.007703331526297777,0.41969918122434974,0.4242769669636029,0.42927095067318605,0.4344762427944665,0.439418421212081,16,0,1.0,0.20845707695822646,0.12326260045869428,0.1809297489427447,0.3295649133527785,41
UNCW,2026,,17,0.4293598414159975,0.008180822095556366,0.41883831447057934,0.4238159724214667,0.4293467881093523,0.43490726971598415,0.4398704352252712,17,0,1.0,0.1955078468776858,0.13020712523309982,0.1698788570084779,0.3463029428653433,42
LBSU,2026,,16,0.429349255927008,0.008330867700606297,0.4187703399502902,0.4237557005011697,0.4291925039263415,0.4349601159409988,0.4400801732760273,16,0,1.0,0.22044461824831024,0.12007722982538721,0.1810975155700772,0.35457593676825694,43
OU,2026,,17,0.4293156420137712,0.006813014384724435,0.42049847285763087,0.42460344059609845,0.42936222586480954,0.4338902673577631,0.43797266998271606,17,0,1.0,0.19917381253125954,0.1425743180127734,0.1661123059595584,0.3409317367350122,44
JVST,2026,,16,0.42926419366452845,0.007387315543095929,0.4197534621365886,0.42417636744353626,0.42929674362190084,0.43427951109724283,0.4387523821128799,16,0,1.0,0.2073504782143903,0.11434186821109257,0.1772148285291097,0.342978251044213,45
SMC,2026,,16,0.42925474329116114,0.007723568548558365,0.41931044580278837,0.42394475984996854,0.4292493278512892,0.4344518891489405,0.4391542036674801,16,0,1.0,0.16632994641886634,0.10567286587249325,0.17031412619061534,0.34933253739456904,46
HALL,2026,,13,0.42922890853365153,0.009091566202084332,0.41755798449032805,0.4230944863675314,0.4290922514277158,0.43525135634742645,0.44094436682420113,13,0,1.0,0.2021860227931388,0.11751264200781769,0.17784976966433047,0.3480105233694264,47
SOU,2026,,18,0.4290462441227779,0.008727958993803239,0.4177838617163258,0.42318179421957425,0.42906612247633924,0.4347924579522557,0.4401537610928656,18,0,1.0,0.1839026418328803,0.12835656410446183,0.1614335102649921,0.3300815901011903,48
VT,2026,,13,0.42881111318950277,0.007496970184678371,0.41944755212815676,0.42365843087177546,0.42864406878016637,0.4338337125235112,0.4386642838847061,13,0,1.0,0.1985765958950096,0.12749150345988955,0.17013761302779265,0.33333657865912486,49
SIU,2026,,16,0.42851703072111597,0.00698830402359178,0.419642235723164,0.423681047054481,0.4283631258391485,0.43323542943142324,0.43753751497555915,16,0,1.0,0.17245153828872853,0.12105920110027156,0.17512844994256582,0.3312318831080051,50
ETSU,2026,,15,0.42819343982304836,0.008977134791061209,0.4167658565913234,0.4221110516614918,0.4280385284825432,0.43424356739472003,0.4397017987371503,15,0,1.0,0.18864675232913505,0.12142474073231994,0.16936140206436553,0.3392768885079188,51
TAR,2026,,14,0.42799017077840873,0.007647007222770721,0.4182755847830989,0.42274044223786045,0.42789718399606136,0.43311448167848976,0.43787493107789693,14,0,1.0,0.18296254621062077,0.11873378269613845,0.16822877713663956,0.3385480684213376,52
VILL,2026,,15,0.4277340068359823,0.007829930010632476,0.41772007488336677,0.4224317724340671,0.42768689872593246,0.43292729813398945,0.4379344143779878,15,0,1.0,0.19975282082484888,0.11568608998029724,0.17563537423146883,0.3443202325797345,53
GRAM,2026,,15,0.4277030700969837,0.008922582920025087,0.41621770485164833,0.4216203104865026,0.42757442637147325,0.43370100638819925,0.43922118078384825,15,0,1.0,0.20490012926872128,0.12539583331430415,0.1569366694830862,0.3305113084889896,54
UPST,2026,,15,0.42759886174314726,0.006938098304430369,0.41874680782257806,0.42281415632889097,0.4275932426253513,0.43231520279406266,0.43642425863480766,15,0,1.0,0.19252633023168617,0.11790990833651818,0.1629669659506223,0.33995462999436804,55
SLU,2026,,14,0.4275955113290916,0.0076935589873923195,0.41771067514368393,0.42232806176148585,0.42755350044661716,0.4327521105424784,0.4374589799799967,14,0,1.0,0.20803128048080013,0.1131258317513704,0.1834324970683969,0.34603282408890773,56
LT,2026,,14,0.42750587609826834,0.007776968131075497,0.41766138784876794,0.4221246495173503,0.4275007314330522,0.4327128402065964,0.4376478894453764,14,0,1.0,0.20825588703748282,0.12088507673118949,0.17348360504393764,0.3335881570674924,57
SC,2026,,17,0.4271941876985602,0.006792159524895288,0.4185592030408971,0.4225154925550811,0.4271219113992635,0.4318026162710328,0.4360463428321398,17,0,1.0,0.19466556724857378,0.11511975580900805,0.17679284972861395,0.33847144546381136,58
CLEM,2026,,10,0.4269707737724775,0.006931334531136273,0.4181309578027193,0.42226822092690663,0.426846393095592,0.431660621286545,0.43594803515270786,10,0,1.0,0.2008004876786332,0.11358222804987635,0.1913669084126745,0.337985295402899,59
USM,2026,,12,0.4268977575148969,0.006707009554103109,0.4183594362718062,0.4223628613479782,0.426874571940609,0.43136179312645184,0.43556750725757554,12,0,1.0,0.19804530669975495,0.11160972980542568,0.18117300277411583,0.34044161910325804,60
CONN,2026,,15,0.4268798045936781,0.009008380600892875,0.41526724621918776,0.4208108842676531,0.4269099331667373,0.43289084228805286,0.43853459444169274,15,0,1.0,0.2276758615808687,0.1150652454269318,0.16524895498213618,0.34154559682402397,61
SJU,2026,,13,0.426867460139403,0.00819875102011211,0.4165779979933352,0.421322382174571,0.42661146932775973,0.4323343650925764,0.4374751180585087,13,0,1.0,0.20102277838542337,0.12293879183901985,0.1642137974055238,0.33460723424923067,62
URI,2026,,16,0.42671366878135214,0.008688380089358261,0.4156125301486044,0.42084056286514193,0.4266095113353551,0.4325149910876302,0.43770315326477177,16,0,1.0,0.19788557246533683,0.11450492058885466,0.1677613391252577,0.3307473451044818,63
ASU,2026,,17,0.4265643338949789,0.006310101675225312,0.4184370331433136,0.4221917921706969,0.42655937053561566,0.4308767140845383,0.43463853876037356,17,0,1.0,0.17091241895120582,0.11023115688361981,0.17482354058847976,0.3368290013494573,64
VCU,2026,,14,0.42649969530087967,0.008593286970617406,0.41553469995767117,0.42073035274193216,0.42636524904074546,0.4320845907054819,0.4374868214578628,14,0,1.0,0.20037543458298906,0.10727363265583487,0.18691503999589568,0.3438406207272276,65
UCSD,2026,,12,0.42649934840004555,0.007776666369785098,0.41670270446437324,0.4212134448852705,0.4263671051427351,0.43164575001467487,0.4365707949847508,12,0,1.0,0.19448043604722862,0.11539679175101418,0.1775326913967653,0.32861908475535745,66
ND,2026,,13,0.4261827115445659,0.008460260947541114,0.4153684710194265,0.42035598618087755,0.42614164354174033,0.43181783757007897,0.43701207282289867,13,0,1.0,0.22863819184168194,0.11230930117828844,0.17998402261697952,0.34073707217547644,67
SDSU,2026,,11,0.4260429943354642,0.01182381908450756,0.411026955294496,0.4179511347182175,0.425807714511077,0.43397630460459474,0.4413141413635379,11,0,1.0,0.19396645021829534,0.11114086091139841,0.17034518048225258,0.3475829863583513,68
NU,2026,,14,0.4256887529866457,0.008552718708690914,0.4148000865825367,0.41993725877103055,0.425532229540708,0.4315324600839545,0.4366952075245801,14,0,1.0,0.2094640086128919,0.12381226344826905,0.17925510289837546,0.3402428256193752,69
UCF,2026,,18,0.42547402256250916,0.006873979466808646,0.4167718160471288,0.4207904848398636,0.42546799928085705,0.4299947407198371,0.4343860894533161,18,0,1.0,0.1904896792307957,0.12655699466068365,0.1657165743979461,0.3340706639973691,70
BAY,2026,,15,0.4254706935724655,0.008245413417934553,0.4149806014293274,0.41969776436392825,0.4253129896008102,0.43104386084478297,0.4361869394484136,15,0,1.0,0.21328212317922507,0.12346345999011184,0.17048649547899067,0.340751872138141,71
LEH,2026,,18,0.42520696691402393,0.007921168719450483,0.41498293393808416,0.41982266479824365,0.4251595266591731,0.4304575337943448,0.43546502224818684,18,0,1.0,0.19036074207578382,0.11369480761622208,0.170698856825901,0.3448891134532731,72
TROY,2026,,15,0.4243018914261951,0.006468700181263223,0.41601753724284,0.4199045997223574,0.42425183879450656,0.42862397258328655,0.4327174079511947,15,0,1.0,0.1977222816994777,0.11476961315162224,0.16637876085700945,0.3341930443443425,73
NIA,2026,,13,0.4242204579021958,0.0075889411417234915,0.41466603055889456,0.4189412709966182,0.42410087728807944,0.4292835770332496,0.4339870454236814,13,0,1.0,0.20162177021658323,0.11932258204941709,0.17453669994377966,0.3345845799373327,74
AUB,2026,,16,0.4241493048098444,0.00640159570446229,0.41594566430299384,0.4197918098593489,0.42415777668169413,0.4284255468319515,0.4323371592207027,16,0,1.0,0.1852193143716849,0.11566590219774701,0.17236979540682712,0.333064019084876,75
WOF,2026,,19,0.4239904822021228,0.0079399907656937,0.41390139965375644,0.4186514099870276,0.4239120984357009,0.4292650450826329,0.4341730249912997,19,0,1.0,0.1820802113938047,0.12380161961658208,0.16622879962637913,0.3374194991169059,76
NORF,2026,,15,0.4235420969747796,0.009072939875387917,0.4120024195579938,0.4173527338932059,0.42335779027338927,0.4296197185031799,0.43512820193964863,15,0,1.0,0.21680046871395225,0.10486060907421675,0.17632879522977182,0.35241610599955,77
ILST,2026,,14,0.4234761956967886,0.007594909343810587,0.4137610570727059,0.41829062090262015,0.42348464294667965,0.42851949959012314,0.43324930095646164,14,0,1.0,0.18599286610845273,0.10150154191125502,0.17181007763837436,0.34932533209233235,78
UTU,2026,,16,0.42340730790683817,0.007175861162224299,0.41428272003022387,0.41838888149833764,0.42336724853578506,0.42819830506731044,0.43267476668656235,16,0,1.0,0.18026161983704947,0.11490850050850808,0.16026675064246299,0.33613691648252053,79
KSU,2026,,16,0.4233821183504926,0.006637618910268032,0.41498773898068236,0.41889278523075457,0.42331898385124184,0.42791214389722204,0.4318481320074582,16,0,1.0,0.21486196307574668,0.1292758079051893,0.16145185100090126,0.3225775503459105,80
USA,2026,,14,0.4233636081967499,0.009533470610085071,0.4111006162104697,0.41696526555521407,0.4232091771973325,0.42967583269557086,0.4355906353890954,14,0,1.0,0.19970664599564808,0.11596726953115966,0.1789409578563141,0.3411305744548406,81
MINN,2026,,12,0.423317155258806,0.006935135850896974,0.41445991136855925,0.4186282985559693,0.4232659145875199,0.4279210529089593,0.4322619717123448,12,0,1.0,0.2116997589170048,0.11765042927292461,0.17594017123523076,0.3397209612887335,82
ME,2026,,17,0.4233060231657768,0.008537722557382938,0.4124755095585608,0.41745421541691824,0.42310942143739505,0.4290795308246417,0.4342451159481685,17,0,1.0,0.2117218202859733,0.11094590141508275,0.17299520977309696,0.34632566870183557,83
WIN,2026,,17,0.42322712525325595,0.006914840523090188,0.41450437751257746,0.4185176534265309,0.4231962969223226,0.42781480549601153,0.43205039463889117,17,0,1.0,0.16369198303680543,0.11221491657906436,0.1587986398571714,0.33305960660152945,84
UMES,2026,,14,0.42312467781200874,0.008805503024576413,0.41189225596839923,0.41719760722121363,0.42308744911740115,0.4289887883013608,0.4343833994151148,14,0,1.0,0.20593011540119638,0.11114264096860035,0.1661779067966638,0.3449339654488823,85
NCSU,2026,,16,0.4230059220055221,0.007012496664466533,0.41392562586246956,0.41827829416250567,0.4229634949621832,0.4277159170536127,0.4320535663500321,16,0,1.0,0.1883307256101571,0.11691904459833272,0.17392557688098087,0.33122574783461733,86
UK,2026,,16,0.42280313617176335,0.006428619373570288,0.4145822862057234,0.41843509966002834,0.42268299143288635,0.4271528041967263,0.43109450591645576,16,0,1.0,0.20900408002824022,0.1087463792159449,0.18046413130007233,0.3367749641893153,87
BEL,2026,,14,0.4227329945033608,0.007922779478273795,0.4126561697680847,0.41734558125688137,0.42259063065238506,0.4278980935532209,0.43304693551496365,14,0,1.0,0.1996992179982839,0.10803761988377043,0.1745520622373749,0.34943374889678097,88
WVU,2026,,17,0.42266850473716916,0.007595401968777061,0.4127839146501805,0.41750143681728397,0.42269662509943223,0.42772953795000845,0.43241994839972975,17,0,1.0,0.21718583459887705,0.1107760561428466,0.1731751475890333,0.34108233108948316,89
WASH,2026,,14,0.4225362341746631,0.007323959655090617,0.4130940857321388,0.4174777521066343,0.4224826885870031,0.4274135845218829,0.4319480249806709,14,0,1.0,0.21284810604846355,0.1201858961719228,0.16835735852292807,0.34198885868385526,90
MISS,2026,,16,0.42241971076202117,0.007219717427604826,0.41319926229099013,0.4174963735169523,0.4223623141985705,0.42729794181104563,0.43161785787174495,16,0,1.0,0.23212158492778187,0.1361768275209233,0.16952525446487746,0.3297689199219783,91
HAW,2026,,18,0.4223582919177965,0.007325137168037643,0.4129822394900407,0.417415117093849,0.42226624974643584,0.42731230330577497,0.4317874246064835,18,0,1.0,0.21296628707403387,0.10458176802833366,0.17307184786010715,0.34262671147482,92
ORST,2026,,15,0.42217771313913854,0.0073679684556626395,0.4128609802324425,0.41706758367628277,0.42211708799193304,0.42718996869656467,0.4316772267969218,15,0,1.0,0.21861124492326106,0.11325677288731488,0.1644890069141932,0.3368240135028454,93
LAS,2026,,17,0.4217210329580662,0.011179463138991907,0.4074764207176964,0.41402670918237583,0.42158161244548487,0.4293420787072386,0.43619531769749853,17,0,1.0,0.18701315526326567,0.13408201967932926,0.16341392316945377,0.33434239782656683,94
FOR,2026,,14,0.4216906043443535,0.007609970698231342,0.4118987545814665,0.41662868653612145,0.42170194161978114,0.42680175201627013,0.4314325000502169,14,0,1.0,0.19669144656378307,0.10721358608290878,0.1773937025969205,0.34468307212927485,95
JKST,2026,,14,0.4208351639076209,0.009527366809091341,0.408692942233322,0.41435224614797495,0.42071551994546763,0.4270920631218288,0.4330957948200141,14,0,1.0,0.17811097366777176,0.12519551094530615,0.1581608838630084,0.3390910117305957,96
UCSB,2026,,16,0.4207074272109614,0.006642952251316411,0.41220954578014096,0.4161922113430306,0.4206788960527437,0.42516756278915724,0.42919142328237836,16,0,1.0,0.18970398823982443,0.1023254897584599,0.174318411185535,0.346190592631458,97
AAMU,2026,,15,0.4205703718178214,0.009198469535326487,0.4088031953802254,0.4143915032576667,0.420381100737926,0.4267919841402203,0.4324861074691633,15,0,1.0,0.18869167178296395,0.11741811672216682,0.1620806448473651,0.33665663889046854,98
SFA,2026,,19,0.42056754789986445,0.007963140514770815,0.4103456609654008,0.4151762536737098,0.42059053117901957,0.42591154175518536,0.43074135119326146,19,0,1.0,0.18540600291096482,0.12642547702874504,0.15733177287301295,0.33411623650383165,99
UTA,2026,,18,0.42044617134470424,0.007907298367902871,0.41026638902096774,0.4150214810085403,0.4203360913220445,0.4257886314650581,0.4306398898803554,18,0,1.0,0.19810378587057445,0.10507950486565094,0.1767894940492725,0.3440281955773943,100
IU,2026,,14,0.4201727900164979,0.008378011383859107,0.4094479253669448,0.41434895639592034,0.4200510219333902,0.4257714003745672,0.4310732918871754,14,0,1.0,0.20736525477072323,0.11703091279894226,0.1584776946366862,0.3305849855240897,101
TOW,2026,,15,0.4201460599884392,0.008426994873745505,0.4093881956525629,0.4143636897631471,0.42006064893733486,0.42579191907094216,0.4309330559696297,15,0,1.0,0.1871814895486228,0.1148805948545993,0.1601869682062274,0.3413708754382119,102
SAC,2026,,13,0.4200504737434341,0.008070841052383647,0.4097455155057012,0.4145422530569062,0.41995282846782733,0.4253695872806626,0.4304662547969265,13,0,1.0,0.22746506748454573,0.1103819074106014,0.166780771909768,0.35204586593659914,103
UAPB,2026,,17,0.41963157418819264,0.009867699906178395,0.4071192103300776,0.4129054885940868,0.4194922266978933,0.42628913600598084,0.4322668627305236,17,0,1.0,0.18525208677523464,0.10528466695750646,0.16751293676171325,0.34981478747187705,104
APSU,2026,,10,0.41946660147371057,0.007913730607838452,0.4094222435791613,0.4141749551178492,0.4193083695069606,0.4246061212642251,0.4297799108202247,10,0,1.0,0.18125574154126026,0.1199297392959138,0.15644052639137107,0.3291858022141075,105
GWEB,2026,,16,0.4192349485616549,0.006875377452105531,0.4104673104338077,0.41457897905786634,0.4191562339802003,0.4238253583514535,0.42804125629466777,16,0,1.0,0.18597839093565105,0.10532836274694443,0.16377079026055474,0.34089688888150327,106
ORU,2026,,15,0.41918300803952335,0.0064979942421552715,0.4108786681036921,0.41472825218138115,0.41913494295074866,0.42346296344315765,0.4275292962865618,15,0,1.0,0.18730347025097763,0.11542900355525433,0.16613637733970193,0.33643694244425115,107
USC,2026,,13,0.4190832985743084,0.00723767298136303,0.409736894955508,0.414086097292759,0.41901367987723936,0.4239952216799501,0.428368151433808,13,0,1.0,0.19998420100224712,0.10500381641045853,0.17812013024790316,0.3413688243357201,108
DAV,2026,,13,0.4189001552600635,0.010942283877205219,0.4050950359134506,0.41150089995553185,0.4187421264764384,0.42621030883857136,0.43287652758349865,13,0,1.0,0.2333107055724131,0.11176347672142914,0.16181697809905324,0.3430268846020485,109
KENT,2026,,13,0.4187134222956065,0.006990430027417184,0.4098546469083497,0.41399798794642173,0.41856078809050534,0.42334763362518896,0.42766396022731695,13,0,1.0,0.20089562036548897,0.11470031819675844,0.15933689935840228,0.33926988681296205,110
MD,2026,,14,0.41870930718275257,0.008706951633245719,0.4076791896555751,0.41271890465226,0.41858418872223635,0.4245769100922074,0.42991088033007413,14,0,1.0,0.2010791592967112,0.12221336053772909,0.1601877050019555,0.32766527268365664,111
SJSU,2026,,15,0.4186387607481802,0.007922880388668485,0.4085640726646735,0.413209799637162,0.4185608578031212,0.4239181233463204,0.4289048844104995,15,0,1.0,0.20557076367049915,0.11407152360878393,0.17247826850279763,0.340811469815547,112
FAMU,2026,,18,0.41860655969958,0.007753910084076294,0.4086309954876357,0.4133750791563121,0.4186058558033917,0.4238085838317272,0.428578258480297,18,0,1.0,0.19554534112405839,0.10904942677381838,0.1706194754317666,0.33093116977320375,113
AMCC,2026,,16,0.4185198621365298,0.008824422822688496,0.40732759965791676,0.41251085754050043,0.4183650282427486,0.4243888056099411,0.4297172153426433,16,0,1.0,0.19279545304289608,0.11032582706286713,0.16817550467764927,0.34872906356704925,114
OMA,2026,,14,0.41824385157733096,0.007080953804098611,0.40919058273539555,0.41338802159866683,0.41814003368119096,0.4229541498956183,0.4274424876267448,14,0,1.0,0.1913580807068508,0.11166640624037173,0.1626152784096218,0.3423577864657128,115
GMU,2026,,14,0.41790793874569954,0.007692134333413475,0.40824261599593886,0.41260524374702556,0.4178547553146114,0.42309761293196463,0.4277326824165918,14,0,1.0,0.18051011505181186,0.10799514958618255,0.15476789338718164,0.3370574655108474,116
LR,2026,,17,0.41731162699619634,0.007597531040446559,0.40752364508247096,0.41204868343419976,0.4172161386718566,0.4224991382216986,0.4271468659794937,17,0,1.0,0.1680365108625866,0.11330212447711865,0.16931257827009208,0.33763990418927115,117
UIW,2026,,15,0.41717236088021253,0.009020729756713171,0.4056994643747577,0.41110964518720783,0.41721364572105446,0.4231487804103252,0.42861586271873703,15,0,1.0,0.18446029322884952,0.13940336979974313,0.14771783566993005,0.3270907814782428,118
HOU,2026,,17,0.41712219012480883,0.00695488870007006,0.40830475558632046,0.4124263196415255,0.41715939870093055,0.421775513267707,0.42595138527684706,17,0,1.0,0.21065974696989562,0.11859520095520806,0.169127129735888,0.3338829966579893,119
STAN,2026,,16,0.4169666643964454,0.007618923899455735,0.40725836052119146,0.4117008946124354,0.41682542654986726,0.42214281331159353,0.4268446672812787,16,0,1.0,0.19741788835094465,0.10693153312929371,0.1797650615369054,0.33802623729592074,120
TENN,2026,,14,0.4166601525455375,0.007177688754921848,0.4074614532917433,0.41183354042567405,0.41654654226663235,0.4213571031190677,0.42592946637324813,14,0,1.0,0.2083255059826404,0.1289380933231791,0.17104917184236515,0.32749464352670526,121
QUIN,2026,,13,0.41662477560376593,0.00864055954257537,0.40568377160840124,0.41071216948062256,0.4164287292988622,0.4223795750327267,0.4277978286624618,13,0,1.0,0.19223056491607118,0.11014142564811755,0.1588134221854489,0.333445175791493,122
PITT,2026,,16,0.4163581552247971,0.00686506898034077,0.40762698095592526,0.4117000633059402,0.4162583828278279,0.42087728114268386,0.4252705675474235,16,0,1.0,0.2143291627088841,0.12520459252039118,0.15751269614045987,0.3220249964293238,123
STBK,2026,,17,0.41625007964976446,0.008400865527668517,0.40559112906924816,0.41059160897192243,0.41616273924527625,0.4219120874241842,0.42717674324863136,17,0,1.0,0.1926452342449926,0.10957032143525726,0.16881325528629004,0.33704079551157395,124
SIE,2026,,19,0.4162222441938935,0.006825259559676818,0.40755678949936164,0.41153331240892216,0.41612163274946157,0.4206976436924776,0.42511256202908126,19,0,1.0,0.2072714702053152,0.10842573006664444,0.16791457960594944,0.3379790747822343,125
CMU,2026,,15,0.4161825347601436,0.007094903393490233,0.40717107977827577,0.4113800967451729,0.41611723127523753,0.4208747634115786,0.4252947828380161,15,0,1.0,0.19880962559395918,0.10729259496865723,0.1670310898246615,0.34385069999256973,126
ILL,2026,,13,0.41585487511256963,0.006993952401145979,0.40702973139319626,0.41104935724690306,0.4157492093118384,0.4205681524111269,0.4248374587013386,13,0,1.0,0.19350103475928424,0.11829249420180976,0.15949801234222857,0.3248527802768018,127
FLA,2026,,15,0.4157502525169739,0.008105873225744414,0.4054712951962798,0.41023495588394376,0.41569070477560943,0.4210770195749763,0.4260904520354083,15,0,1.0,0.20905452698221544,0.1142699627231567,0.16471118641016463,0.33614792094939955,128
INST,2026,,14,0.4156983775989982,0.008408936374817396,0.40506633731819014,0.40988924520462156,0.41560426801939077,0.421406548951831,0.42664353598124466,14,0,1.0,0.20995955496711668,0.10017827803637942,0.1684846198223867,0.34046053303760415,129
FRES,2026,,14,0.4153543394280739,0.008288639813012371,0.4047532502517217,0.40974421201053446,0.41529410143301837,0.42091991735497325,0.4260889189650221,14,0,1.0,0.17770431790207217,0.10158535303676819,0.16788466010617428,0.34363776457162265,130
SEA,2026,,14,0.41529985676672077,0.01094152470753299,0.40146513110970616,0.407694253094418,0.41508103033492977,0.4227614083372139,0.42957767581674494,14,0,1.0,0.2227188845033147,0.11486346985938531,0.16597286468948397,0.3404389828061955,131
UNM,2026,,16,0.4150971122988875,0.007904333455773974,0.40497185505323885,0.40964560617231593,0.4151641542276615,0.42040023854583497,0.42529600387249883,16,0,1.0,0.1766465626791251,0.1235297418169705,0.1438309549338379,0.32846189302400564,132
JAX,2026,,16,0.4149863988954345,0.007888835979884096,0.40496334745561613,0.4095374198091967,0.4148826593306898,0.42024592758366586,0.4251577630994998,16,0,1.0,0.1963336910479477,0.11690692266865156,0.16107844123458911,0.34273348151451105,133
EIU,2026,,18,0.41495850977820964,0.006166892627381467,0.407157097355689,0.4107491237756291,0.4148292484564968,0.41909054569576476,0.4229704616040109,18,0,1.0,0.17890219614349545,0.11572693173494675,0.15599829451826855,0.3345466510291406,134
TTU,2026,,15,0.4146359457524225,0.007125671830224383,0.4055078800789859,0.40977602919130873,0.41455068222623037,0.4195036685299043,0.42389458452152967,15,0,1.0,0.19059747812822475,0.1315317217023871,0.16223210337230654,0.3267499649896453,135
WIU,2026,,13,0.4146217540027357,0.00795070577287539,0.4046228061939135,0.40925946492476795,0.41453387923228263,0.4199370187085239,0.4248677049172709,13,0,1.0,0.19611376406209666,0.12344868036990946,0.1541809196888397,0.3320705400164827,136
OSU,2026,,13,0.41451110974892447,0.008552718621865423,0.40370958390616085,0.408607287147304,0.4144425250187782,0.4202184607854932,0.4255825760572301,13,0,1.0,0.2211102604202661,0.12106185229262491,0.16599208368591006,0.3359098617321247,137
COFC,2026,,14,0.4144851050988896,0.008057873289445603,0.4041306638710817,0.4090762398924567,0.4144441837247806,0.4198367116793196,0.4247427582935967,14,0,1.0,0.19794475216096605,0.10736002405920096,0.1573058275268017,0.3308023953750214,138
LEM,2026,,17,0.4144407220176958,0.007905951940766251,0.40448025904763985,0.4091115883341514,0.41436584000910437,0.41967216853637324,0.42463299306552355,17,0,1.0,0.20732897842034537,0.12897984459892228,0.15403901730243977,0.33190547449343527,139
JOES,2026,,14,0.41435799549588026,0.008140654264397775,0.40394664396459773,0.40871800426263405,0.414289494674551,0.41976342583912296,0.4249216665221375,14,0,1.0,0.21431409881488944,0.1059539436502586,0.16617799106047992,0.3398909476984747,140
UCI,2026,,16,0.4142253887042589,0.007706829832643394,0.40443029907324146,0.409013212242348,0.41418583505724277,0.41931973047872845,0.4241671034624849,16,0,1.0,0.2156008027444446,0.12685385309814426,0.16132550308882698,0.34228265727841506,141
PORT,2026,,15,0.41401734398469436,0.008544594966591601,0.40314750404738203,0.40819825864623377,0.41396375462346685,0.4198508881064685,0.42480734111075547,15,0,1.0,0.20837310746439433,0.10931264352200921,0.16182072044570467,0.3285387030998067,142
LIP,2026,,16,0.41375091669684916,0.008116510612249099,0.40338662316237883,0.4082777737232597,0.4136489983843768,0.41905853319979625,0.4242135089895197,16,0,1.0,0.183489212106958,0.11110073861184155,0.1616162412829557,0.3367627892636056,143
IOWA,2026,,15,0.4136232121190611,0.006989977307484116,0.40489240487533595,0.4088040779450285,0.4135550549617616,0.41835027799653135,0.422625806473269,15,0,1.0,0.19970755950784239,0.11450162807029751,0.14905155224530475,0.34274934469599655,144
MCN,2026,,18,0.41356475486873995,0.0076281905385576386,0.4040246108128743,0.4083003779877095,0.4134900307334273,0.41866762313202394,0.42341198142078657,18,0,1.0,0.21014870937062125,0.11097673704404569,0.16864388280217932,0.3382348805858928,145
USF,2026,,21,0.4134779031952771,0.006846750890480197,0.40477468206072903,0.40884785414063146,0.4134050401193645,0.4180701860829587,0.4223196922293838,21,0,1.0,0.17602080902746964,0.11599200062287479,0.1652148288662156,0.33814567553554414,146
OKST,2026,,17,0.41321107401224416,0.008338139956104482,0.40266417585835507,0.4075297721358788,0.413098272169578,0.41874193375570595,0.4239096569389958,17,0,1.0,0.24222935306017856,0.11449006514361489,0.17820511166580602,0.3390606217877225,147
IONA,2026,,15,0.41299073238344575,0.007926109061351811,0.40299064332248674,0.40757111196663587,0.41295118985815715,0.4182024044616717,0.4231554645379952,15,0,1.0,0.1860199436424686,0.09721342567760599,0.16829194731096322,0.338088805230317,148
CBU,2026,,18,0.4129761947887087,0.008245323712323928,0.40246217887521546,0.40741834928520976,0.41289426545614866,0.4184261070075962,0.42347195569315665,18,0,1.0,0.19080353072900139,0.10893928929136149,0.15980503542883917,0.3362248496297606,149
TXSO,2026,,14,0.4126823145333099,0.01121323785251908,0.3984922352064252,0.40515522000920406,0.412510836538034,0.42016903421608504,0.42715737264133824,14,0,1.0,0.18013567996295124,0.11194969121381725,0.15442669029557732,0.33237413460957255,150
CARK,2026,,14,0.41268179278096156,0.008159263536382057,0.4021696801684175,0.4071650870302438,0.4126490119516741,0.41807210685376167,0.4230750200770574,14,0,1.0,0.20966693566595246,0.10812824608620752,0.15527038583343789,0.3376555901116937,151
ARST,2026,,15,0.4126684113537702,0.007506077573677683,0.4031365124615743,0.4074965021441811,0.41252108690218414,0.4177607904609145,0.422353826637561,15,0,1.0,0.1949226714201536,0.10855562449480874,0.16832998729766552,0.33746815093788196,152
MRSH,2026,,15,0.412664862396758,0.007332603362294171,0.40324127087772194,0.4076850517333285,0.4125937811554171,0.41751208582626254,0.4220747692706471,15,0,1.0,0.19622207020245128,0.10625227432407816,0.16013410967700167,0.3382957200330107,153
UAB,2026,,13,0.4126346302395131,0.009627261850102476,0.4005530903453143,0.4061861988091124,0.412447717794603,0.4190021185109221,0.42507120050817626,13,0,1.0,0.2089334607234152,0.11805248440756627,0.1632466389510152,0.3283459669725995,154
PENN,2026,,13,0.41246013336972936,0.0077038266383174115,0.402532516883582,0.40720302329729485,0.4123730162965512,0.41769050428778715,0.4224148033685101,13,0,1.0,0.19761345862971721,0.11175026517016604,0.1713461231004028,0.3317890923439256,155
CLT,2026,,13,0.41245971675778564,0.007154545292962371,0.4033209850625814,0.4075116468173282,0.41242482562872096,0.4173483258543052,0.42168104917275084,13,0,1.0,0.20306287706023915,0.11200409094208302,0.16579811477026357,0.3329472523795809,156
FGCU,2026,,14,0.41227861058222554,0.008038692866034921,0.4021635879939213,0.40686808494263355,0.4121188516643127,0.41765486548421177,0.4225498457333552,14,0,1.0,0.20455451249544643,0.11263462278952663,0.167431387503895,0.3443634167227512,157
HC,2026,,18,0.41220818279366106,0.009269089620310852,0.4002620221003008,0.40611958572988793,0.41225535741877417,0.41824141044346735,0.4241218724780702,18,0,1.0,0.20785459729568875,0.12369998199285459,0.16451636967882843,0.33144239060316216,158
USI,2026,,18,0.4114576528698639,0.00738101828831132,0.4020867202852852,0.4064617558069483,0.4114026438430637,0.4163656512725507,0.4209373727640412,18,0,1.0,0.16616323197120167,0.10901169610146294,0.14572526413208384,0.34023568194886417,159
NAVY,2026,,15,0.41142560585166227,0.007528098150433684,0.4017640630272156,0.4063353551937673,0.4113920043254149,0.4163779030424546,0.42092657595271415,15,0,1.0,0.18994128560443133,0.11719713536429063,0.14880120076679088,0.33068297196477553,160
FIU,2026,,17,0.41116858431807957,0.008017636456529585,0.4009173731034618,0.4056472192019519,0.4110757009278011,0.41665507724721096,0.421456362647184,17,0,1.0,0.21743985496667628,0.11457154269486708,0.16884636541453119,0.33097791872438687,161
ALST,2026,,13,0.4110132802884219,0.01058844837631735,0.3976143008423346,0.40380222076991906,0.41088975265290384,0.41811576943773626,0.4248193412029912,13,0,1.0,0.2086505670641871,0.11566816232235982,0.15373539866715735,0.34099095098660415,162
NJIT,2026,,17,0.4109546078975951,0.008137775540991413,0.40052825653806123,0.40541218964858666,0.4109118547036623,0.416353991562292,0.4216188492215064,17,0,1.0,0.22566790299493067,0.10160482392615587,0.16786973908441702,0.3377447286994606,163
EMU,2026,,14,0.41084984946829955,0.007948121818049882,0.40080428133921864,0.4053160454998991,0.41066015707213976,0.4161899362865034,0.4211072176424141,14,0,1.0,0.20396610404025686,0.11389754343658999,0.1563201136561871,0.33033096735490813,164
GTWN,2026,,16,0.4106445281940381,0.00802215996168508,0.4004195320429668,0.40523514384375703,0.41060909280222013,0.4160081232275421,0.4208393582883444,16,0,1.0,0.2067570979818043,0.1192760445880909,0.14880054341461757,0.3285644135712741,165
STMN,2026,,13,0.41043157604491637,0.008242882370977176,0.39993767455413654,0.4049054360690537,0.4103429164006877,0.41594764570014486,0.42105668516607625,13,0,1.0,0.16422837779427607,0.10695150562545627,0.15724399866118072,0.3318009150905058,166
MRMK,2026,,16,0.4103669833889457,0.009219741198546995,0.39858208615232954,0.40411032604768127,0.41034904944126555,0.41663992848390696,0.4220801742506506,16,0,1.0,0.2167955214716093,0.12811884677333096,0.16041406643499623,0.3265974758557856,167
SEMO,2026,,15,0.41029754063909796,0.009755797756694409,0.39784066710219407,0.4035977943540676,0.4100705590040127,0.41681000853093764,0.42306187400165585,15,0,1.0,0.18684066730383878,0.11346902718080165,0.14640057756675426,0.3328846102237914,168
ARMY,2026,,15,0.41025940710244113,0.007679267838949296,0.40056725762458245,0.4050861217309226,0.410223966070927,0.4153111515974925,0.42006434140748256,15,0,1.0,0.19185546868163408,0.10687375628995237,0.1594636508956195,0.33551993365688837,169
EVAN,2026,,14,0.41025160576409253,0.009543007029209802,0.39811651158305794,0.40382912316958774,0.41008985215533406,0.41663357707996196,0.422441788274395,14,0,1.0,0.23062961244027855,0.1261480367220669,0.16230411803431186,0.33599292846362355,170
STO,2026,,16,0.4101956896844327,0.00910679922066182,0.398546368436803,0.4040995350640575,0.4101859230480507,0.41613593942167737,0.4218177826209258,16,0,1.0,0.22487772104590964,0.11519512418459142,0.16178174295002284,0.32763411258552466,171
AKR,2026,,17,0.41008772654045905,0.00953949726597658,0.3978618872654644,0.4035734909691858,0.4099372751653875,0.4164651689437019,0.4223750281381573,17,0,1.0,0.20053656104024575,0.11090885635178811,0.15403221202787262,0.33161891409603356,172
LIU,2026,,16,0.410019644711036,0.008162278416646646,0.39956568866351805,0.40443780973132454,0.4099169249682312,0.4154316832500335,0.4205776233497805,16,0,1.0,0.2033637901144919,0.11163339634268307,0.16189992458615077,0.3326133384620481,173
CHSO,2026,,16,0.40974443261941795,0.008173160189613839,0.39920834044790554,0.4041873713851377,0.4097525625814066,0.4152124782847145,0.42035770623401353,16,0,1.0,0.19525943107255517,0.11862476950207182,0.14589860239947544,0.33066780700314446,174
GONZ,2026,,16,0.4097304867308496,0.007418980251218887,0.4002903390665674,0.40473603276707126,0.40964031664989226,0.4146581495229584,0.41928667792519947,16,0,1.0,0.18918464326838136,0.0976067982837858,0.1664561414700349,0.3379894339423177,175
RUTG,2026,,14,0.40953823711848747,0.007827734724886294,0.39965391973078523,0.40423819411268425,0.4092866657973111,0.41475605870480414,0.41972526407507077,14,0,1.0,0.21742691914167311,0.11175826952925301,0.1647585482833061,0.33865520852566317,176
ODU,2026,,16,0.4092830769109086,0.00727440011170934,0.4000164178292413,0.40440197600044586,0.4092446034331233,0.41414485883701113,0.41866855057988717,16,0,1.0,0.21641790126999022,0.10695681954642856,0.16094625972850943,0.3319082479667402,177
MVSU,2026,,14,0.40925817522413954,0.011334251699310259,0.39479065892445386,0.40134415165045123,0.40917059901219766,0.4167708607362548,0.4240933793769556,14,0,1.0,0.2421828315950829,0.1030898960960364,0.16772088190855916,0.33695621228228617,178
UNLV,2026,,14,0.409115282268032,0.008380841658984978,0.39853976929883345,0.40339541349858743,0.4090151620265827,0.41455806959502606,0.4198966321897065,14,0,1.0,0.19607340465743464,0.11944337388170696,0.14569481832541858,0.33444886396169055,179
BELL,2026,,17,0.4091051801981925,0.00831435595635293,0.3984448039564773,0.4034072084041214,0.4089728410668461,0.41472375755577284,0.4199274410798656,17,0,1.0,0.19915468301126155,0.11727397778696877,0.15806642936571844,0.32724233082662985,180
LIB,2026,,14,0.40897883966049847,0.006441121736019623,0.4007637503552137,0.4045367306297009,0.4088889214192447,0.41337725384102586,0.4172715842246655,14,0,1.0,0.21963244578357147,0.11811810604737279,0.16955013211591155,0.32133468960073347,181
CIN,2026,,13,0.40897033596588045,0.008061090422593136,0.39875509185951585,0.4034228868253442,0.4088513435476136,0.41432209803911685,0.41925684549212666,13,0,1.0,0.21213542973586363,0.11160323989464167,0.15647319556387845,0.33455059399912596,182
MASS,2026,,10,0.40873850947252865,0.009075684216527113,0.39719488769702205,0.4024995243012066,0.4086283749033543,0.4148760208796852,0.4205243580555194,10,0,1.0,0.19460515501181136,0.12583206052482676,0.14574457723695744,0.32906378943254394,183
CIT,2026,,14,0.40871845442027527,0.008012637384906436,0.3985486582791461,0.40322596918377934,0.4086000357132924,0.41408333332081176,0.41894032419277066,14,0,1.0,0.20389031051563328,0.11168195153409241,0.1637416413450186,0.34345623342140735,184
LIN,2026,,16,0.40845670992098976,0.008216248198137885,0.39792261037323295,0.4028369379662984,0.408460401488559,0.4140849581037501,0.4188438942259481,16,0,1.0,0.22752749149937895,0.10179262798355286,0.16949041952315075,0.33469834036854706,185
SDST,2026,,16,0.4081840645179427,0.008694766290792218,0.3969568418925928,0.40219029025873754,0.40815246886866596,0.41422053197438624,0.41931244777839827,16,0,1.0,0.1946357144441176,0.1143337480741778,0.154129297865448,0.32854417067196307,186
CP,2026,,13,0.4080784765439258,0.0065889895203835236,0.39967931072659896,0.4035641027344931,0.4079406100849513,0.4125942318796982,0.41655844061351305,13,0,1.0,0.1952080334851548,0.09655092936933583,0.16635974354897248,0.34421638605948984,187
TNTC,2026,,13,0.4076041277794153,0.008729832368464797,0.39646903895625885,0.4016633325401584,0.4075775011666009,0.4133842408106794,0.41873440030334674,13,0,1.0,0.18838700545965373,0.11625885136054137,0.14468068024417957,0.3227278658977983,188
RAD,2026,,14,0.40751339226666106,0.007751535669447972,0.3978050171776248,0.4022664249703979,0.4073700038283236,0.4126010121209609,0.4175224026861924,14,0,1.0,0.17636222510516406,0.1092072052493087,0.15174590168449695,0.33266580866858936,189
MEM,2026,,16,0.40746932297356714,0.008438743569504125,0.3967401047825043,0.4017408798363658,0.40739559227945377,0.4130715811914665,0.4183644302338792,16,0,1.0,0.23704369380859905,0.11947328149241032,0.17387625608858354,0.3328668623271873,190
GAST,2026,,18,0.40728579471439663,0.0077972411919969295,0.3974167874132803,0.4019374838242086,0.4072380671575844,0.41247529441167025,0.4173198942274883,18,0,1.0,0.21145549610103753,0.12638350006476448,0.14493356440100094,0.33195301908139657,191
MILW,2026,,15,0.4071813020427697,0.008606810573024993,0.39609258533325764,0.4013291422450776,0.40717066316199113,0.41296830616263874,0.41809901317322157,15,0,1.0,0.2418938413447034,0.12294471380962288,0.15550404734859127,0.33622791522837386,192
SF,2026,,16,0.4071765226979237,0.007280363906228559,0.3978556267638514,0.4021309907136615,0.40705030050856694,0.41210604390645317,0.4165115021312126,16,0,1.0,0.2097274321273037,0.10140469413932221,0.1612373078048982,0.33763351461527175,193
GW,2026,,16,0.407119058344032,0.007957158401444656,0.39687607301890804,0.4016872192038164,0.4070567374631884,0.4123970123098662,0.417315665729573,16,0,1.0,0.1888719017188692,0.11161272325612631,0.15524356644616918,0.3333803353814836,194
GCU,2026,,20,0.40709293986504497,0.008007346960418115,0.3969215699744897,0.40169037298651533,0.4069991795459873,0.41239040589114834,0.4174800884936076,20,0,1.0,0.2034042849948865,0.11895576243427149,0.1555024883117685,0.3334281808113394,195
UL,2026,,16,0.4070697486410239,0.008598020454377369,0.39621452546856434,0.40118232255881775,0.40683174279795165,0.4127611361229125,0.41813500303094114,16,0,1.0,0.2052742026850396,0.10377438859008836,0.16422784512106295,0.3433188436401945,196
MERC,2026,,16,0.40704342860931503,0.01256928514327541,0.3910058611310338,0.39852000389985714,0.4067297813924532,0.41530537436829934,0.4233537481297916,16,0,1.0,0.22365492914307367,0.10044187565470322,0.17102481999575064,0.3323555134524983,197
MTSU,2026,,12,0.4070127658271818,0.006759759509666265,0.3983273642056964,0.40246957116897464,0.40690076913694695,0.4114509696372851,0.4157253589402948,12,0,1.0,0.18775011934673894,0.11273825163536193,0.16146153671664468,0.33072412721130867,198
BC,2026,,15,0.40690101832215264,0.007426559068151219,0.3975553071279037,0.40171639449428465,0.4067589897887717,0.4119171373967098,0.4164661674780387,15,0,1.0,0.2015830499042871,0.11548914636489635,0.15333886008371386,0.32221271576558924,199
COR,2026,,11,0.40683730338373963,0.011984355818905343,0.3914018756157399,0.3986690864768336,0.4066823540564932,0.4147805059864975,0.422183940923258,11,0,1.0,0.21873182289869708,0.10604267263661639,0.16720257390239185,0.3361451309930165,200
ACU,2026,,15,0.4064373592314211,0.006579116175296569,0.39802133718099036,0.402097993847146,0.4063685119185344,0.41081447214158107,0.41487937961177207,15,0,1.0,0.19351788019445415,0.11642619219450259,0.15090732062693407,0.321122326039254,201
MUR,2026,,15,0.4063415431022732,0.007880771101138734,0.3961895308983451,0.4009105243988246,0.40628988347887496,0.4116227042671526,0.41642355042029316,15,0,1.0,0.19827718615231163,0.11880103543263817,0.15383679893590038,0.3325043917548235,202
DART,2026,,13,0.40619328342355665,0.010151496217327268,0.3934350296130521,0.39914604942611975,0.40610480574973656,0.41309271582191204,0.41931609726080404,13,0,1.0,0.20377106900658543,0.10667352396462076,0.16235655562052867,0.34318812298162354,203
ECU,2026,,16,0.4059037370208239,0.0068266403703691044,0.3970577066959901,0.40131451110229166,0.4058901404583012,0.4103902418571652,0.4146909901546295,16,0,1.0,0.18632603441909057,0.10174885015519905,0.15758939171761271,0.3236624297622931,204
GASO,2026,,17,0.4055102931712194,0.009101463020266161,0.39381538131339705,0.39931368734682327,0.4053795041587461,0.41162939873546645,0.41720659486821304,17,0,1.0,0.21142490191800073,0.10408492645821134,0.16701256813792376,0.33542670802669466,205
MER,2026,,17,0.4054727994456199,0.008824907177975336,0.3943246951705452,0.39940295796092823,0.40533612838279115,0.411356756790381,0.4169249338862747,17,0,1.0,0.2194603719571636,0.12475966194376313,0.15687468300470792,0.3299665076576216,206
MICH,2026,,18,0.405430155728805,0.007558445996876358,0.3958987778219135,0.40028452105106105,0.405325011844674,0.4105191985108658,0.41508977094802985,18,0,1.0,0.2033981573925005,0.11164273991566054,0.16069135137100604,0.3272029822052731,207
UNA,2026,,15,0.40520598853267215,0.0076133236786037,0.3954097620205835,0.3999082328212319,0.4049964479000774,0.41045737850188113,0.41511759624119526,15,0,1.0,0.21773926807344016,0.11370689085396485,0.1559157231733045,0.33018726192108766,208
BRAD,2026,,16,0.4050965852077542,0.011427446048744095,0.39058249203278417,0.39739800286675914,0.4051455867186814,0.4126630605257573,0.4195940077804983,16,0,1.0,0.25319081754658657,0.11954869499319416,0.16779625233420908,0.3427806521340223,209
NIU,2026,,15,0.404935025206309,0.007874234077116692,0.3949691211179639,0.3995409177530116,0.40491483924104765,0.4102287341160319,0.41506849949310576,15,0,1.0,0.208117866369661,0.1169013638489632,0.15148266882562675,0.3291411543796091,210
DAY,2026,,14,0.40491872963145253,0.007915784163421242,0.3947215365325721,0.3995602194861838,0.404863711131495,0.4102975251856753,0.41502886742602957,14,0,1.0,0.19754837044318826,0.11288502671974263,0.15588961738794085,0.32658485136655085,211
PUR,2026,,16,0.40476721053205533,0.008107893333333137,0.3942919299162736,0.39927694386930773,0.40464799735080415,0.4103779633979587,0.4152847948352439,16,0,1.0,0.2000334154328242,0.10372638178118114,0.16777523652934412,0.33572685577894207,212
FAU,2026,,14,0.40469734236972893,0.007532084773713137,0.3950608986120433,0.3996092778044319,0.4045880905667364,0.40968958068621913,0.41440110767771926,14,0,1.0,0.20539702524909123,0.10944668980957777,0.15490606058394413,0.32972580485949593,213
MSU,2026,,13,0.40448384524129305,0.008127449014463344,0.39426201210903217,0.3988288500970288,0.4043753927244863,0.4099600972824341,0.4149466760429345,13,0,1.0,0.22276542655779227,0.1095771480401108,0.16752560572125216,0.3277877294736142,214
PEPP,2026,,16,0.40424357036727954,0.009616222513728163,0.3920216162814128,0.39767276065556745,0.40404768921267925,0.4107945959005243,0.41670161564792063,16,0,1.0,0.2128475136230341,0.10114851973539424,0.17161453225402024,0.34415471977929424,215
ELON,2026,,17,0.4042016960501221,0.007360104816242989,0.3947080875230713,0.3992363098798821,0.4042320929640168,0.40914620331800117,0.4136765545868742,17,0,1.0,0.1870105586800586,0.11216970706889848,0.1571043812656809,0.33186151696461136,216
LONG,2026,,17,0.40385640367919157,0.008019508579859254,0.3936385391354982,0.3984019172680169,0.403747769343067,0.40920642260853735,0.41432302389083975,17,0,1.0,0.20867859233715116,0.13007721416960344,0.1411759480537998,0.32772016903858475,217
PRES,2026,,19,0.403589656818801,0.008594959469176235,0.39272127663705747,0.39762481745947564,0.4034846707072966,0.4093966823557118,0.41472179070440546,19,0,1.0,0.2016315142463286,0.10229202235611409,0.16709672677480242,0.33801693089738305,218
MAN,2026,,20,0.403315966396067,0.007271669977690574,0.39402249795739164,0.3984041975713407,0.4032810296435066,0.40811086197050495,0.41263524649336897,20,0,1.0,0.20693704106743752,0.12168938340286214,0.15052458277477543,0.3310798774934835,219
SBU,2026,,13,0.4033148554136404,0.009297135902282809,0.39147108121119506,0.39697617656243217,0.4031973480027595,0.40958597260566443,0.4153172831161295,13,0,1.0,0.22044233859339238,0.12237133304657159,0.15167411992108124,0.33170464333358435,220
COLU,2026,,13,0.40320008001638746,0.008613569541809607,0.392105712088652,0.39747036188978085,0.40314861210878117,0.40883764107412013,0.4141366047435454,13,0,1.0,0.1994506130736046,0.12444734081683698,0.15776498615806483,0.3174704200404746,221
RID,2026,,12,0.4031528216861862,0.006902223899026291,0.39441070695013253,0.398476766953956,0.40308263254159893,0.4077734287486621,0.4119450036993355,12,0,1.0,0.18278415026929773,0.11198074646918715,0.15074877048476656,0.3243203764656431,222
SIUE,2026,,17,0.4031215613026761,0.006772411848990611,0.3945230428368569,0.39850978649439894,0.40304670021150435,0.4077252316624493,0.4118458801404572,17,0,1.0,0.2051884164115421,0.10470759478884636,0.1663865704267342,0.3234314340561543,223
CSUF,2026,,17,0.4028964062528778,0.007819217629905669,0.3929371139960505,0.39752574294374504,0.4027601628941929,0.40811677920201295,0.41305859759955577,17,0,1.0,0.22897379046348623,0.1033582863565407,0.15983668515232397,0.33638774002376853,224
MSM,2026,,19,0.40284655980880824,0.008205426230778207,0.392350341798391,0.39720555313988504,0.40276649474995896,0.40835580119818404,0.41348166215796667,19,0,1.0,0.20198104966605754,0.12461160776455374,0.15031957943252608,0.31924224425826236,225
STET,2026,,17,0.40267873482813427,0.00782057939614153,0.39259369350223666,0.3973296322272443,0.40262918776094225,0.4078174440452961,0.41280377373469523,17,0,1.0,0.21035797897786013,0.11060729186714739,0.15157808042770912,0.3426758758638384,226
NEB,2026,,16,0.4026176215181237,0.007187926221663954,0.39346759884059873,0.3977007149076584,0.40259022630298125,0.40733574590240673,0.41192772241019016,16,0,1.0,0.20944374311439407,0.10253617119129049,0.16123785846491612,0.33625161294650985,227
UVU,2026,,15,0.40231881324228663,0.006254457779924709,0.39436043538288135,0.3980917389441688,0.40232100841336554,0.40649303579738655,0.41038764150019774,15,0,1.0,0.2029540129532457,0.11399720811364228,0.1429501833917113,0.33007019649178326,228
WCU,2026,,14,0.40186556292890235,0.007187945922196691,0.39260920609585725,0.3969246543066267,0.4018159263072113,0.40666350616023156,0.41114372561202317,14,0,1.0,0.19969607342753712,0.10692574756500166,0.14759482269603258,0.3198164446456717,229
UCD,2026,,17,0.4017264634455579,0.008114832364071553,0.39130204294540866,0.39612010487645266,0.40170764027982675,0.4070927410421161,0.4121223888477347,17,0,1.0,0.2209024495065337,0.1127313660587776,0.15296657581492173,0.3329618894434634,230
WMU,2026,,13,0.4015547308383953,0.007557434649568451,0.3919100808875911,0.3963876677054995,0.40151330849907735,0.4066834604225672,0.41125554423484184,13,0,1.0,0.20770732831658095,0.10533689434402137,0.14588608975476255,0.3359973921162711,231
USD,2026,,15,0.4015518536411432,0.008054406377417818,0.39123175434399843,0.39608139602829706,0.4014371196677957,0.4069823172306231,0.4118735736430178,15,0,1.0,0.18157574829109244,0.10972499820558257,0.1506251505352242,0.33661248154051765,232
MIZ,2026,,17,0.4010483412081184,0.0077554157490608904,0.39110748760286207,0.39585942754471803,0.4009683039322417,0.40625897990310533,0.41085167594592914,17,0,1.0,0.23576326269940154,0.12257297287173233,0.15796512143261515,0.34579103715101517,233
KENN,2026,,16,0.40071199599444685,0.0074967051354977955,0.39118971660003743,0.3955748076028124,0.40063209628173374,0.4057325245505314,0.4102654979867287,16,0,1.0,0.22540546266842582,0.11930400458025374,0.14696931356522835,0.329636921907127,234
EKU,2026,,14,0.4006814320372687,0.009734181218988372,0.3881128760334337,0.3939564149930884,0.40064852693787045,0.40727053880746283,0.4131432732354109,14,0,1.0,0.18224938089700268,0.11635938867349879,0.1500874295292958,0.32826519844416985,235
SELA,2026,,14,0.4000278491029266,0.007742775920010397,0.39013489427145803,0.39480456687527155,0.39990257763757314,0.4052443727181184,0.40998051058299334,14,0,1.0,0.22487450375998308,0.0992758181372323,0.16018899306638626,0.32960384912680557,236
BGSU,2026,,15,0.3999895163872668,0.007950637890811272,0.3899623217393434,0.39452632374320756,0.39979529401605324,0.4053127575217872,0.4103500421859852,15,0,1.0,0.2149300159744602,0.11140314314075252,0.1490427015206034,0.329039980057652,237
UNCG,2026,,13,0.39971750207535917,0.008083807434407387,0.38939272536249664,0.39415977888192366,0.3996150317175986,0.4052678022511764,0.410189532331681,13,0,1.0,0.22987393541827167,0.11105254311661852,0.1623043450206347,0.33670704472878027,238
ALCN,2026,,18,0.39963155916775733,0.01187627784852552,0.3844699551155787,0.3915715307876549,0.39952004333543056,0.4075034608529064,0.4147861842931,18,0,1.0,0.23222671021456134,0.11676708648627411,0.15946541625635968,0.33372780082671283,239
TOL,2026,,13,0.3995580070263458,0.008263516707230113,0.3890766204078249,0.393919126703423,0.39949008718997087,0.4051829308600229,0.4102532629866943,13,0,1.0,0.18356050784559697,0.10051347033623641,0.15174780812927538,0.32780616232600046,240
SHU,2026,,15,0.3994997060789738,0.007947480296083638,0.389449224554849,0.3940174818644091,0.3994689505319935,0.4048541324851945,0.4097162303907405,15,0,1.0,0.22027449503381383,0.12362994201515445,0.15310603409621634,0.3268861567126545,241
UNF,2026,,18,0.3994993605815556,0.008598555850927345,0.3883367818385361,0.3936182354349475,0.3994982280890794,0.40524701150005527,0.4106299976140826,18,0,1.0,0.20786918844943092,0.11308062119945433,0.15170132304693054,0.32485791231491756,242
BUCK,2026,,14,0.3993022497670789,0.008514135364954005,0.3885383134351379,0.3934904719747212,0.3991828419910824,0.4048871975089145,0.4102983572756437,14,0,1.0,0.23208664445808805,0.11642127909297416,0.15069954201706537,0.3355814274569334,243
BING,2026,,16,0.3992073161663647,0.008826990863966547,0.3878012432885415,0.39324147684284205,0.399195127079193,0.40509087935768684,0.41061162055559114,16,0,1.0,0.2161164376307388,0.11505595293670037,0.1531249402268349,0.3286845826548971,244
UNH,2026,,16,0.399119135270558,0.016221266002307878,0.3784473032571566,0.38811868239548475,0.398836606656757,0.4098182683795646,0.419962979895238,16,0,1.0,0.24365926312853742,0.12015509473601066,0.16688523856737908,0.33203078120827656,245
W&M,2026,,15,0.3990987768362882,0.008881034287526367,0.38769240662430354,0.39310832855992517,0.3989488288637132,0.4049650880285889,0.41061844862570557,15,0,1.0,0.21443754706165283,0.10476332553731865,0.15106285420879542,0.3280259740114257,246
UTAH,2026,,13,0.39903348514799025,0.007618198984967941,0.38939632635533217,0.3937952182308988,0.39894312373310253,0.40415408564073696,0.4088935879016603,13,0,1.0,0.18677515535672767,0.11397013639429178,0.15436347170230397,0.33251158995172564,247
NICH,2026,,20,0.39896662281401474,0.007798653835189605,0.3888551874591289,0.393573801217204,0.3989339451207171,0.40420034598352167,0.40897403288733547,20,0,1.0,0.21422841955048505,0.10855130316779009,0.16070951229951547,0.3378141646459409,248
NWST,2026,,17,0.39868619614201506,0.008403873029769873,0.38806451540218734,0.39296677566967636,0.39850341034863856,0.4042503008057238,0.4095078946571458,17,0,1.0,0.20394287162218422,0.10927709662378796,0.15590530724784846,0.32817243490025916,249
CAL,2026,,14,0.3985710420420679,0.008530855585501387,0.3876540951424749,0.3927114351109569,0.3984674878547553,0.404289758329203,0.40947605015308847,14,0,1.0,0.22084556182752074,0.10782681474743695,0.16423935482511265,0.334251369499143,250
DSU,2026,,17,0.3984929885930435,0.008061274787183931,0.38808164709426685,0.3929979400243488,0.39848242567607883,0.4038771300965038,0.4087480067503679,17,0,1.0,0.2204721952171056,0.11542076054431416,0.15471245122997443,0.33008690145543484,251
UML,2026,,16,0.39790943477679624,0.007993930480270856,0.387592025544247,0.39253362847824264,0.397853755581892,0.40313017394009976,0.408295519068011,16,0,1.0,0.18241849965793344,0.10007923606712685,0.1568433360670018,0.33202666060644387,252
OHIO,2026,,14,0.3978754366461192,0.008323736679632565,0.3872829664035037,0.39212098910071874,0.3977660156690369,0.40346089660357487,0.40865550338512147,14,0,1.0,0.20475812743174496,0.10198334016812917,0.15566836814821822,0.33189084438099486,253
NMSU,2026,,13,0.39741905834436814,0.007877070037902587,0.38742890081259973,0.3919324976998393,0.3973676884208027,0.4026751236747307,0.40771494597212876,13,0,1.0,0.20593748407504084,0.11227994299420628,0.1459388028613719,0.3202153548325206,254
ARIZ,2026,,16,0.39703977316926703,0.007950383524716328,0.3868438824768757,0.3915998728429181,0.3969100124928733,0.4022578224209713,0.4072585493615121,16,0,1.0,0.24100991219156473,0.10578197844836183,0.15957091087944017,0.3343273040465352,255
UNO,2026,,18,0.39699082039794903,0.008830053534264401,0.3858965786824795,0.3910927665046311,0.3968661943737134,0.40278313915697855,0.4082861258372908,18,0,1.0,0.22812948683557652,0.11349492279295974,0.15842706650791707,0.33406573343069057,256
SCU,2026,,19,0.39687751342764793,0.007296768888786379,0.3877695521201091,0.39190143463497523,0.3967481631808586,0.40168296259363867,0.4064710100627324,19,0,1.0,0.1951941331082804,0.10690185718109933,0.15054309143175354,0.3234855141994467,257
HCU,2026,,15,0.3965175286154686,0.007713525201701915,0.3866963809290362,0.39125063043997976,0.3963304082371527,0.4017833506798384,0.40645846313881007,15,0,1.0,0.19723970820508527,0.11443697009181295,0.1448333279237251,0.3180004861614579,258
HOF,2026,,11,0.39645228174577907,0.009042711220148525,0.3849198142778343,0.39036846014835913,0.39626108662289544,0.40252304132757843,0.4081058503865197,11,0,1.0,0.21370538948601397,0.10069712325347456,0.14846045644820569,0.335792884862462,259
MONM,2026,,14,0.39638805062274707,0.009650411672212436,0.3840587220002715,0.38986077824860477,0.3962484253729546,0.4030325262280856,0.4088088268022163,14,0,1.0,0.2153570139270335,0.1105776255922435,0.16041296198449076,0.3422143723204494,260
NCAT,2026,,14,0.3961308605139898,0.006957096718944614,0.38728183043302,0.3913773959745888,0.39599454315801974,0.4007465053320628,0.405094655114369,14,0,1.0,0.21239731782681082,0.10511890208372612,0.15909346141581257,0.32872627633449575,261
PAC,2026,,16,0.3960923222484934,0.007684527923895103,0.38619929724836954,0.39085900755471226,0.3959766346175123,0.4012695641956422,0.40602721246783663,16,0,1.0,0.19437045665619004,0.1061403406363081,0.1476954002223025,0.3240615796404357,262
NKU,2026,,14,0.39491667248132595,0.009532799755953005,0.3828830716465024,0.3884687309459757,0.39477192745835765,0.4014007443942238,0.407075865056581,14,0,1.0,0.19270923725171404,0.12298622800046387,0.13596669320774568,0.31903402534706987,263
BUT,2026,,16,0.3949060073198945,0.008370023031979397,0.3841621907329289,0.389159387734265,0.39485483764635915,0.400387301892199,0.4057445834862607,16,0,1.0,0.204136140823328,0.10764077429615926,0.15089683447930308,0.33504778638402133,264
ULM,2026,,13,0.3948920844983454,0.010403644168543448,0.38161947960070103,0.38783654279377056,0.3947397426934839,0.4017282932306463,0.4083863456951918,13,0,1.0,0.2123278073220657,0.09874358649744709,0.16107100814247793,0.3400494854003169,265
HARV,2026,,13,0.3948724196938898,0.009336469685342809,0.382920146320099,0.38847168083888206,0.39469806687226244,0.4011394828816402,0.4068981082777855,13,0,1.0,0.2009855285570891,0.11306885902801173,0.15725445974252736,0.3228748266916784,266
UTM,2026,,12,0.3948082114858074,0.00950076826881826,0.38278440931511526,0.388351098085885,0.3945997381886007,0.40111918752410314,0.40715931280063705,12,0,1.0,0.2053410967852686,0.11215044949492414,0.13907527455213925,0.332748486939414,267
RICH,2026,,16,0.3945387856717871,0.008563096723884401,0.38360661128830925,0.3888024240795859,0.3945759965185182,0.4001617952590481,0.4054596268265765,16,0,1.0,0.19684177458848498,0.12020941947467671,0.14126546331019846,0.32082718321347403,268
UNCA,2026,,13,0.3945186440463995,0.00819555589549266,0.38426707741358335,0.38888240565982835,0.3943551213857164,0.4000383031949246,0.4051270866638967,13,0,1.0,0.19282176578226434,0.10266579516021898,0.15141492718598953,0.3314447861210144,269
MRST,2026,,14,0.3943233276469151,0.008158902953993907,0.3839786707114013,0.3887774882584228,0.39415307877156075,0.39970478706989643,0.4048667682964043,14,0,1.0,0.18983422840825034,0.12316424305669861,0.13923461401467732,0.3224573997741311,270
CAN,2026,,16,0.394220976456215,0.007781766146467783,0.3843066964873897,0.3890093277986446,0.3942014457624423,0.399282547189769,0.4041776835347017,16,0,1.0,0.2163311244327279,0.11041952747709416,0.15581647700856105,0.31572690031037165,271
NEV,2026,,13,0.39407294840842655,0.006676362338169579,0.3855316646681745,0.3895230251953945,0.39397692530306583,0.39861075223494297,0.4025971092360952,13,0,1.0,0.1888317374840402,0.10599508587060355,0.1504869982646611,0.3200663263203758,272
UMBC,2026,,13,0.39349771135948597,0.008534551435419136,0.38251860813066335,0.3876124257702849,0.3934034235302053,0.399229101517418,0.4043909417275222,13,0,1.0,0.1946399347442426,0.11276382455292373,0.14785727346528918,0.3175560103454951,273
BYU,2026,,12,0.3934001792722193,0.007420247463394823,0.38406947404760666,0.3884946840304795,0.39327338318977256,0.39833862266176123,0.4028579909333672,12,0,1.0,0.24434530672061805,0.12093603707523681,0.1461222098810663,0.32131662273374556,274
ALB,2026,,16,0.3933304697829218,0.007693434154913361,0.38356138694799846,0.38806209113110335,0.39333839474951704,0.39843297541023287,0.40324204703374306,16,0,1.0,0.21744048064924587,0.11333496569635697,0.15222489295156155,0.3249100242642939,275
SHSU,2026,,14,0.39306930258994144,0.008220047282694275,0.3824624366083649,0.38740937359606265,0.39300464338382096,0.39863217790696437,0.40364382495811685,14,0,1.0,0.24044474676226782,0.1168939586959825,0.14336900448816742,0.3343488161517079,276
UNCO,2026,,16,0.39267032484803205,0.009829225041050072,0.3801177273586575,0.3859768225178431,0.3924410110275333,0.3992414018649939,0.40544396772475333,16,0,1.0,0.2092068623069977,0.10908656751804605,0.1389423626164193,0.3279894231234171,277
JMU,2026,,15,0.3919132281253614,0.00965515157426913,0.3796593007255207,0.38527600862927214,0.3918628656074588,0.3983648763413707,0.40419975770747885,15,0,1.0,0.19386267257468337,0.11424942865610822,0.14683940110117416,0.3222952673071423,278
CCU,2026,,13,0.3918705064865235,0.006378052511786135,0.38376691312766104,0.3875842487943729,0.39179357126593045,0.3961632095337363,0.40012272463379184,13,0,1.0,0.20301698309382202,0.10879085097953388,0.15015800297676682,0.3197657035768791,279
PV,2026,,13,0.39090649452098847,0.011466826822711862,0.3761559590612922,0.38308866214141035,0.39080620080584316,0.3986287580185308,0.4058612898964355,13,0,1.0,0.19857606061334362,0.10967076712168596,0.14267573392272756,0.3224957900050853,280
BRWN,2026,,12,0.3901538427035577,0.008652423722781851,0.3792136193891621,0.38429132618457346,0.38999546209719194,0.3958444093576137,0.40146216815571295,12,0,1.0,0.20602257260286705,0.10222610468112296,0.15282427975343527,0.32517460237204676,281
PSU,2026,,12,0.3894524906290131,0.008652149706801032,0.37844999567644044,0.38356252277040115,0.38931965243491123,0.3953251424174138,0.40048303754133535,12,0,1.0,0.20528364708277672,0.11746734742525174,0.14638598102463388,0.3158683948922669,282
APP,2026,,15,0.38855356432238,0.00827015314574119,0.37798790284426964,0.38292345258656124,0.3884488599731901,0.3940579099557018,0.3991969940322006,15,0,1.0,0.18189170798199006,0.11522152024194048,0.12839223338184755,0.31381122166701725,283
LAF,2026,,15,0.3884255818671692,0.008413699016846772,0.37769849651839627,0.3826015444756935,0.3882574972376926,0.3940805140627398,0.3993141325760561,15,0,1.0,0.2297856838119207,0.10041416955276654,0.16081860600169995,0.32865161472014026,284
LMU,2026,,15,0.38835976407865974,0.010092515233732547,0.3755616115003499,0.38153713201131656,0.3881303466284344,0.39494849792683717,0.4014096737136721,15,0,1.0,0.24456098908948576,0.11251667479489104,0.1496800705293464,0.3236884131586715,285
WICH,2026,,16,0.38816456087470635,0.008523830904870473,0.377306408585918,0.3823078620238788,0.38805474390503547,0.3938912748478648,0.39914316168474223,16,0,1.0,0.22079939155138534,0.11200581168769111,0.15090556491182663,0.32875465168687734,286
COPP,2026,,16,0.3878112909816041,0.011100820207779527,0.37380724346719213,0.3803882142413697,0.38773544844886376,0.39511617287181444,0.4021687109622645,16,0,1.0,0.2341943726760564,0.10813088569861937,0.15466496506284216,0.3278298528447656,287
YSU,2026,,17,0.3876932581518775,0.008152407732102254,0.3774200627639582,0.3821669659995588,0.38748931010590437,0.39314074299065443,0.3982643082710384,17,0,1.0,0.2443922304233487,0.10744353023658976,0.14845879338515927,0.32399096345953404,288
TXST,2026,,14,0.3876120113128772,0.008300218430994575,0.37710213873889553,0.3821745095811979,0.3874631059026996,0.39314792710330293,0.3982823837157816,14,0,1.0,0.20943704585409217,0.12454472553284714,0.1420843117681757,0.3281912418594306,289
RICE,2026,,16,0.38733016134268466,0.007608412033728438,0.377758319828191,0.38207503800651843,0.3872243876250463,0.3925187041944897,0.3971815826628512,16,0,1.0,0.21581524286488288,0.09908872807202852,0.15023063121772207,0.3209028635050781,290
CSUB,2026,,20,0.3872719901982035,0.0075847456513311335,0.3776260316289252,0.38215624814791116,0.3872158884984845,0.39240727732131553,0.3969991526308603,20,0,1.0,0.2113062385520304,0.11408964523065634,0.14949429416728963,0.32254052392832394,291
VAL,2026,,14,0.3870483056377786,0.010388006685276393,0.37374954777946795,0.3800815065472003,0.38698577731693845,0.3940994948890082,0.40064853638644987,14,0,1.0,0.1960701618164671,0.11626122853769309,0.1393761220320587,0.327344058432768,292
AFA,2026,,16,0.38675609568825253,0.007542179805018047,0.377155150087177,0.38156518353566826,0.38675725751849277,0.39176011416774204,0.3964007039893189,16,0,1.0,0.2187437818759831,0.11071712476981105,0.13587458290738333,0.3131916360503172,293
MORE,2026,,16,0.38584699640639275,0.007741742802317177,0.3759381603666402,0.380541864437852,0.38576172578192547,0.3910782352417559,0.3958313056955584,16,0,1.0,0.2167843125959633,0.10351881059110245,0.141638652779228,0.3187799059117198,294
XAV,2026,,13,0.384798095310343,0.008509429187001016,0.3740155937749691,0.3790248578073252,0.38467871244793483,0.390438227427632,0.39563168114297864,13,0,1.0,0.24592775045840695,0.1053594140762142,0.15064871097790494,0.3203478093112417,295
WES,2026,,16,0.38462722148159195,0.007863276485712101,0.374680134747164,0.37932928694065643,0.38444726542082885,0.38993346876453894,0.39470446869987974,16,0,1.0,0.21757622617061306,0.10436745520222816,0.15091790271389693,0.3305357587123883,296
UCR,2026,,15,0.38436288371360844,0.007596034754071643,0.3747358450113597,0.3792197676418436,0.3843360802058275,0.38945548893930226,0.39418079940928324,15,0,1.0,0.21127975883818476,0.09949848953068016,0.14770163792250288,0.3317268545858552,297
CSUN,2026,,14,0.38367266793626387,0.007691597335711281,0.3738770537823165,0.3784094876326942,0.38361481845693207,0.3888396973511171,0.39368058906635567,14,0,1.0,0.19778943951600958,0.10354150058403756,0.14175001362772685,0.3180578554284355,298
NDSU,2026,,14,0.3831595240557257,0.007993589075974153,0.37292207639332114,0.37786512236421377,0.3830911044509173,0.3884349034856594,0.3934843959323643,14,0,1.0,0.2435488567027048,0.11168504575979564,0.13705306368571185,0.32415889426110384,299
BRY,2026,,13,0.3824288362799628,0.008082054621612196,0.37225480898018587,0.3769589042909088,0.38237245099715267,0.3876700466049572,0.3928764666562812,13,0,1.0,0.21633849478016304,0.09922604526290267,0.15257975318556294,0.3259702352182543,300
BALL,2026,,17,0.3813913679828466,0.010900414577829799,0.3675797753661495,0.37405826681720616,0.38123187392586366,0.3885314205611763,0.3955555132288663,17,0,1.0,0.1886299780953602,0.11103202623575814,0.1341090209960194,0.3150243756969597,301
WSU,2026,,18,0.3805481209268064,0.007527143506279625,0.37081599297818546,0.37550953107953766,0.38049378599464645,0.38557940683047753,0.3902123526820879,18,0,1.0,0.2217205582715454,0.10353829502534781,0.14430517585679736,0.32978425476154133,302
SPU,2026,,15,0.3784207718163074,0.013685256393765862,0.36108687281932006,0.36891144915974766,0.3782900183499656,0.3875210452467908,0.39633103026264427,15,0,1.0,0.2369614814658806,0.10824634757082839,0.14872003310972878,0.325228767139882,303
PRIN,2026,,14,0.37742089392805245,0.009960045620157228,0.36491091268794484,0.3705288483769906,0.3772417186221552,0.3840331663479164,0.3902214917559616,14,0,1.0,0.25292356994652676,0.09759194010833402,0.15801765801737475,0.3304341641728272,304
DEL,2026,,12,0.37624517467113777,0.008441986958813106,0.36556294203383116,0.37046040776782374,0.3760683642093029,0.3817793892369677,0.3874216904682196,12,0,1.0,0.23223824988230804,0.1056023633378698,0.13817747303102831,0.31379819616182364,305
QUC,2026,,17,0.37401022009224033,0.009286000840195565,0.3620727116305851,0.3676182071342862,0.3740212387635068,0.3801847784981979,0.38595483985643997,17,0,1.0,0.2448301133194662,0.1005130675420536,0.15282529727591543,0.32953963165960465,306
OAK,2026,,15,0.3731211377140757,0.007873793415500676,0.36312977974130967,0.3677417733020789,0.3731324112924981,0.37834898608996914,0.3830503846031298,15,0,1.0,0.2121497896718735,0.09866030947343991,0.13902830759231,0.3243104040082313,307
