Team_Abbr,Team,wOBA_2025,wOBA_2026,wOBA_Change,FIP_2025,FIP_2026,FIP_Change,team,rank,conference,offensive_runs_above_avg,pitching_runs_above_avg,net_run_differential,Off_Runs_Change,Pit_Runs_Change,Total_Runs_Change
AAMU,AAMU,0.39158860510574117,0.4221044370185187,0.030515831912777514,9.53805906688401,6.036729172664963,-3.5013298942190474,AAMU,136,Unknown,0.534362426332513,-0.4413646085677953,0.0929978177647176,0.93516259087544,3.5013298942190474,4.436492485094488
ACU,ACU,0.40422525127308145,0.4062507043557707,0.0020254530826892547,5.977165522607244,5.835421973221696,-0.14174354938554767,ACU,255,Unknown,-1.5153318520521586,0.461426205829011,-1.0539056462231475,0.06207033640499329,0.14174354938554767,0.20381388579054097
AFA,AFA,0.38187779195088156,0.3779262986279276,-0.0039514933229539695,6.726337398788082,5.783285008752928,-0.9430523900351533,AFA,288,Mountain West,-3.335543295108569,0.9975141319042669,-2.338029163204302,-0.12109415021955713,0.9430523900351533,0.8219582398155961
AKR,AKR,0.36888221880805616,0.4127552828800193,0.04387306407196312,6.564671226708489,5.964223001153916,-0.6004482255545733,AKR,182,Mid-American,-0.0344827031332969,-0.2456598825125651,-0.2801425856458621,1.3444971247859665,0.6004482255545733,1.9449453503405398
ALA,ALA,0.3954271347084493,0.4322726407000691,0.03684550599161979,4.8074803505058945,5.376350642579838,0.5688702920739432,ALA,46,SEC,0.3812718830081482,0.421665933833629,0.8029378168417772,1.1291364739367353,-0.5688702920739432,0.5602661818627921
ALCN,ALCN,0.3938143055059481,0.4089623915618113,0.015148086055863208,10.188942373540216,6.020334756296556,-4.16860761724366,ALCN,214,SWAC,-0.2828134602177113,-0.2421643628403877,-0.5249778230580991,0.46421554042161445,4.16860761724366,4.632823157665275
ALST,ALST,0.4165097399329364,0.4123327490203292,-0.0041769909126072036,7.326929182591414,5.829654817545973,-1.497274365045441,ALST,157,SWAC,0.0840280046328506,-0.1699771011020567,-0.0859490964692061,-0.12800456022505946,1.497274365045441,1.3692698048203815
AMCC,AMCC,0.35562997678469754,0.4223361595949302,0.06670618281023266,5.70848891225683,5.804443754464874,0.09595484220804362,AMCC,48,Unknown,1.3532883521591978,-0.5565112105098642,0.7967771416493337,2.0442217312813233,-0.09595484220804362,1.9482668890732797
APP,APP,0.38302129521602624,0.3876047564534692,0.004583461237442965,6.08853495212585,5.7035792329238655,-0.3849557192019848,APP,284,Unknown,-2.658981026084383,0.8644531331742309,-1.794527892910152,0.14046090888938118,0.3849557192019848,0.5254166280913659
APSU,APSU,0.4646641864502593,0.4108802452369759,-0.05378394121328339,5.5124997504955235,5.574570619793715,0.062070869298191056,APSU,176,Atlantic Sun,-0.8721820663105775,0.6276310457703786,-0.2445510205401988,-1.6482175533102974,-0.062070869298191056,-1.7102884226084885
ARIZ,ARIZ,0.38729375380906683,0.4037126491936169,0.016418895384550047,4.166936193490172,5.303642298678528,1.136706105188356,ARIZ,165,Big 12,-0.7531498579752599,0.5942710426234497,-0.1588788153518102,0.5031596972684692,-1.136706105188356,-0.6335464079198868
ARK,ARK,0.42387620024591416,0.4287334947203354,0.0048572944744212365,3.9711890532338314,5.183771026936191,1.2125819737023598,ARK,34,SEC,0.4039489272023664,0.5605819973118065,0.9645309245141728,0.14885257260323143,-1.2125819737023598,-1.0637294010991283
ARMY,ARMY,0.38772452524850076,0.4102337662985683,0.02250924105006752,6.2123765431793965,5.510477091661561,-0.7018994515178356,ARMY,137,Unknown,-0.1143307282125786,0.2043028962513577,0.0899721680387791,0.6897993225020691,0.7018994515178356,1.3916987740199047
ARST,ARST,0.35055047797778754,0.4173294791389299,0.06677900116114238,5.034546566961983,5.542440417666426,0.507893850704443,ARST,57,Sun Belt,0.8059159769637575,-0.1155846894285721,0.6903312875351854,2.046453261389847,-0.507893850704443,1.5385594106854041
ASU,ASU,0.41552970274133394,0.4198060125216294,0.004276309780295473,4.879795732695185,5.317399405115903,0.4376036724207175,ASU,69,Big 12,0.1226518098302045,0.4276184369339839,0.5502702467641885,0.1310482029445387,-0.4376036724207175,-0.30655546947617884
AUB,AUB,0.4084578144610002,0.4199761243919187,0.011518309930918513,4.472253201511515,5.320679123819303,0.8484259223077881,AUB,112,SEC,-0.3785174370030357,0.6270041484793376,0.2484867114763019,0.3529804656249222,-0.8484259223077881,-0.49544545668286594
BALL,BALL,0.40555168377471135,0.3887960424923782,-0.016755641282333145,6.397093893331859,5.633088937827022,-0.7640049555048369,BALL,279,Unknown,-2.3051765917678475,0.7772570328281736,-1.527919558939674,-0.5134793296198867,0.7640049555048369,0.2505256258849502
BAY,BAY,0.38420296047067426,0.4183430387230395,0.03414007825236526,4.733316304691357,5.592876751156807,0.8595604464654505,BAY,99,Big 12,0.2762763284569191,0.0691926629274037,0.3454689913843229,1.0462282045079676,-0.8595604464654505,0.18666775804251712
BC,BC,0.3624736647350404,0.4129420820846191,0.05046841734957869,5.190335386241006,5.732022773480261,0.5416873872392545,BC,173,ACC,-0.3475064014757553,0.1263457786606077,-0.2211606228151476,1.5466127897451534,-0.5416873872392545,1.004925402505899
BCU,BCU,0.43224623373715687,0.4366589878918155,0.004412754154658638,6.678282476161871,5.716692600205801,-0.9615898759560704,BCU,29,Unknown,1.2239847551384488,-0.2054706639553334,1.0185140911831154,0.13522956280405504,0.9615898759560704,1.0968194387601253
BEL,BEL,0.37970984584069783,0.4233785202459508,0.04366867440525296,7.450123406073472,5.844469780610331,-1.605653625463141,BEL,66,Missouri Valley,1.0075506805311203,-0.4335103346326825,0.574040345898438,1.3382335704835586,1.605653625463141,2.9438871959467
BELL,BELL,0.3651157763755633,0.4126690142098148,0.04755323783425147,7.816533658642958,6.115883644249344,-1.7006500143936139,BELL,205,Atlantic Sun,-0.0372145443564396,-0.3973205256079932,-0.4345350699644328,1.4572766433077062,1.7006500143936139,3.15792665770132
BGSU,BGSU,0.4000645390095125,0.407019896222799,0.006955357213286495,6.570224628753017,5.878868008909816,-0.6913566198432015,BGSU,224,Unknown,-0.7118326413961179,0.0658054177665281,-0.6460272236295898,0.21314804363297324,0.6913566198432015,0.9045046634761748
BING,BING,0.40948577923699186,0.4003416305972962,-0.009144148639695648,7.039816907756945,5.622524570333793,-1.4172923374231523,BING,122,America East,0.4537407923837886,-0.2830388579978224,0.1707019343859662,-0.280223909926157,1.4172923374231523,1.1370684274969953
BRAD,BRAD,0.3717093420588353,0.4175051247827067,0.04579578272387136,7.1494736283007105,5.898076553343532,-1.2513970749571781,BRAD,84,Missouri Valley,1.0350356043673876,-0.589540146966705,0.4454954574006826,1.403419147989606,1.2513970749571781,2.654816222946784
BRY,BRY,0.3941211170503139,0.3944477559908213,0.0003266389405074399,5.605754408019046,5.67120937489606,0.06545496687701391,BRY,259,America East,-1.6455752790042348,0.5156187380027628,-1.129956541001472,0.010009903015550579,-0.06545496687701391,-0.055445063861463334
BUCK,BUCK,0.3777716146924302,0.4073123147775109,0.029540700085080696,6.540000124106986,5.9561233325054825,-0.5838767916015035,BUCK,186,Patriot League,0.0563856872523297,-0.3591137512622033,-0.3027280640098735,0.9052795187363439,0.5838767916015035,1.4891563103378473
BUT,BUT,0.3927572695233561,0.4057827047949109,0.013025435271554808,8.276215920428166,6.055573364008399,-2.220642556419767,BUT,203,Big East,0.0742006742187548,-0.4922813572646998,-0.418080683045945,0.3991665647734538,2.220642556419767,2.619809121193221
BYU,BYU,0.3886348272903091,0.3937590375870876,0.005124210296778453,6.607532022698375,6.123813857754136,-0.48371816494423836,BYU,285,Big 12,-2.119131691610465,0.3231324069636976,-1.7959992846467676,0.1570322510303074,0.48371816494423836,0.6407504159745457
CAL,CAL,0.3804724601336707,0.4056186175811689,0.025146157447498207,5.8574711862058235,5.646915678967416,-0.2105555072384071,CAL,201,ACC,-0.6345913631976463,0.2361207118768691,-0.3984706513207772,0.7706080508104289,0.2105555072384071,0.981163558048836
CAM,CAM,0.39236629768977777,0.436189507185474,0.043823209495696236,5.7571113001956915,5.6549457275858055,-0.10216557260988601,CAM,11,Coastal Athletic,1.8275470985021387,-0.3948917219919527,1.432655376510186,1.3429693232552073,0.10216557260988601,1.4451348958650934
CAN,CAN,0.3818857578730313,0.4006292298729466,0.018743471999915273,7.033003880241885,5.885950815338806,-1.147053064903079,CAN,256,Metro Atlantic,-1.4123548828346986,0.2937236574995943,-1.1186312253351045,0.5743967225780487,1.147053064903079,1.7214497874811276
CARK,CARK,0.3901427690741108,0.41342946536086,0.02328669628674923,6.081477189188619,5.780015450698208,-0.3014617384904108,CARK,156,Unknown,-0.0131335912400074,-0.0614523320568576,-0.074585923296865,0.7136245636261862,0.3014617384904108,1.015086302116597
CBU,CBU,0.4092083462493099,0.4122743114998941,0.0030659652505841684,5.579934232681859,5.60318665695653,0.02325242427467078,CBU,82,Missouri Valley,0.6374103889958956,-0.1795280992076291,0.4578822897882665,0.09395699961467613,-0.02325242427467078,0.07070457534000535
CCU,CCU,0.4041971292662498,0.3920382795572838,-0.012158849708965969,3.971975491386705,5.464884987676587,1.4929094962898821,CCU,263,Sun Belt,-1.970945119014936,0.8173209772273706,-1.153624141787565,-0.3726099104360539,-1.4929094962898821,-1.865519406725936
CHSO,CHSO,0.4254148601107994,0.409798604362699,-0.015616255748100383,7.135334519193683,5.7852347924038,-1.3500997267898827,CHSO,206,Unknown,-0.5669451104510088,0.1289642854009649,-0.4379808250500439,-0.47856267615146336,1.3500997267898827,0.8715370506384192
CIN,CIN,0.3873228265834543,0.4083002748540721,0.020977448270617816,5.581250996452171,5.348563277589342,-0.23268771886282913,CIN,162,Big 12,-0.7323310593620247,0.6003207477424581,-0.1320103116195665,0.6428572857124815,0.23268771886282913,0.8755450045753106
CIT,CIT,0.3571122684241227,0.40993058696646,0.05281831854233732,5.692025093731682,5.737990807232402,0.04596571350071965,CIT,101,Unknown,0.7046516942525114,-0.385682420967588,0.3189692732849234,1.6186258908135631,-0.04596571350071965,1.5726601773128435
CLEM,CLEM,0.39596608791313065,0.4291420289357787,0.03317594102264804,5.150043712871896,5.539994565207546,0.38995085233564986,CLEM,41,ACC,0.7617676073324111,0.0655074398581403,0.8272750471905514,1.0166820635972784,-0.38995085233564986,0.6267312112616286
CLT,CLT,0.38443020073420403,0.4112786193343798,0.026848418600175783,4.7571918257034405,5.45591702423775,0.6987251985343095,CLT,134,American Athletic,-0.2101924574474127,0.3166650748415982,0.1064726173941855,0.8227741183924837,-0.6987251985343095,0.12404891985817423
CMU,CMU,0.37512546618837783,0.4182935778603043,0.04316811167192647,7.09864632322026,5.983841509835417,-1.1148048133848425,CMU,95,Unknown,1.0617390062824588,-0.6812673731612344,0.3804716331212243,1.3228937447848435,1.1148048133848425,2.4376985581696857
COFC,COFC,0.39855601057125145,0.4116744270944855,0.013118416523234033,5.616037811533442,5.724104012309785,0.1080662007763431,COFC,192,Unknown,-0.5095527885444989,0.1880278410473561,-0.3215249474971428,0.4020159902281397,-0.1080662007763431,0.2939497894517966
CONN,CONN,0.43274876844208743,0.417296193017565,-0.015452575424522441,5.736003130368111,5.495153050870709,-0.24085007949740245,CONN,90,Big East,0.242791364813794,0.1679034712972003,0.4106948361109943,-0.4735466662353651,0.24085007949740245,-0.23269658673796267
CP,CP,0.4046356328495067,0.410323520861925,0.005687888012418263,5.589864777291703,5.521648022672326,-0.06821675461937726,CP,145,Big West,-0.2401377890920362,0.2471065973681341,0.0069688082760978,0.17430624554184998,0.06821675461937726,0.24252300016122724
CREI,CREI,0.39782968612360325,0.4451200732067384,0.047290387083135155,5.700617159815832,5.5498746013980575,-0.1507425584177744,CREI,2,Big East,2.216095279086437,-0.3139092741826257,1.9021860049038115,1.4492215396444643,0.1507425584177744,1.5999640980622387
CSUB,CSUB,0.3639042017349173,0.396772258715857,0.0328680569809397,5.816515593032471,5.892553916105369,0.07603832307289782,CSUB,257,Unknown,-1.3074564644414457,0.1856486434250417,-1.1218078210164038,1.00724690748041,-0.07603832307289782,0.9312085844075122
CSUF,CSUF,0.4008319355963226,0.4090152657762573,0.008183330179934722,5.277065995365582,5.632157213590641,0.3550912182250583,CSUF,142,Unknown,0.0443242861210651,0.0006370134731872,0.0449612995942523,0.2507794732560641,-0.3550912182250583,-0.1043117449689942
CSUN,CSUN,0.37644838955372184,0.3854125505913978,0.008964161037675944,7.624885423486799,6.164921181847211,-1.4599642416395886,CSUN,286,Big West,-2.5837470327871315,0.4039758929109975,-2.179771139876134,0.2747081608320047,1.4599642416395886,1.7346724024715934
DAV,DAV,0.43741754425622287,0.4119026484276181,-0.025514895828604778,7.2336122205781574,5.79945965968587,-1.4341525608922874,DAV,185,Atlantic 10,-0.3172393405353063,0.0328183542434388,-0.2844209862918675,-0.7819080979733722,1.4341525608922874,0.6522444629189151
DAY,DAY,0.40687018118510476,0.4045833448326729,-0.0022868363524318758,6.0968131977839235,5.888295572186373,-0.20851762559755027,DAY,243,Atlantic 10,-0.961174793985118,0.1372403014030832,-0.8239344925820349,-0.07008046886484781,0.20851762559755027,0.13843715673270246
DBU,DBU,0.42816218339102957,0.424174987380616,-0.003987196010413585,4.8820111506166235,5.676686104437784,0.7946749538211604,DBU,115,Unknown,0.0637646465675694,0.1531845848788178,0.2169492314463872,-0.12218826483525502,-0.7946749538211604,-0.9168632186564154
DEL,DEL,0.38842873395962463,0.3863644421416762,-0.002064291817948427,5.934871390307512,5.7336308362828525,-0.20124055402465935,DEL,281,Conference USA,-2.181072017113897,0.5992498719602324,-1.5818221451536645,-0.06326055571132276,0.20124055402465935,0.13797999831333657
DSU,DSU,0.3491110786991133,0.4064117093274123,0.05730063062829899,9.750031128693964,6.138785887877489,-3.6112452408164746,DSU,227,Northeast,-0.2353625322991855,-0.4202227692361386,-0.6555853015353242,1.7559870676414207,3.6112452408164746,5.367232308457895
DUKE,DUKE,0.4258365440559427,0.4311592210173394,0.005322676961396711,5.37604506808046,5.649178927850636,0.27313385977017646,DUKE,51,ACC,0.7562280925179508,-0.0166439147095491,0.7395841778084016,0.1631142939782863,-0.27313385977017646,-0.11001956579189015
ECU,ECU,0.3809856287711472,0.4042365452723092,0.023250916501161956,5.106626573764001,5.530394287946747,0.4237677141827456,ECU,200,American Athletic,-0.7965821094398781,0.4008763033079408,-0.3957058061319373,0.7125280863259309,-0.4237677141827456,0.2887603721431853
EIU,EIU,0.39194512863355474,0.4203406202091592,0.028395491575604448,5.526651737630678,5.74274154095825,0.21608980332757266,EIU,155,Unknown,-0.2444035628137406,0.1700205669908676,-0.0743829958228729,0.8701844192523944,-0.21608980332757266,0.6540946159248218
EKU,EKU,0.33600583285911406,0.4048609163285483,0.06885508346943425,7.002391521206226,6.022093504955023,-0.9802980162512034,EKU,231,Unknown,-0.4739379085499713,-0.2145339305754197,-0.688471839125391,2.110075138579437,0.9802980162512034,3.0903731548306403
ELON,ELON,0.3837510483124749,0.407729235029287,0.023978186716812067,5.8732789456351355,5.733001420363365,-0.1402775252717703,ELON,181,Coastal Athletic,-0.3214767838447121,0.0423240885786126,-0.2791526952660994,0.7348153993861762,0.1402775252717703,0.8750929246579465
EMU,EMU,0.39686536137690176,0.4189772492797839,0.022111887902882155,6.705736221251429,5.897283950596071,-0.8084522706553576,EMU,130,Unknown,0.4333138429380214,-0.2990735656403549,0.1342402772976665,0.6776223712173564,0.8084522706553576,1.486074641872714
ETSU,ETSU,0.4330464671203234,0.4179441426239722,-0.015102324496351183,5.518959789517247,5.770072153184719,0.25111236366747214,ETSU,139,Southern Conference,0.1298311887585462,-0.0515090345433684,0.0783221542151778,-0.4628131700494717,-0.25111236366747214,-0.7139255337169439
EVAN,EVAN,0.3633255112213505,0.4102523271064353,0.046926815885084794,7.180395473604385,5.751245608248217,-1.4291498653561678,EVAN,152,Missouri Valley,0.0840944473281398,-0.1202649100370427,-0.0361704627089029,1.4380798416396952,1.4291498653561678,2.8672297069958628
FAIR,FAIR,0.4141153807271191,0.4300969832202833,0.01598160249316416,5.955446179434756,5.806932069555915,-0.14851410987884162,FAIR,54,Metro Atlantic,1.0086512685078577,-0.2989830674269544,0.709668201080903,0.4897587860808371,0.14851410987884162,0.6382728959596787
FAMU,FAMU,0.40083363387763266,0.4174150329563046,0.016581399078671955,6.8916042168814355,5.722350657460183,-1.1692535594212528,FAMU,129,SWAC,0.17949887697227,-0.0325430697608428,0.1469558072114272,0.5081396491851082,1.1692535594212528,1.677393208606361
FAU,FAU,0.3933663796999146,0.4059592613989742,0.012592881699059588,4.683782636956883,5.741053971616381,1.0572713346594984,FAU,207,American Athletic,-0.5632358210322647,0.1175348536497589,-0.4457009673825057,0.3859108907776326,-1.0572713346594984,-0.6713604438818659
FGCU,FGCU,0.37601990344400665,0.4131478797969939,0.03712797635298726,5.223738325782487,5.503669433661813,0.2799311078793254,FGCU,119,Unknown,-0.0220504674291003,0.2148936849795379,0.1928432175504376,1.1377928237205772,-0.2799311078793254,0.8578617158412518
FIU,FIU,0.39172290861007814,0.4104451665319813,0.018722257921903185,5.470851400012085,5.890674966403079,0.4198235663909937,FIU,195,Conference USA,-0.2363238159384534,-0.1137883332428861,-0.3501121491813396,0.5737466137357428,-0.4198235663909937,0.15392304734474904
FLA,FLA,0.4040634284198496,0.418877538083609,0.0148141096637594,4.540521568214835,5.2205330381301565,0.6800114699153212,FLA,89,SEC,-0.2269546487213332,0.6500844408450819,0.4231297921237487,0.4539807800184332,-0.6800114699153212,-0.22603068989688802
FOR,FOR,0.38300149281781076,0.4300949265869053,0.04709343376909453,7.209626432395898,5.803362305044685,-1.4062641273512124,FOR,27,Atlantic 10,1.6189037987313175,-0.5553420760015522,1.0635617227297651,1.4431858735690257,1.4062641273512124,2.849450000920238
FRES,FRES,0.38599173535144404,0.4204027991637998,0.03441106381235576,6.005854599158726,5.690050926475499,-0.3158036726832272,FRES,52,Mountain West,1.0574389845884262,-0.3346825478219468,0.7227564367664794,1.0545326007012248,0.3158036726832272,1.370336273384452
FSU,FSU,0.41680854164676123,0.4261887622474672,0.00938022060070598,4.810001701120211,5.407020664182014,0.597018963061803,FSU,55,ACC,0.3909108101692208,0.3115424544593361,0.7024532646285571,0.28745837324744133,-0.597018963061803,-0.3095605898143617
GASO,GASO,0.3842039331813479,0.4152500663284645,0.031046133147116628,5.532453120785392,5.859250328562218,0.32679720777682597,GASO,124,Sun Belt,0.5214467418333203,-0.3531988798687191,0.1682478619646011,0.9514137577342193,-0.32679720777682597,0.6246165499573934
GAST,GAST,0.41505987161330365,0.4028941491595367,-0.012165722453766958,5.939227054639648,5.693515546433642,-0.24571150820600618,GAST,212,Unknown,-0.6579303455026921,0.163913805047553,-0.4940165404551391,-0.3728205268089875,0.24571150820600618,-0.1271090186029813
GCU,GCU,0.4002825774227717,0.4129980279845427,0.012715450561771036,5.908023079254866,5.538201574521088,-0.3698215047337774,GCU,104,Unknown,0.2401077126496155,0.0673370221912605,0.3074447348408761,0.3896670333445963,0.3698215047337774,0.7594885380783737
GMU,GMU,0.42383325137921574,0.4200902840291738,-0.003742967350041926,5.468643869290409,5.7679792357413335,0.29933536645092484,GMU,114,Unknown,0.3321646463299008,-0.1076785336226224,0.2244861127072783,-0.11470383814644611,-0.29933536645092484,-0.414039204597371
GONZ,GONZ,0.35943740914344846,0.4164373275264737,0.05699991838302526,6.3621486109470755,5.5561145807154,-0.8060340302316753,GONZ,50,West Coast,0.9988713479174308,-0.2238054168831409,0.7750659310342898,1.746771692383032,0.8060340302316753,2.5528057226147074
GRAM,GRAM,0.43428429268680896,0.408906267559012,-0.025378025127796966,8.59346154584442,5.870102051609037,-2.7233594942353827,GRAM,238,SWAC,-0.9466643392146143,0.206730206332395,-0.7399341328822193,-0.7777136732711974,2.7233594942353827,1.9456458209641854
GT,GT,0.4243080828136767,0.4159571848707604,-0.008350897942916324,5.274094727837729,5.451256874042824,0.17716214620509518,GT,196,ACC,-1.1305416419938368,0.7628750513296927,-0.3676665906641441,-0.2559146143796938,-0.17716214620509518,-0.433076760584789
GTWN,GTWN,0.37634465642884524,0.4053937723767301,0.02904911594788484,7.011445369576404,5.777483877605565,-1.233961491970839,GTWN,216,Big East,-0.6415040798389695,0.1093554704806081,-0.5321486093583614,0.8902148435642129,1.233961491970839,2.124176335535052
GW,GW,0.3946703062425917,0.4100473610082105,0.015377054765618792,6.580956238430483,5.811880249004504,-0.7690759894259793,GW,177,Unknown,-0.1848347221017353,-0.0644023032536784,-0.2492370253554137,0.47123232346251137,0.7690759894259793,1.2403083128884906
GWEB,GWEB,0.37756836787392656,0.417177108906106,0.03960874103217943,7.7229595867871925,5.720126383638039,-2.0028332031491534,GWEB,76,Unknown,0.8008369692029599,-0.3026225483460596,0.4982144208569002,1.2138162574377567,2.0028332031491534,3.2166494605869103
HALL,HALL,0.3839062245865918,0.4309100423706721,0.047003817784080304,5.984342235198626,5.584755487868657,-0.3995867473299688,HALL,5,Big East,2.226938591888507,-0.5230564646530151,1.703882127235492,1.440439577254074,0.3995867473299688,1.8400263245840427
HAW,HAW,0.3823049519686025,0.4250511011463311,0.04274614917772862,4.807908522270532,5.653608053434922,0.8456995311643896,HAW,31,Big West,1.3679995070644646,-0.3605853259123286,1.007414181152136,1.3099626360916834,-0.8456995311643896,0.46426310492729383
HC,HC,0.40333632629795113,0.4161659013191888,0.01282957502123766,5.909516780256426,5.86828823300891,-0.04122854724751601,HC,133,Patriot League,0.41143269808419,-0.3001940434190695,0.1112386546651205,0.3931643958121218,0.04122854724751601,0.4343929430596378
HCU,HCU,0.3659111654437269,0.396202318204315,0.03029115276058808,5.356854270312022,5.760362439090166,0.4035081687781439,HCU,266,Unknown,-1.6992423490581734,0.4818699921957456,-1.2173723568624275,0.9282772620180219,-0.4035081687781439,0.524769093239878
HOF,HOF,0.3636710156600502,0.4044553055514221,0.040784289891371894,7.657241320652028,5.957777692865291,-1.699463627786737,HOF,233,Coastal Athletic,-0.6096994976233038,-0.0939029231784456,-0.7036024208017494,1.2498411418323645,1.699463627786737,2.9493047696191015
HOU,HOU,0.3645614763775136,0.4146229686706154,0.05006149229310175,5.004593668461611,5.584907140248559,0.5803134717869476,HOU,118,Big 12,0.0906392095885252,0.1055911183915423,0.1962303279800676,1.534142505756344,-0.5803134717869476,0.9538290339693964
HPU,HPU,0.46507054433563755,0.4293808165874938,-0.035689727748143774,7.0103421321097965,5.847909095692491,-1.1624330364173057,HPU,79,Big South,0.6990543460423732,-0.2184004302850359,0.4806539157573372,-1.0937174632495672,1.1624330364173057,0.06871557316773846
ILL,ILL,0.4083658133084999,0.414972127553308,0.006606314244808065,5.647834941806144,5.5960689713114204,-0.05176597049472331,ILL,179,Big Ten,-0.7081005862948342,0.4392527683475578,-0.2688478179472764,0.20245156556669877,0.05176597049472331,0.25421753606142206
ILST,ILST,0.39710971324676525,0.4238477282712429,0.026738015024477646,6.385339826161468,5.800010959042693,-0.5853288671187755,ILST,38,Missouri Valley,1.4838950005095983,-0.5857966194485336,0.898098381061065,0.8193907830081859,0.5853288671187755,1.4047196501269614
INST,INST,0.39000439129495235,0.4146160443395225,0.024611653044570136,6.432428490983178,5.891092815208281,-0.5413356757748975,INST,126,Missouri Valley,0.5715042460322866,-0.4179918972006087,0.1535123488316778,0.7542280771723107,0.5413356757748975,1.2955637529472082
IONA,IONA,0.38358448119268473,0.4142312490436504,0.03064676785096565,5.600839984740166,5.761044076177674,0.16020409143750758,IONA,98,Metro Atlantic,0.7026416404544387,-0.3456938036509385,0.3569478368035002,0.9391751438199151,-0.16020409143750758,0.7789710523824075
IOWA,IOWA,0.4031939872528821,0.4124167360584334,0.009222748805551295,5.000630322041108,5.6353339607212325,0.6347036386801248,IOWA,190,Big Ten,-0.6671016052700448,0.3515783941449388,-0.3155232111251059,0.2826326246862494,-0.6347036386801248,-0.3520710139938754
IU,IU,0.4231743689605792,0.4148247493609846,-0.008349619599594571,5.26817278265579,5.430236754960883,0.16206397230509317,IU,172,Big Ten,-0.8854228813746703,0.6671800907707617,-0.2182427906039086,-0.2558754393424143,-0.16206397230509317,-0.4179394116475075
JAX,JAX,0.3693728764121426,0.4136066239338987,0.04423374752175607,5.1570161433106,5.755591126157553,0.5985749828469524,JAX,105,Atlantic Sun,0.6096381465807079,-0.3082338720995423,0.3014042744811656,1.3555503272796214,-0.5985749828469524,0.756975344432669
JKST,JKST,0.4146066052946569,0.4243291747232759,0.009722569428618988,6.871606388317112,5.945614918561231,-0.9259914697558811,JKST,75,Conference USA,1.039239163108623,-0.539978900896787,0.499260262211836,0.29794970829638834,0.9259914697558811,1.2239411780522693
JMU,JMU,0.31921140772008766,0.3882268700123418,0.06901546229225414,5.573294471353896,5.75488121473503,0.18158674338113379,JMU,269,Unknown,-1.6154863958378085,0.3401694600104807,-1.2753169358273275,2.114989973472304,-0.18158674338113379,1.9334032300911703
JOES,JOES,0.38415591471079713,0.4219683178667885,0.03781240315599138,6.179036195856286,5.671986234749321,-0.507049961106965,JOES,59,Unknown,0.8869019942681541,-0.2162756935265903,0.6706263007415637,1.1587671934900585,0.507049961106965,1.6658171545970235
JVST,JVST,0.3889224681441753,0.426994332869534,0.03807186472535867,6.02827446887093,5.769442252056324,-0.2588322168146062,JVST,67,SWAC,0.7631253467278792,-0.1988135501343668,0.5643117965935124,1.1667184351319593,0.2588322168146062,1.4255506519465655
KENN,KENN,0.3895393031406224,0.3968698852637513,0.00733058212312887,5.369004212353931,5.674751336225942,0.30574712387201064,KENN,254,Unknown,-1.4684496548103363,0.4641637332469601,-1.004285921563376,0.2246468715152396,-0.30574712387201064,-0.08110025235677104
KENT,KENT,0.44447514157275586,0.4223523477773793,-0.022122793795376572,5.834070863330266,5.415827234548706,-0.41824362878155963,KENT,77,Unknown,0.137003648851252,0.3563579359198598,0.4933615847711118,-0.6779565840518628,0.41824362878155963,-0.25971295527030314
KSU,KSU,0.3956353337902823,0.4130541365142796,0.017418802723997262,5.386045885933671,5.271794259908251,-0.11425162602541938,KSU,94,Big 12,-0.0900938686766723,0.4729966908719456,0.3829028221952733,0.5338020189612064,0.11425162602541938,0.6480536449866258
KU,KU,0.4077557400651634,0.421518016937596,0.013762276872432588,5.348762219795929,5.716525359433089,0.36776313963716056,KU,191,Big 12,-0.7457420902994585,0.4254840821292314,-0.3202580081702271,0.42174719447777287,-0.36776313963716056,0.053984054840612306
LAM,LAM,0.4125559938600773,0.441175313559873,0.028619319699795698,4.6297386934235325,5.705677282833318,1.0759385894097857,LAM,4,Unknown,2.3320069258089777,-0.5860526634949128,1.745954262314065,0.8770436682195456,-1.0759385894097857,-0.1988949211902401
LBSU,LBSU,0.35872705463060467,0.4324607403574177,0.07373368572681305,5.8187896222458955,5.817147392788683,-0.0016422294572127072,LBSU,7,Unknown,2.545893466220257,-0.9296053302600013,1.616288135960256,2.2595806916281416,0.0016422294572127072,2.2612229210853543
LEH,LEH,0.40112316566276324,0.4315095989548135,0.030386433292050263,6.595330942452787,5.709872395218869,-0.8854585472339176,LEH,23,Patriot League,1.587912514880174,-0.4210846181531327,1.1668278967270411,0.9311971492725081,0.8854585472339176,1.8166556965064258
LEM,LEM,0.3952489020666951,0.41765614262125,0.022407240554554897,7.344522552830098,5.953816634772624,-1.3907059180574741,LEM,160,Unknown,0.1207111886723425,-0.235253516131273,-0.1145423274589304,0.686673500865392,1.3907059180574741,2.0773794189228663
LIB,LIB,0.35208707126135025,0.4236773484431571,0.07159027718180683,5.128426062405619,5.40513733370922,0.2767112713036015,LIB,71,Conference USA,0.1785465740159021,0.3534415913162361,0.5319881653321382,2.1938955910553704,-0.2767112713036015,1.9171843197517688
LIN,LIN,0.36644204950110737,0.4149620548918525,0.048520005390745136,5.540494837499153,5.633443677327909,0.09294883982875568,LIN,141,Atlantic Sun,-0.0947052039952977,0.1408961113859952,0.0461909073906975,1.4869033910067058,-0.09294883982875568,1.39395455117795
LIP,LIP,0.3906532704929463,0.4114981236924821,0.02084485319953583,6.176549083874417,5.805631731718424,-0.37091735215599364,LIP,175,Atlantic Sun,-0.2033103076059209,-0.0295871107828311,-0.232897418388752,0.6387938883728722,0.37091735215599364,1.009711240528866
LIU,LIU,0.385137005312257,0.4125928908291104,0.027455885516853407,6.139757158799106,5.782866318353944,-0.3568908404451614,LIU,125,Northeast,0.4342510000583152,-0.2740444651451197,0.1602065349131955,0.8413900400326044,0.3568908404451614,1.1982808804777658
LMU,LMU,0.40140885725808534,0.3971937067699115,-0.0042151504881738355,6.009133548107136,5.794050020854801,-0.21508352725233504,LMU,250,Unknown,-1.1829806758057606,0.2265725775467535,-0.9564080982590072,-0.12917396657306915,0.21508352725233504,0.08590956067926589
LONG,LONG,0.37690637510423375,0.3994295277800347,0.02252315267580096,8.25216836722739,5.7697320782072685,-2.4824362890201206,LONG,252,Big South,-1.33892553259645,0.3513704877508683,-0.9875550448455817,0.6902256465164811,2.4824362890201206,3.1726619355366017
LOU,LOU,0.4081424111671058,0.4143456579675285,0.006203246800422668,5.573925400948113,5.732133545127198,0.1582081441790848,LOU,184,ACC,-0.4887725882713427,0.2068962483267373,-0.2818763399446053,0.19009949872263013,-0.1582081441790848,0.03189135454354533
LR,LR,0.37074872319364494,0.4188116654642423,0.048062942270597375,5.93225737850952,5.741478231911324,-0.19077914659819584,LR,78,Ohio Valley,0.7822311467142653,-0.2934559723652707,0.4887751743489945,1.4728966179699197,0.19077914659819584,1.6636757645681155
LSU,LSU,0.4084335877927216,0.4242091239195557,0.015775536126834078,3.9064642177582747,5.622515869280952,1.7160516515226774,LSU,148,SEC,-0.4321525816427787,0.4143028646027167,-0.017849717040062,0.4834438490481411,-1.7160516515226774,-1.2326078024745364
LT,LT,0.3798201425513572,0.4240712402944798,0.04425109774312258,5.149320538410562,5.486544894878746,0.33722435646818383,LT,86,Unknown,0.1253989639503538,0.3131001680218972,0.438499131972251,1.356082027611821,-0.33722435646818383,1.0188576711436372
M-OH,M-OH,0.4293616450672842,0.4358540043879716,0.006492359320687424,6.343202368955469,5.706805403710561,-0.6363969652449075,M-OH,25,Unknown,1.3473348806599146,-0.2468633721379554,1.1004715085219592,0.19895939853719527,0.6363969652449075,0.8353563637821028
MAN,MAN,0.3585913865346069,0.4029436001657634,0.04435221363115649,6.744614730687969,5.787653495757456,-0.956961234930513,MAN,211,Metro Atlantic,-0.4715214412819188,-0.0117868771581104,-0.4833083184400292,1.3591807403096343,0.956961234930513,2.3161419752401473
MCN,MCN,0.4037562322052583,0.42050227096906,0.016746038763801707,4.956169115676871,5.6188537533252445,0.6626846376483737,MCN,103,Southland,0.2108385863529928,0.099709365316106,0.3105479516690989,0.5131850588906975,-0.6626846376483737,-0.14949957875767617
MD,MD,0.41393519453050737,0.4256139218996499,0.01167872736914255,6.2816027512714045,5.824105302140703,-0.45749744913070156,MD,131,Big Ten,0.1084374502630663,0.0086559596798769,0.1170934099429433,0.35789648389307815,0.45749744913070156,0.8153939330237797
ME,ME,0.3764099802015436,0.4312268776083037,0.0548168974067601,5.836234313759769,5.641014830674963,-0.19521948308480663,ME,9,America East,2.1524951165744164,-0.5842467480345857,1.5682483685398307,1.679872662465229,0.19521948308480663,1.8750921455500356
MEM,MEM,0.3504211243336316,0.41432175044005,0.06390062610641839,5.80568176955574,5.669981335664465,-0.13570043389127484,MEM,143,American Athletic,-0.0501524680305063,0.0767906453433751,0.0266381773128687,1.9582449935837893,0.13570043389127484,2.093945427475064
MER,MER,0.3883208900037871,0.402049526166525,0.013728636162737895,5.531128877986455,5.5988566098824055,0.0677277318959506,MER,215,Southern Conference,-0.8631740373403574,0.3350471476005765,-0.5281268897397808,0.4207162695032581,-0.0677277318959506,0.3529885376073075
MERC,MERC,0.35920077564936387,0.4086303919088523,0.04942961625948844,7.599180810798592,5.932206903728504,-1.666973907070088,MERC,226,Southern Conference,-0.662795112493854,0.0145180189024038,-0.6482770935914501,1.5147785627907748,1.666973907070088,3.1817524698608626
MIA,MIA,0.37258273019213295,0.4201847661885705,0.04760203599643753,5.13788925250707,5.479604845906693,0.34171559339962343,MIA,80,ACC,0.2676478408132271,0.2114225699914076,0.4790704108046347,1.4587720708585694,-0.34171559339962343,1.117056477458946
MICH,MICH,0.39500130687791524,0.4086426365411403,0.013641329663225066,5.45923185653807,5.670990728422512,0.21175887188444253,MICH,194,Big Ten,-0.5416199064994981,0.2127468774544452,-0.3288730290450529,0.4180407477439939,-0.21175887188444253,0.20628187585955138
MILW,MILW,0.3798894692416928,0.4135789246495435,0.03368945540785068,7.63694413878023,5.933285368943313,-1.7036587698369168,MILW,132,Horizon League,0.6087196711832401,-0.4943011420322749,0.1144185291509651,1.0324187947567143,1.7036587698369168,2.7360775645936313
MINN,MINN,0.3752439207907458,0.4213405188737771,0.04609659808303129,5.538407611895665,5.658415898683083,0.12000828678741815,MINN,65,Big Ten,0.7213061517831298,-0.1450802996830873,0.5762258521000425,1.4126376831896685,-0.12000828678741815,1.2926293964022504
MISS,MISS,0.40619889944919646,0.4116757731408493,0.005476873691652839,4.599337296392852,5.4090337156198975,0.8096964192270457,MISS,209,SEC,-1.253794403915519,0.8012597408050803,-0.4525346631104388,0.16783967764742572,-0.8096964192270457,-0.64185674157962
MIZ,MIZ,0.3567152787251855,0.400006259418522,0.043290980693336534,7.242778802565944,5.766676364281392,-1.4761024382845518,MIZ,240,SEC,-0.9253888902442944,0.1736819991400118,-0.7517068911042826,1.326659085763539,1.4761024382845518,2.8027615240480905
MONM,MONM,0.34831130318773357,0.4053286837177945,0.057017380530060946,5.871219696362116,5.749966828035,-0.12125286832711613,MONM,153,Coastal Athletic,0.1958746008959627,-0.2399517290633124,-0.0440771281673496,1.747306822695416,0.12125286832711613,1.8685596910225322
MORE,MORE,0.38816415179791297,0.3883624445254111,0.00019829272749810611,7.723592439558673,6.083283087065729,-1.6403093524929444,MORE,287,Unknown,-2.941311225762544,0.6910564351159545,-2.250254790646589,0.0060767126168774456,1.6403093524929444,1.6463860651098219
MOST,MOST,0.42148155241025287,0.4405324215715691,0.01905086916131621,6.524263867407088,5.514677623765562,-1.0095862436415262,MOST,14,Conference USA,1.2765759676245327,0.0333284549655132,1.309904422590046,0.5838169581693676,1.0095862436415262,1.5934032018108937
MRSH,MRSH,0.377503020538058,0.4144046819310157,0.036901661392957696,4.962910263209764,5.344877813540903,0.38196755033113927,MRSH,87,Sun Belt,0.0836920604220355,0.346826622620342,0.4305186830423776,1.1308573652680585,-0.38196755033113927,0.7488898149369192
MRST,MRST,0.3658993899702421,0.3969161019393242,0.031016711969082122,6.214764213379676,5.646697074901739,-0.5680671384779377,MRST,261,Metro Atlantic,-1.781634323392225,0.6314486367478915,-1.1501856866443334,0.9505121409880006,0.5680671384779377,1.5185792794659383
MSM,MSM,0.4041050829397095,0.4051094862497255,0.001004403310016,6.868096314169903,5.817565372144463,-1.05053094202544,MSM,197,Metro Atlantic,-0.276599596425934,-0.0990022535031123,-0.3756018499290463,0.03078010143597419,1.05053094202544,1.0813110434614142
MSST,MSST,0.412479964274219,0.4290879180817306,0.016607953807511566,4.164127842532885,5.41073223203275,1.2466043894998649,MSST,100,SEC,-0.2864024415778052,0.6140987487991341,0.3276963072213288,0.508953423133419,-1.2466043894998649,-0.7376509663664459
MSU,MSU,0.3649391413637343,0.4178716345969828,0.0529324932332485,4.90697273880075,5.779277446363051,0.8723047075623009,MSU,74,Big Ten,0.8976865265526395,-0.3970743907375391,0.5006121358151003,1.6221247926318088,-0.8723047075623009,0.7498200850695078
MTSU,MTSU,0.37590335700629124,0.4046578194616722,0.028754462455380936,6.413095318184767,5.706607226218246,-0.7064880919665208,MTSU,198,Unknown,-0.4802742640025926,0.0962899893622912,-0.3839842746403014,0.8811851397616738,0.7064880919665208,1.5876732317281945
MUR,MUR,0.41417344975242276,0.407380981653217,-0.006792468099205751,5.9966575113848215,5.645626661834517,-0.3510308495503045,MUR,169,Missouri Valley,-0.3323956190680274,0.1288337504883632,-0.2035618685796641,-0.20815628045953108,0.3510308495503045,0.14287456909077342
MVSU,MVSU,0.40430474444944187,0.4156608205536062,0.011356076104164337,8.246799618130892,6.013391916617306,-2.2334077015135856,MVSU,188,Unknown,-0.0727967096498844,-0.2352902641480616,-0.3080869737979461,0.34800878383729417,2.2334077015135856,2.58141648535088
NAVY,NAVY,0.381583171604276,0.4067823973487028,0.02519922574442679,5.727204804168036,5.670059927417763,-0.057144876750272466,NAVY,183,Patriot League,-0.4139902248341494,0.1322971802987274,-0.281693044535422,0.7722343373292081,0.057144876750272466,0.8293792140794806
NCAT,NCAT,0.34623951427612454,0.4001894262891732,0.05394991201304866,7.057048099546806,5.834689487338514,-1.2223586122082928,NCAT,218,Unknown,-0.4954495805788629,-0.087098062790007,-0.58254764336887,1.653303755238588,1.2223586122082928,2.875662367446881
NCSU,NCSU,0.39339285108543653,0.422783480493766,0.029390629408329483,4.710691014217277,5.576031192360821,0.8653401781435441,NCSU,81,ACC,0.3503539912298348,0.1145116690324856,0.4648656602623204,0.9006805786423551,-0.8653401781435441,0.03534040049881093
ND,ND,0.38093164489284886,0.4258306430226755,0.04489899812982662,4.958669476860825,5.714905972394509,0.7562364955336838,ND,61,ACC,0.868650467550088,-0.2036192361716118,0.6650312313784762,1.3759370394624286,-0.7562364955336838,0.6197005439287449
NDSU,NDSU,0.36529153679344734,0.3845883534326169,0.019296816639169545,6.240982801904991,5.986900917798271,-0.2540818841067205,NDSU,277,Unknown,-1.5613404126281896,0.0437755188325637,-1.517564893795626,0.5913540582971312,0.2540818841067205,0.8454359424038517
NE,NE,0.39286032797407255,0.430806531426185,0.03794620345211247,4.102239346028438,5.909002878409339,1.8067635323809013,NE,20,Unknown,2.0529409262170466,-0.8469956351468042,1.2059452910702424,1.1628675251453822,-1.8067635323809013,-0.6438960072355191
NEB,NEB,0.3677503243144601,0.41005722445615,0.04230690014168992,5.480202139632599,5.635691462596116,0.15548932296351659,NEB,171,Big Ten,-0.4366320843065084,0.2203275453768469,-0.2163045389296614,1.2965017785356587,-0.15548932296351659,1.1410124555721421
NEV,NEV,0.39064584102853245,0.3984029158325662,0.007757074804033759,5.96830032246287,5.702380645048724,-0.26591967741414546,NEV,276,Mountain West,-2.3679668016831883,0.8654732079615854,-1.5024935937216028,0.23771680851071197,0.26591967741414546,0.5036364859248574
NIA,NIA,0.38766707411567725,0.4308050765620433,0.043138002446366064,7.483008973459761,5.954555361126519,-1.5284536123332417,NIA,70,Metro Atlantic,0.9590165944613218,-0.4201537484993904,0.5388628459619313,1.3219710427112181,1.5284536123332417,2.85042465504446
NICH,NICH,0.3364633021865245,0.4103538583700093,0.07389055618348483,5.889726927004294,5.816911117196907,-0.07281580980738767,NICH,123,Southland,0.5733952846664031,-0.4045012152501304,0.1688940694162727,2.2643880120745354,0.07281580980738767,2.337203821881923
NIU,NIU,0.39666303062608277,0.4049385754065119,0.008275544780429134,6.629208651716538,5.690167611353344,-0.9390410403631941,NIU,235,Unknown,-1.1209032143904072,0.4006494631709349,-0.7202537512194722,0.25360540456153796,0.9390410403631941,1.192646444924732
NJIT,NJIT,0.3783223352222099,0.4161365483143668,0.03781421309215688,6.53848966743642,5.860844358245838,-0.6776453091905825,NJIT,108,America East,0.69352743668349,-0.4184466805689499,0.2750807561145401,1.1588226592757753,0.6776453091905825,1.8364679684663578
NKU,NKU,0.41025889565804646,0.400910452813039,-0.009348442845007465,7.190679491841167,5.869702267564025,-1.3209772242771418,NKU,262,Unknown,-1.511004859710253,0.3581044268020577,-1.152900432908195,-0.28648453879861585,1.3209772242771418,1.034492685478526
NMSU,NMSU,0.3928365094898002,0.3927176936109866,-0.00011881587881362732,7.001159749094924,5.813569938935108,-1.1875898101598166,NMSU,278,Unknown,-2.099703565707439,0.5738109602916976,-1.5258926054157411,-0.003641131770095031,1.1875898101598166,1.1839486783897215
NORF,NORF,0.37625361724171363,0.4209701632011695,0.044716545959455845,8.808184759247403,5.975213304278819,-2.8329714549685843,NORF,63,Northeast,1.4640282403149445,-0.8117246455977956,0.6523035947171489,1.3703457632736469,2.8329714549685843,4.203317218242232
NU,NU,0.37951354616553484,0.4275830125878911,0.048069466422356266,6.639187232321444,5.768125012600067,-0.8710622197213764,NU,45,Unknown,1.1477004252624632,-0.3319585756814076,0.8157418495810556,1.4730965516528534,0.8710622197213764,2.3441587713742296
NWST,NWST,0.4003774811817382,0.404804728520019,0.00442724733828076,5.258816900660787,5.604114631043947,0.3452977303831597,NWST,166,Unknown,-0.28625025786664,0.1144484875974036,-0.1718017702692363,0.13567370875376522,-0.3452977303831597,-0.20962402162939447
OAK,OAK,0.3667377353093758,0.3849092677899284,0.018171532480552588,7.4695489689638395,5.996186043379479,-1.47336292558436,OAK,283,Horizon League,-1.9737484144120816,0.2425941292536979,-1.7311542851583837,0.5568695437588697,1.47336292558436,2.03023246934323
ODU,ODU,0.3605431104872276,0.4074859038054861,0.04694279331825851,5.3745483774968585,5.612000079790469,0.2374517022936109,ODU,168,Unknown,-0.3920417475289234,0.1894990006211845,-0.2025427469077388,1.4385694726563092,-0.2374517022936109,1.2011177703626983
OHIO,OHIO,0.3912595370425791,0.3973245565662562,0.0060650195236771065,7.788699059581021,5.955550573815421,-1.8331484857656006,OHIO,228,Mid-American,-0.3315191571784618,-0.327681118734711,-0.659200275913173,0.18586350153204037,1.8331484857656006,2.019011987297641
OKST,OKST,0.3724728430373792,0.4142434528067767,0.041770609769397504,4.693226042607913,5.461613460572691,0.768387417964778,OKST,113,Big 12,-0.0526195576361316,0.2841218643401646,0.2315023067040329,1.2800670735783106,-0.768387417964778,0.5116796556135326
OMA,OMA,0.3638365180929782,0.4149665142282638,0.05112999613528563,6.636262197689501,5.82488461719663,-0.8113775804928709,OMA,102,Summit League,0.7271504799415537,-0.4128943731445753,0.3142561067969783,1.5668869783393984,0.8113775804928709,2.378264558832269
ORE,ORE,0.4249006709443206,0.4519139037829106,0.027013232838589973,4.78329693322793,5.642583852029835,0.8592869188019057,ORE,1,Big Ten,2.8844383145586465,-0.5859998445204768,2.2984384700381697,0.8278248773116281,-0.8592869188019057,-0.03146204149027754
ORST,ORST,0.409003433471845,0.4220065272493599,0.013003093777514907,4.887937039890466,4.998772431461642,0.11083539157117617,ORST,28,DI Independent,0.3934586213863582,0.6692980363568637,1.062756657743222,0.39848190608513423,-0.11083539157117617,0.28764651451395806
ORU,ORU,0.37773923073077176,0.417886838963103,0.04014760823233127,5.90874074769405,5.596637890769498,-0.3121028569245521,ORU,56,Summit League,0.8981960203027014,-0.2038050197390699,0.6943910005636315,1.2303299297004744,0.3121028569245521,1.5424327866250265
OSU,OSU,0.3793361861265315,0.4171729916341012,0.03783680550756968,7.31737561812511,5.8709243439177206,-1.4464512742073898,OSU,147,Unknown,0.1717957193142053,-0.1818633576578658,-0.0100676383436605,1.1595150074900387,1.4464512742073898,2.6059662816974285
OU,OU,0.38562142442998887,0.4195543058380183,0.033932881408029414,4.445771641785269,5.406697033285092,0.9609253914998233,OU,127,SEC,-0.3912998174242614,0.54469035951686,0.1533905420925985,1.0398786237944497,-0.9609253914998233,0.07895323229462647
PAC,PAC,0.3307897914996442,0.3979456338106846,0.06715584231104038,6.451306958128554,5.683129740929883,-0.7681772171986712,PAC,248,West Coast,-1.382637137895136,0.4319308014972733,-0.9507063363978624,2.058001619209302,0.7681772171986712,2.826178836407973
PEPP,PEPP,0.32086594367491406,0.4213686123128592,0.10050266863794516,6.345215510721462,5.745717989907556,-0.5994975208139062,PEPP,30,West Coast,1.638954764311257,-0.630296538715065,1.008658225596192,3.079920490517674,0.5994975208139062,3.67941801133158
PITT,PITT,0.38621603071190497,0.4190230872015871,0.03280705648968213,5.9098002292355725,5.715438085841552,-0.19436214339402014,PITT,193,ACC,-0.7040718684302383,0.3770321972941044,-0.3270396711361338,1.0053775375870329,0.19436214339402014,1.199739680981053
PORT,PORT,0.38775964090909865,0.4137067962054203,0.025947155296321633,6.195455001952339,5.700895067675239,-0.4945599342770999,PORT,149,West Coast,-0.0695291354566494,0.0460307129943462,-0.0234984224623032,0.7951547590808242,0.4945599342770999,1.289714693357924
PRES,PRES,0.3638597118611761,0.4117673417131703,0.047907629851994205,7.392807908369101,5.813824462281729,-1.5789834460873724,PRES,88,Big South,0.991472965216066,-0.5666525162578155,0.4248204489582503,1.4681370438514354,1.5789834460873724,3.047120489938808
PSU,PSU,0.39047423913075097,0.3927751012591827,0.0023008621284317243,5.441849678577188,5.7114810537967005,0.26963137521951275,PSU,268,Unknown,-1.7979046550544062,0.526307615189805,-1.2715970398646013,0.0705102910325851,-0.26963137521951275,-0.19912108418692764
PUR,PUR,0.4006346474619615,0.4071310909593376,0.006496443497376103,5.1432737927604615,5.7270657045429,0.5837919117824386,PUR,164,Big Ten,-0.0823549973180582,-0.0663517344322857,-0.148706731750344,0.199084558790558,-0.5837919117824386,-0.38470735299188064
PV,PV,0.4007104963664012,0.3904163616326696,-0.010294134733731641,8.888833453731287,5.980423739676652,-2.9084097140546348,PV,280,SWAC,-1.8144869486402668,0.256988927155823,-1.5574980214844438,-0.31546541925951804,2.9084097140546348,2.592944294795117
QUC,QUC,0.30532959538343485,0.3976906852119506,0.09236108982851576,6.79653760734405,5.8911749642057085,-0.9053626431383419,QUC,251,Metro Atlantic,-1.0538337757899483,0.0810751146167483,-0.9727586611732002,2.830420494744838,0.9053626431383419,3.73578313788318
QUIN,QUIN,0.4131106201663713,0.4131536775025992,4.3057336227891874e-05,6.7652341666201865,5.869234953404319,-0.8959992132158678,QUIN,210,Metro Atlantic,-0.5852582518309004,0.1020703402640119,-0.4831879115668884,0.0013194990134353963,0.8959992132158678,0.8973187122293033
RAD,RAD,0.37956516953319186,0.4085985254654279,0.02903335593223605,7.40451238555936,5.8007952446110265,-1.6037171409483335,RAD,199,Big South,-0.4198183213876167,0.0315089572579916,-0.3883093641296251,0.8897318753427176,1.6037171409483335,2.493449016291051
RGV,RGV,0.41480746401167773,0.4338777059614276,0.019070241949749878,5.036234225214204,5.2570769937894495,0.22084276857524543,RGV,3,Southland,1.7484043538951444,0.0352366388689731,1.7836409927641177,0.5844106403955608,-0.22084276857524543,0.36356787182031536
RICE,RICE,0.34143963238900205,0.3901992743486227,0.04875964195962068,5.6115911147403255,5.71851209755512,0.10692098281479456,RICE,265,American Athletic,-1.6108244708861057,0.3990169813807735,-1.211807489505332,1.4942470923109563,-0.10692098281479456,1.3873261094961618
RICH,RICH,0.42190256095658735,0.3971482480363221,-0.024754312920265253,6.2603384620942935,5.848554171710324,-0.41178429038396924,RICH,274,Atlantic 10,-2.024572222395405,0.565651954138862,-1.4589202682565432,-0.7585999120726449,0.41178429038396924,-0.34681562168867563
RUTG,RUTG,0.3669022853950723,0.413079819271224,0.0461775338761517,5.4232092215024394,5.409661297693057,-0.013547923809382745,RUTG,92,Big Ten,0.1749952106631424,0.2265211920494145,0.4015164027125569,1.4151179736240036,0.013547923809382745,1.4286658974333863
SAC,SAC,0.38391522768265424,0.4285477081067751,0.04463248042412088,5.391137893432677,5.663859917023168,0.27272202359049125,SAC,15,Unknown,1.8077656723853743,-0.505458768197296,1.3023069041880784,1.3677695613843495,-0.27272202359049125,1.0950475377938582
SAM,SAM,0.39986911949129333,0.4326622955546474,0.03279317606335408,5.839938355398952,5.8459206003341855,0.005982244935233361,SAM,33,Southern Conference,1.470436203429038,-0.500501349799273,0.969934853629765,1.0049521696834314,-0.005982244935233361,0.998969924748198
SBU,SBU,0.38258591509742257,0.4043955502356458,0.021809635138223205,7.8782651224402755,5.995591702428119,-1.8826734200121562,SBU,242,Unknown,-0.7322559452561808,-0.0742791059268794,-0.8065350511830602,0.6683597864939369,1.8826734200121562,2.551033206506093
SC,SC,0.3630767039667276,0.4215528582002614,0.058476154233533806,6.023559868339876,5.36148366141577,-0.6620762069241062,SC,64,SEC,0.2441071820077032,0.3570794572255806,0.6011866392332839,1.792011178124423,0.6620762069241062,2.4540873850485294
SCU,SCU,0.37015531023167136,0.3990198757983932,0.028864565566721845,6.159962772912237,5.695528763979594,-0.46443400893264286,SCU,244,West Coast,-1.1846615663944893,0.3454227752643755,-0.8392387911301138,0.8845592673672824,0.46443400893264286,1.3489932762999253
SDST,SDST,0.37268189029347304,0.4064213851469763,0.03373949485350325,6.758604239258437,5.916859838521098,-0.8417444007373387,SDST,223,Unknown,-0.609910806967323,-0.0259609964276767,-0.6358718033949998,1.0339522616396157,0.8417444007373387,1.8756966623769544
SDSU,SDSU,0.36064491731920917,0.4304337457655352,0.06978882844632606,6.829348310717638,5.811951987839853,-1.0173963228777847,SDSU,117,Unknown,0.1283332897197649,0.0758912857871241,0.204224575506889,2.138689904000315,1.0173963228777847,3.1560862268780996
SEA,SEA,0.3600542148877844,0.4246779103102406,0.06462369542245622,6.2073308834894965,5.816134944467678,-0.39119593902181826,SEA,49,Unknown,1.2779641694710324,-0.5019020626075026,0.7760621068635298,1.980403569397852,0.39119593902181826,2.37159950841967
SELA,SELA,0.4210554492493088,0.4045315774315362,-0.016523871817772595,5.115114393503648,5.667717237191567,0.5526028436879198,SELA,204,Unknown,-0.6073431305953889,0.1890828872349432,-0.4182602433604456,-0.506376716996257,-0.5526028436879198,-1.0589795606841768
SEMO,SEMO,0.38456016481303185,0.4076952546105238,0.02313508979749196,5.01095161065212,5.402454358644294,0.391502747992174,SEMO,154,Unknown,-0.509603510431546,0.4478759394761846,-0.0617275709553613,0.7089785583102374,-0.391502747992174,0.3174758103180634
SF,SF,0.3797137399989229,0.4076846343669697,0.02797089436804684,6.272460987575046,5.881040204509826,-0.39142078306522077,SF,158,Unknown,0.2731855893835782,-0.3757790621978465,-0.1025934728142682,0.8571725693433708,0.39142078306522077,1.2485933524085917
SFA,SFA,0.3764116702059794,0.4105591640336006,0.03414749382762122,5.562252545501876,5.908600781507411,0.346348236005535,SFA,213,Southland,-0.4826975402264456,-0.0179424944726402,-0.5006400346990859,1.046455456007747,-0.346348236005535,0.700107220002212
SHSU,SHSU,0.3513191198193105,0.3974616755194856,0.04614255570017506,6.905654136593876,5.929779625523358,-0.9758745110705176,SHSU,246,Unknown,-0.8257628644636206,-0.0665877355277801,-0.8923505999914008,1.4140460617795583,0.9758745110705176,2.389920572850076
SHU,SHU,0.39868191766353206,0.4087103685748759,0.010028450911343856,6.372135850750914,5.916143764936724,-0.4559920858141906,SHU,220,Metro Atlantic,-0.6002405693377063,0.0024821863353379,-0.5977583830023684,0.30732349567021494,0.4559920858141906,0.7633155814844055
SIE,SIE,0.3784582514766427,0.4185416427925996,0.040083391315956896,6.698607299420118,6.065429811932654,-0.6331774874874636,SIE,135,Metro Atlantic,0.7009944727830927,-0.5995929354551643,0.1014015373279283,1.2283619919406146,0.6331774874874636,1.8615394794280782
SIU,SIU,0.4279149986567737,0.4308865913131103,0.002971592656336619,6.12304561102052,5.778883357469212,-0.3441622535513078,SIU,91,Unknown,0.4045789412256556,-0.0030415004837802,0.4015374407418753,0.09106493624257381,0.3441622535513078,0.43522718979388164
SIUE,SIUE,0.3762656390131507,0.4013408596086807,0.025075220595530023,6.14603569799726,5.760426600184037,-0.38560909781322295,SIUE,234,Ohio Valley,-0.8847520254798471,0.1796913876951613,-0.7050606377846858,0.7684341795404361,0.38560909781322295,1.154043277353659
SJSU,SJSU,0.35048567064895525,0.4176583362927072,0.06717266564375196,6.228121782549378,5.588488110515852,-0.6396336720335256,SJSU,39,Mountain West,1.1931466535245363,-0.3230456494838947,0.8701010040406416,2.058517172953689,0.6396336720335256,2.6981508449872145
SJU,SJU,0.4104171705135005,0.4186474397436608,0.008230269230160292,6.706346871006643,5.831765182547636,-0.8745816884590063,SJU,128,Unknown,0.3539880854115327,-0.2020106707471125,0.1519774146644202,0.2522179280210412,0.8745816884590063,1.1267996164800476
SLU,SLU,0.3873529904236398,0.4298650715536985,0.04251208113005872,5.947731896939914,5.849454201013129,-0.09827769592678504,SLU,26,Atlantic 10,1.7718665985991926,-0.6742830026844739,1.0975835959147189,1.3027895830179286,0.09827769592678504,1.4010672789447136
SMC,SMC,0.4069030871439909,0.4288371852640331,0.021934098120042156,6.308876772847425,5.746028729245928,-0.5628480436014973,SMC,35,Unknown,1.3415761049863573,-0.3942334018330404,0.9473427031533168,0.6721739746464532,0.5628480436014973,1.2350220182479505
SOU,SOU,0.4531512839357413,0.4255249057545618,-0.027626378181179467,8.021579026349093,5.95389277278166,-2.067686253567433,SOU,140,Unknown,0.236473288399878,-0.1763802207464309,0.0600930676534471,-0.8466148152296934,2.067686253567433,1.2210714383377397
STAN,STAN,0.3843297233630655,0.4185509271652174,0.034221203802151934,4.937131734060234,5.668824189880045,0.731692455819811,STAN,72,ACC,0.7013007281298622,-0.1864620791503632,0.5148386489794989,1.0487143100659464,-0.731692455819811,0.3170218542461354
STBK,STBK,0.3905335634625277,0.4225484190576444,0.03201485559511669,6.837593652153164,5.855825292085257,-0.9817683600679077,STBK,106,Coastal Athletic,0.548708784739636,-0.2567688120578912,0.2919399726817447,0.9811004133987372,0.9817683600679077,1.9628687734666448
STET,STET,0.3749638400098006,0.4107443387665165,0.035780498756715906,5.277938287416494,5.674331938985443,0.3963936515689488,STET,116,Atlantic Sun,0.3735903969680151,-0.1615736056958949,0.2120167912721201,1.0964991554477455,-0.3963936515689488,0.7001055038787967
STO,STO,0.4181696634711191,0.4118057486597203,-0.0063639148113988075,8.288272205624411,5.976971057535835,-2.3113011480885763,STO,229,Unknown,-0.6855282093582165,0.0262097305119848,-0.6593184788462316,-0.19502319583318925,2.3113011480885763,2.116277952255387
TA&M,TA&M,0.3804846361627864,0.4397044955452241,0.059219859382437734,4.555387273338596,5.199220219414501,0.6438329460759054,TA&M,6,SEC,1.3239236936786274,0.3251113539621846,1.649035047640812,1.8148021423650273,-0.6438329460759054,1.170969196289122
TAR,TAR,0.404331271302201,0.4246981226966481,0.020366851394447105,7.043160052635812,5.8127605019387785,-1.230399550697033,TAR,111,Unknown,0.3437072243932818,-0.0941973832974278,0.2495098410958539,0.6241454459588629,1.230399550697033,1.854544996655896
TCU,TCU,0.3946691401624153,0.4251149201056485,0.03044577994323322,4.872532361218743,5.361853903283486,0.48932154206474365,TCU,53,Big 12,0.3569058090116282,0.3567092153578644,0.7136150243694925,0.9330158369700503,-0.48932154206474365,0.44369429490530665
TENN,TENN,0.4186929652157241,0.4215174886873394,0.0028245234716153256,4.158609894904956,5.24805006603081,1.0894401711258546,TENN,138,SEC,-0.802712920509869,0.8816506153871471,0.078937694877278,0.08655797735595354,-1.0894401711258546,-1.002882193769901
TEX,TEX,0.3865175881846096,0.4272635904355397,0.04074600225093011,4.4916974731291734,5.022238280012321,0.5305408068831472,TEX,83,SEC,-0.6350079539725337,1.0897720771553407,0.454764123182807,1.2486678109156004,-0.5305408068831472,0.7181270040324532
TNTC,TNTC,0.39683048475196836,0.4060275899078255,0.009197105155857144,5.654728090501715,5.85369925369732,0.19897116319560482,TNTC,221,Unknown,-0.6823223643038221,0.062815047436211,-0.6195073168676111,0.2818467709052996,-0.19897116319560482,0.08287560770969477
TOL,TOL,0.36303486727422524,0.4070627068235077,0.044027839549282466,6.2609232604456375,5.629257736710254,-0.6316655237353839,TOL,178,Mid-American,-0.4674989654995183,0.1996829846116901,-0.2678159808878282,1.3492402442522047,0.6316655237353839,1.9809057679875886
TOW,TOW,0.3651470740320867,0.4163668811237276,0.05121980709164092,6.888492018700545,5.990600515414595,-0.8978915032859502,TOW,151,Coastal Athletic,0.3489652120450459,-0.3785227681430898,-0.0295575560980439,1.5696392495825444,0.8978915032859502,2.4675307528684947
TROY,TROY,0.40060470843233775,0.4214908244535912,0.020886116021253454,5.128838207155769,5.628992373291744,0.5001541661359754,TROY,121,Sun Belt,-0.0195672090099972,0.199943144825915,0.1803759358159178,0.6400583941997027,-0.5001541661359754,0.13990422806372727
TTU,TTU,0.37337421058393333,0.4088872945645657,0.035513083980632354,6.028662448799156,5.781398612294032,-0.24726383650512407,TTU,239,Big 12,-1.1160873450642352,0.365416255406136,-0.7506710896580993,1.0883041865032497,0.24726383650512407,1.3355680230083737
TULN,TULN,0.3934618882650739,0.4283001652794341,0.03483827701436021,5.34292440895784,5.631806198143277,0.28888178918543694,TULN,40,American Athletic,0.9496883308979532,-0.1175054804708528,0.8321828504271003,1.0676246181820064,-0.28888178918543694,0.7787428289965694
TXSO,TXSO,0.4352875113025334,0.409659004786332,-0.02562850651620141,8.321505105225485,6.197438740937315,-2.1240663642881703,TXSO,222,Unknown,-0.1970714853118368,-0.4301208899847237,-0.6271923752965607,-0.7853897158190755,2.1240663642881703,1.3386766484690948
TXST,TXST,0.3481489764041329,0.3912751207367224,0.04312614433258949,5.659924342315351,5.688064949579368,0.02814060726401646,TXST,270,Unknown,-1.8410859125191736,0.5475949826601072,-1.2934909298590669,1.321607648901936,-0.02814060726401646,1.2934670416379195
UAB,UAB,0.3664546248356119,0.4219114607694549,0.055456835933842985,5.852090517483687,5.814404774875907,-0.03768574260777946,UAB,93,American Athletic,0.6686751854249307,-0.270155235874145,0.3985199495507856,1.6994836818435755,0.03768574260777946,1.737169424451355
UAPB,UAPB,0.3739863318942659,0.4251670233686055,0.051180691474339624,8.111038719469311,5.889384179481428,-2.2216545399878838,UAPB,32,Unknown,1.7718641751016442,-0.7890437095149228,0.9828204655867214,1.5684405451813757,2.2216545399878838,3.790095085169259
UCD,UCD,0.3506993995363252,0.4079737577452793,0.0572743582089541,4.61979040661019,5.596031691332269,0.9762412847220787,UCD,150,Big West,-0.1209772185209986,0.0944106650410807,-0.0265665534799178,1.7551819451131094,-0.9762412847220787,0.7789406603910307
UCF,UCF,0.4075592002208902,0.4214818374159277,0.013922637195037502,5.009241026346698,5.679150186055274,0.6699091597085758,UCF,107,Big 12,0.2418581905038032,0.0394129325860763,0.2812711230898795,0.4266614624285686,-0.6699091597085758,-0.24324769728000717
UCI,UCI,0.4241526449667481,0.4222412721397093,-0.001911372827038793,5.392199590608935,5.347133854934101,-0.04506573567483407,UCI,37,Big West,0.7508645491107837,0.1774917663780337,0.9283563154888176,-0.05857432857054366,0.04506573567483407,-0.01350859289570959
UCLA,UCLA,0.4077231961399863,0.4253536918144493,0.01763049567446301,5.401413965283008,5.48513803795733,0.0837240726743218,UCLA,85,Big Ten,0.100358411670237,0.3409768069184782,0.4413352185887152,0.5402893835722535,-0.0837240726743218,0.45656531089793173
UCR,UCR,0.33377025353957096,0.3896871767091421,0.05591692316957114,5.782372821755196,5.687836243195001,-0.09453657856019504,UCR,237,Unknown,-0.7649727318777411,0.0307268754463496,-0.7342458564313914,1.7135831293900834,0.09453657856019504,1.8081197079502784
UCSB,UCSB,0.3930609726652884,0.4229423989624996,0.02988142629721119,4.298497393739521,5.068027675206562,0.7695302814670404,UCSB,10,Big West,1.219185710278377,0.2930259729942737,1.5122116832726509,0.9157211284629235,-0.7695302814670404,0.14619084699588314
UCSD,UCSD,0.4173792093225418,0.4220476821221687,0.004668472799626899,5.166280159775784,5.706650832187378,0.5403706724115942,UCSD,109,Unknown,0.2597766062014346,0.0119122864539722,0.2716888926554068,0.14306610192405014,-0.5403706724115942,-0.3973045704875441
UGA,UGA,0.4284324760862216,0.4454506192718118,0.017018143185590195,5.134864445736525,5.377656395163981,0.2427919494274553,UGA,16,SEC,0.9306908284926672,0.3676612329060456,1.2983520613987127,0.5215237427842156,-0.2427919494274553,0.27873179335676035
UIC,UIC,0.3814225891446095,0.4354908834251585,0.05406829428054899,7.538734014562905,5.83182582361614,-1.7069081909467654,UIC,19,Missouri Valley,1.884655775734956,-0.6203779939848895,1.2642777817500668,1.6569315989200497,1.7069081909467654,3.363839789866815
UIW,UIW,0.40535714489181973,0.409696546497992,0.004339401606172244,7.124652031104089,6.08045361376594,-1.0441984173381496,UIW,230,Southland,-0.4477749805748054,-0.2135867484473719,-0.6613617290221774,0.13298166212463328,1.0441984173381496,1.177180079462783
UK,UK,0.3787424038080146,0.4242341205311933,0.0454917167231787,4.5835774500669855,5.146742221413805,0.5631647713468197,UK,44,SEC,0.1960031246308981,0.6227787410039198,0.818781865634818,1.3941009963554762,-0.5631647713468197,0.8309362250086565
UL,UL,0.3570564067780413,0.4174485339685848,0.06039212719054349,5.5805098345449755,5.631110104406441,0.05060026986146582,UL,58,Sun Belt,0.9579158663099068,-0.2719795456208214,0.6859363206890854,1.8507264784198811,-0.05060026986146582,1.8001262085584153
ULM,ULM,0.3457143272802817,0.3998514561290385,0.05413712884875682,5.539302108452124,5.868326164882457,0.32902405643033283,ULM,189,Sun Belt,0.0844778988114601,-0.394276636444542,-0.3097987376330819,1.6590410453651283,-0.32902405643033283,1.3300169889347955
UMES,UMES,0.3654915188948775,0.4184253138227871,0.05293379492790956,9.019583365093117,5.99257177999174,-3.027011585101377,UMES,110,Northeast,0.8424437997589953,-0.5776190325650612,0.2648247671939341,1.6221646832746477,3.027011585101377,4.649176268376024
UML,UML,0.3545114072349895,0.4080426722662743,0.0535312650312848,6.134508533214212,5.87461147159814,-0.25989706161607184,UML,174,Unknown,0.0130564744634042,-0.2455094413567611,-0.2324529668933569,1.6404742509587278,0.25989706161607184,1.9003713125747996
UNA,UNA,0.3478072808526596,0.4034087185881089,0.05560143773544929,5.951568922708237,5.935002108923762,-0.016566813784474554,UNA,225,Unknown,-0.5192445704027606,-0.1287295995101383,-0.6479741699128989,1.7039150273766719,0.016566813784474554,1.7204818411611464
UNC,UNC,0.40220942213517774,0.4350327960878279,0.03282337395265017,4.476625158408144,5.304835591284529,0.8282104328763848,UNC,12,Unknown,1.0970349294955264,0.2496604472140013,1.3466953767095278,1.0058775888715374,-0.8282104328763848,0.1776671559951526
UNCA,UNCA,0.35948115329160657,0.4024875167132289,0.04300636342162234,7.86187248969451,5.841171702253466,-2.0207007874410436,UNCA,219,Unknown,-0.5479848587816118,-0.0362858490960533,-0.5842707078776652,1.317936943565846,2.0207007874410436,3.3386377310068895
UNCG,UNCG,0.3600853232424612,0.407615394645894,0.04753007140343285,5.484378626287161,5.737286843867787,0.2529082175806261,UNCG,159,Unknown,-0.0006800310987364,-0.1060935756406671,-0.1067736067394036,1.4565667042987487,-0.2529082175806261,1.2036584867181226
UNCO,UNCO,0.3751606762300296,0.398206963424197,0.023046287194167403,6.9811262712563735,5.9028461646322885,-1.078280106624085,UNCO,267,Unknown,-1.5363628306339945,0.3031079217309935,-1.233254908903001,0.7062571882083559,1.078280106624085,1.784537294832441
UNCW,UNCW,0.38076726381929715,0.4274279216062852,0.046660657786988025,4.73113122638622,5.611245269976818,0.8801140435905976,UNCW,21,Coastal Athletic,1.5276009255209,-0.34764798403629,1.17995294148461,1.4299233837947942,-0.8801140435905976,0.5498093402041966
UNF,UNF,0.380753139816642,0.4007219716786038,0.0199688318619618,5.312964469260605,5.661491532627523,0.34852706336691863,UNF,232,Unknown,-1.0198008484712546,0.3266664209008523,-0.6931344275704023,0.6119480731891519,-0.34852706336691863,0.26342100982223327
UNLV,UNLV,0.37712281129894887,0.4097794010595115,0.032656589760562627,6.151540803550663,5.853066522721331,-0.2984742808293319,UNLV,217,Mountain West,-0.6875090531365882,0.1175425227357704,-0.5699665304008177,1.0007664604043385,0.2984742808293319,1.2992407412336704
UNM,UNM,0.438812412774194,0.3994056291546096,-0.03940678361958444,6.157858492177763,5.596396702337725,-0.5614617898400374,UNM,273,Mountain West,-2.2949427949926227,0.9353180739082516,-1.359624721084371,-1.2076272399550072,0.5614617898400374,-0.6461654501149698
UNO,UNO,0.4006730284553373,0.4037108415430014,0.0030378130876640985,5.870024075589566,5.931219071787156,0.06119499619759061,UNO,236,Southland,-0.6932446718144468,-0.0399019995986069,-0.7331466714130538,0.09309427204131915,-0.06119499619759061,0.031899275843728536
UPST,UPST,0.4250148215802694,0.4208850511699811,-0.00412977041028828,6.996822753691732,5.844955284860551,-1.1518674688311812,UPST,161,Unknown,-0.1652349907260755,0.0438492498446994,-0.1213857408813761,-0.12655748031528602,1.1518674688311812,1.0253099885158952
URI,URI,0.43981617296073416,0.4223095505290853,-0.017506622431648855,6.728799954227106,5.875401684661467,-0.8533982695656386,URI,120,Unknown,0.4031512852159602,-0.2161860577843741,0.186965227431586,-0.5364932680666584,0.8533982695656386,0.31690500149898015
USA,USA,0.3940365920753878,0.4219064258887206,0.0278698338133328,5.6053939768041605,5.723518651603069,0.1181246747989082,USA,42,Unknown,1.260922750980953,-0.435758012114638,0.825164738866315,0.8540755523440697,-0.1181246747989082,0.7359508775451615
USC,USC,0.3871268104882038,0.4178870167056873,0.030760206217483488,4.869197376022968,5.457520160555641,0.5883227845326733,USC,47,Unknown,0.8245005625223362,-0.0261949451014302,0.7983056174209059,0.9426514808583649,-0.5883227845326733,0.35432869632569164
USD,USD,0.3978525182825197,0.4073410480281331,0.009488529745613372,6.172763018978441,5.543002178426171,-0.6297608405522697,USD,180,West Coast,-0.6421360450029459,0.3630054583262101,-0.2791305866767357,0.2907775244623453,0.6297608405522697,0.920538365014615
USF,USF,0.36982086236486056,0.4114565445086099,0.04163568214374935,5.4457399061741105,5.769396427299284,0.32365652112517385,USF,144,Unknown,0.1902978724409021,-0.1685760928885313,0.0217217795523707,1.2759321947278028,-0.32365652112517385,0.952275673602629
USI,USI,0.3878278925544014,0.4112721701091067,0.023444277554705295,6.400213413454568,5.854943958287235,-0.5452694551673334,USI,163,Unknown,0.0501037633647917,-0.1955216877093919,-0.1454179243446002,0.7184536669990332,0.5452694551673334,1.2637231221663665
USM,USM,0.4140902381466692,0.4286833544494705,0.014593116302801301,4.355595364838106,5.351725002764121,0.9961296379260158,USM,13,Unknown,1.2599840172003762,0.0553620575152962,1.3153460747156724,0.44720840282778185,-0.9961296379260158,-0.548921235098234
UTA,UTA,0.3703013989299776,0.4268538318186838,0.056552432888706206,5.717327317356857,5.68483216970653,-0.03249514765032746,UTA,24,WAC,1.5873659559468771,-0.4606022832135732,1.126763672733304,1.7330584272345448,0.03249514765032746,1.7655535748848723
UTAH,UTAH,0.3817605021729114,0.4008451657306633,0.019084663557751902,5.758646225353632,5.774513403821473,0.01586717846784058,UTAH,241,Big 12,-1.0160854722980297,0.219026543573281,-0.7970589287247487,0.5848525928988486,-0.01586717846784058,0.568985414431008
UTM,UTM,0.36901103973201765,0.3982995835701798,0.02928854383816215,6.502221221108251,5.943524322356553,-0.5586968987516983,UTM,271,Ohio Valley,-1.5865094496863934,0.2906870251650462,-1.2958224245213472,0.8975521498791627,0.5586968987516983,1.4562490486308608
UTSA,UTSA,0.4236412158395284,0.4222786570631998,-0.0013625587763286262,5.299647199530344,5.515565073193546,0.21591787366320236,UTSA,73,American Athletic,0.3342875838918804,0.1752816380448223,0.5095692219367027,-0.041755833468135314,-0.21591787366320236,-0.2576737071313377
UTU,UTU,0.3804976508815352,0.4164025392034997,0.03590488832196448,6.581903008205662,5.903432764923339,-0.6784702432823231,UTU,208,Big 12,-0.5468948437521719,0.0962461996667416,-0.4506486440854302,1.100311093737621,0.6784702432823231,1.7787813370199441
UVA,UVA,0.40822847190226275,0.4212966396035926,0.013068167701329847,4.581433588751681,5.6202851096054935,1.0388515208538127,UVA,187,ACC,-0.8655618407127144,0.5623382474436491,-0.3032235932690652,0.40047610697623726,-1.0388515208538127,-0.6383754138775755
UVU,UVU,0.4213346282388763,0.4033643303997318,-0.0179702978391445,6.150815611396249,5.690726050544683,-0.46008956085156605,UVU,264,WAC,-1.900501927674692,0.726698162023208,-1.173803765651484,-0.5507026757157185,0.46008956085156605,-0.09061311486415247
VAL,VAL,0.3460858730888579,0.3887592383889208,0.04267336530006288,7.557433325094756,5.917197472138375,-1.6402358529563807,VAL,275,Missouri Valley,-1.7587908862087225,0.2649248954723413,-1.493865990736381,1.3077321624212819,1.6402358529563807,2.9479680153776626
VAN,VAN,0.36653474925108087,0.4343891712560788,0.06785442200499792,4.241195018340803,5.423210421495758,1.1820154031549555,VAN,17,SEC,1.2237428075159134,0.0693855962499352,1.2931284037658486,2.0794097066047748,-1.1820154031549555,0.8973943034498193
VCU,VCU,0.375653116158225,0.4309383589270288,0.05528524276880381,6.548406211359648,5.52634453996216,-1.0220616713974877,VCU,8,Atlantic 10,1.9738077765934348,-0.3878949365654565,1.5859128400279785,1.6942251816246328,1.0220616713974877,2.7162868530221207
VILL,VILL,0.37826877429046896,0.4293462219783799,0.05107744768791095,6.211446687973875,5.7959252070091205,-0.4155214809647543,VILL,18,Big East,2.001559667868349,-0.72135377803545,1.280205889832899,1.565276622694045,0.4155214809647543,1.9807981036587994
VMI,VMI,0.4365032789730383,0.4121659990118731,-0.024337279961165192,6.475725957216383,6.1610029829204604,-0.3147229742959228,VMI,247,Southern Conference,-0.9070075002130508,-0.0393835943684264,-0.9463910945814772,-0.745819869777643,0.3147229742959228,-0.43109689548172025
VT,VT,0.38302460368189645,0.4211582876713957,0.038133683989499234,4.810673359057925,5.418726947021788,0.6080535879638624,VT,96,ACC,-0.0298910633592058,0.4060857196003828,0.376194656241177,1.1686128964523959,-0.6080535879638624,0.5605593084885334
W&M,W&M,0.39625435245173285,0.401807337553848,0.00555298510211516,7.366130889983479,5.980807089950732,-1.3853238000327472,W&M,253,Unknown,-1.0444988671252011,0.0495516589724109,-0.9949472081527904,0.1701721240970775,1.3853238000327472,1.5554959241298247
WAG,WAG,0.42036148047257904,0.4328217322217215,0.012460251749142448,7.276877699403721,5.95765347466592,-1.319224224737801,WAG,36,Northeast,1.6325908877677209,-0.6875158863757687,0.9450750013919522,0.38184642457049434,1.319224224737801,1.7010706493082952
WAKE,WAKE,0.4356651568049177,0.4333649842841567,-0.002300172520760979,4.880666504740637,5.598663892048401,0.7179973873077641,WAKE,62,ACC,0.4822843314069794,0.1753315423558055,0.6576158737627849,-0.07048915789428807,-0.7179973873077641,-0.7884865452020522
WASH,WASH,0.3664888986080232,0.4248986830197761,0.05840978441175293,5.107078408327497,5.78485099461226,0.677772586284763,WASH,68,Big Ten,0.8380680149506283,-0.2761011244801619,0.5619668904704664,1.789977264231138,-0.677772586284763,1.112204677946375
WCU,WCU,0.4183748834535754,0.3988866403435465,-0.01948824311002889,5.78590809871019,6.061849337584837,0.2759412388746467,WCU,282,Unknown,-2.121231637047844,0.447389781611057,-1.6738418554367869,-0.5972203533718531,-0.2759412388746467,-0.8731615922464998
WES,WES,0.3431767636945975,0.3993662078604614,0.05618944416586391,5.961774201936214,5.877397285574597,-0.0843769163616166,WES,245,Unknown,-0.8861327651088421,0.039918398279422,-0.8462143668294201,1.7219345792764746,0.0843769163616166,1.8063114956380912
WICH,WICH,0.3670792880892388,0.3953044612363492,0.028225173147110427,5.956014367585685,5.889513991391071,-0.06650037619461457,WICH,249,American Athletic,-0.951693257294046,0.0005883697179811,-0.9511048875760648,0.8649649835404809,0.06650037619461457,0.9314653597350955
WIN,WIN,0.4106917751211709,0.4174068846279928,0.006715109506821915,6.527268684679746,5.751084490875871,-0.7761841938038749,WIN,146,Big South,-0.0180521264595466,0.0244200583682108,0.0063679319086642,0.2057856139187361,0.7761841938038749,0.981969807722611
WIU,WIU,0.36566734790294764,0.4106540348671991,0.044986686964251454,6.15970858788489,6.019187164105395,-0.1405214237794956,WIU,202,Unknown,-0.1010222235392696,-0.3006240454640441,-0.4016462690033137,1.3786242779367381,0.1405214237794956,1.5191457017162338
WKU,WKU,0.42668813936802824,0.4286166435423736,0.001928504174345369,4.597512744825885,5.693999306984353,1.0964865621584687,WKU,43,Conference USA,1.0333295669596676,-0.212686159467351,0.8206434074923166,0.05909932147187421,-1.0964865621584687,-1.0373872406865945
WMU,WMU,0.37043751616738463,0.4047548030332806,0.03431728686589597,7.033099379268087,5.7760896714394345,-1.2570097078286526,WMU,167,Unknown,-0.0262549983605554,-0.1754059338478688,-0.2016609322084242,1.0516587910516506,1.2570097078286526,2.3086684988803032
WOF,WOF,0.39422438895804707,0.4130017262735697,0.018777337315522613,5.451627634002723,5.520674519843717,0.06904688584099361,WOF,97,Southern Conference,0.3086646196794663,0.0552339314259517,0.3638985511054181,0.5754345306369834,-0.06904688584099361,0.5063876447959897
WRST,WRST,0.42310920841248495,0.4352486904688687,0.012139482056383766,6.857673353711296,5.562203673796952,-1.2954696799143441,WRST,22,Horizon League,1.252095003771137,-0.0753990415638075,1.1766959622073294,0.37201638559885736,1.2954696799143441,1.6674860655132016
WSU,WSU,0.365178842325452,0.3925072085663897,0.027328366240937707,6.555645791746998,5.887514780906849,-0.668131010840149,WSU,258,Mountain West,-1.2109088256554317,0.084577682366854,-1.1263311432885776,0.8374821912545426,0.668131010840149,1.5056132020946915
WVU,WVU,0.39151646431339676,0.4239940223536578,0.032477558040261034,5.214065268267105,5.615108774713146,0.40104350644604114,WVU,60,Big 12,0.7366625910947842,-0.0702088140526147,0.6664537770421695,0.9952800044596123,-0.40104350644604114,0.5942364980135711
XAV,XAV,0.38526831825983016,0.3935703986785067,0.008302080418676527,6.395536315630036,5.8423257735566665,-0.5532105420733693,XAV,260,Big East,-1.3474604111709736,0.206935030380345,-1.1405253807906286,0.254418593475571,0.5532105420733693,0.8076291355489402
YSU,YSU,0.4103640356097678,0.3957567338078271,-0.014607301801940697,8.145590394871173,6.072579418522718,-2.0730109763484545,YSU,272,Unknown,-1.3376520407365444,0.0166106129862164,-1.321041427750328,-0.4476431197368923,2.0730109763484545,1.6253678566115624
