rank,team,conference,conf_strength,park_factor,n_pitchers_returning,n_batters_returning,woba_mean,woba_p25,woba_p75,fip_mean,fip_p25,fip_p75,offensive_runs_above_avg,pitching_runs_above_avg,net_run_differential,batting_confidence,pitching_confidence,conf_adjustment
1,ORE,Big Ten,0.551255230125523,0.79,15,16,0.4575701731838022,0.4520711664356697,0.4629570258458293,5.642583852029835,5.407398252641348,5.876880708507853,3.124754828833993,-0.5859998445204768,2.538754984313516,1.0,1.0,1.0756384812751105
2,RGV,Southland,0.5396551724137931,0.85,15,16,0.4356821052721388,0.4307155322725469,0.4406299273381184,5.2570769937894495,5.013504273014452,5.50481609079135,1.8503643843171982,0.0352366388689731,1.8856010231861713,1.0,1.0,1.0530038326080902
3,TA&M,SEC,0.6438923395445134,0.93,9,15,0.4453046751442996,0.4402752750869733,0.4502160737260873,5.199220219414501,4.899091036150232,5.500020995341708,1.5478825012875588,0.3251113539621846,1.8729938552497434,1.0,0.965784147840855,1.2563969289772208
4,CREI,Big East,0.4932432432432432,0.84,10,12,0.4419564354919181,0.4372451020595495,0.4465440943356206,5.5498746013980575,5.281430304557527,5.820722779256313,2.147389753712959,-0.3139092741826257,1.8334804795303334,1.0,1.0,0.9624424115496617
5,LAM,Southland,0.5396551724137931,0.81,17,16,0.441781861337374,0.437508568757888,0.4460756748911826,5.705677282833318,5.465976293618209,5.942135174823467,2.3934183146341006,-0.5860526634949128,1.8073656511391878,1.0,1.0,1.0530038326080902
6,M-OH,Mid-American,0.4640122511485451,0.91,8,17,0.4526228933525362,0.4470941113899579,0.4581128465170215,5.706805403710561,5.402924992253991,6.0112102143959625,1.943559140239778,-0.2468633721379554,1.6966957681018227,1.0,0.92,0.9054053473648078
7,HALL,Big East,0.4932432432432432,0.78,7,13,0.4292289085336515,0.4230944863675314,0.4352513563474264,5.584755487868657,5.230400670713372,5.932068066569699,2.2073107702409924,-0.5230564646530151,1.6842543055879773,1.0,0.8799999999999999,0.9624424115496617
8,UNC,ACC,0.6127292340884574,0.94,13,13,0.4436964175773182,0.4392841673169865,0.4479885512126865,5.304835591284529,5.087444239092293,5.523127356730834,1.4200557352150351,0.24966044721400138,1.6697161824290365,1.0,1.0,1.195589822590338
9,CAM,Coastal Athletic,0.4788273615635179,0.85,14,17,0.4395805028234215,0.4350397052379965,0.4441147900134598,5.6549457275858055,5.419001512702765,5.89926333081053,1.9838230392259744,-0.39489172199195277,1.5889313172340216,1.0,1.0,0.9343133776125314
10,LBSU,Big West,0.5132450331125827,0.75,14,16,0.429349255927008,0.4237557005011697,0.4349601159409988,5.817147392788683,5.567589411782547,6.067524890204782,2.473475164791553,-0.9296053302600011,1.5438698345315518,1.0,1.0,1.0014709662047192
11,VAN,SEC,0.6438923395445134,0.92,16,17,0.4405588760622451,0.4359124654484445,0.4450981167976106,5.423210421495758,5.19326343925218,5.649740718646035,1.4674451775419481,0.06938559624993523,1.5368307737918834,1.0,1.0,1.2563969289772208
12,NE,Coastal Athletic,0.4788273615635179,0.8,17,14,0.4379492921329694,0.4321526867378923,0.4437629929768076,5.909002878409339,5.679439067147975,6.135227461630213,2.3444480861857957,-0.8469956351468042,1.4974524510389915,1.0,1.0,0.9343133776125314
13,UCSB,Big West,0.5132450331125827,0.87,9,16,0.4207074272109614,0.4161922113430306,0.4251675627891572,5.068027675206562,4.770996265423792,5.361005797051539,1.1836792816012003,0.2930259729942737,1.476705254595474,1.0,0.9652148180878315,1.0014709662047192
14,VCU,Atlantic 10,0.5073409461663948,0.81,12,14,0.4264996953008796,0.4207303527419321,0.4320845907054819,5.52634453996216,5.289199660077982,5.754990605854658,1.858683223117722,-0.3878949365654565,1.4707882865522655,1.0,1.0,0.9899505981990174
15,UGA,SEC,0.6438923395445134,1.01,14,19,0.4485634217467253,0.4449028009136722,0.4520248210661541,5.377656395163981,5.161648703503006,5.593217777832571,1.0689603002818953,0.3676612329060456,1.4366215331879408,1.0,1.0,1.2563969289772208
16,MOST,Missouri Valley,0.4766146993318486,0.94,13,15,0.4407542119053267,0.4361926050422728,0.4452582985503015,5.514677623765562,5.262671318473483,5.768520511397067,1.3240043472977867,0.03332845496551329,1.3573328022633,1.0,1.0,0.929995913555264
17,ME,America East,0.4632152588555858,0.79,11,17,0.4233060231657768,0.4174542154169182,0.4290795308246417,5.641014830674963,5.359640843357854,5.917513795325741,1.912429222982069,-0.5842467480345857,1.3281824749474833,1.0,1.0,0.9038502136758422
18,USM,Sun Belt,0.5174129353233831,0.89,13,12,0.4268977575148969,0.4223628613479782,0.4313617931264518,5.351725002764121,5.090173885387113,5.612031013823903,1.2403370010540506,0.055362057515296215,1.2956990585693469,1.0,1.0,1.0096035983488307
19,UNCW,Coastal Athletic,0.4788273615635179,0.85,12,17,0.4293598414159975,0.4238159724214667,0.4349072697159841,5.611245269976818,5.353791172046913,5.869835352699225,1.6339265225754247,-0.34764798403629005,1.2862785385391347,1.0,1.0,0.9343133776125314
20,VILL,Big East,0.4932432432432432,0.8,13,15,0.4277340068359823,0.4224317724340671,0.4329272981339894,5.7959252070091205,5.552345816576533,6.039115044476002,1.9850213812918047,-0.72135377803545,1.2636676032563547,1.0,1.0,0.9624424115496617
21,UIC,Missouri Valley,0.4766146993318486,0.84,13,14,0.4330247950984397,0.4266556477293921,0.4393157085701084,5.83182582361614,5.579290507273181,6.078146498928286,1.8399601024881596,-0.6203779939848895,1.21958210850327,1.0,1.0,0.929995913555264
22,WAG,Northeast,0.4904214559386973,0.86,16,21,0.4391640468984775,0.4336427030650495,0.4447539674089604,5.95765347466592,5.710604208639046,6.209171664938809,1.8887356408938731,-0.6875158863757687,1.2012197545181045,1.0,1.0,0.9569363903005716
23,BCU,SWAC,0.4838056680161943,0.93,19,16,0.4409810864678569,0.4361964614264869,0.4458028375166873,5.716692600205801,5.503195804827003,5.9281945733853325,1.4060030801262249,-0.20547066395533342,1.2005324161708915,1.0,1.0,0.9440273135526214
24,WAKE,ACC,0.6127292340884574,1.02,13,16,0.4478526345650316,0.4431491714317915,0.452449925929371,5.598663892048401,5.345218786557968,5.859858930606351,0.9767053928054468,0.1753315423558055,1.1520369351612523,1.0,1.0,1.195589822590338
25,ARK,SEC,0.6438923395445134,1.01,12,14,0.4320804490684416,0.4271017327053582,0.4369365453807875,5.183771026936191,4.897723110031414,5.465423583212107,0.5495963187107661,0.5605819973118065,1.1101783160225724,1.0,1.0,1.2563969289772208
26,ORST,Pac-12,0.5124911759125985,0.98,13,15,0.4221777131391385,0.4170675836762827,0.4271899686965646,4.998772431461642,4.770484908497774,5.225580051317452,0.43912206609248045,0.6692980363568637,1.108420102449344,1.0,1.0,1.0
27,SLU,Atlantic 10,0.5073409461663948,0.83,13,14,0.4275955113290916,0.4223280617614858,0.4327521105424784,5.849454201013129,5.5932118574059695,6.105491617841368,1.7335086002432605,-0.6742830026844739,1.0592255975587865,1.0,1.0,0.9899505981990174
28,SAC,WAC,0.483370288248337,0.82,15,13,0.4200504737434341,0.4145422530569062,0.4253695872806626,5.663859917023168,5.44152550971646,5.885408421696277,1.5522621684684237,-0.505458768197296,1.0468034002711277,1.0,1.0,0.9431777774272784
29,WRST,Horizon League,0.4402730375426621,0.92,13,13,0.4299062091209947,0.4250181339398066,0.4347939695231715,5.562203673796952,5.316075245405935,5.805253916921265,1.1160551221882018,-0.0753990415638075,1.0406560806243943,1.0,1.0,0.8590841330266091
30,WKU,Conference USA,0.5587301587301587,0.92,15,17,0.4333120554012141,0.4279291349599635,0.4385889726676626,5.693999306984353,5.456507995706895,5.930918107049831,1.2284007460148834,-0.21268615946735103,1.0157145865475323,1.0,1.0,1.09022395894958
31,SMC,West Coast,0.4651685393258427,0.88,11,16,0.4292547432911611,0.4239447598499685,0.4344518891489405,5.746028729245928,5.47063922672397,6.012976344922627,1.3958305778800857,-0.39423340183304045,1.0015971760470452,1.0,1.0,0.9076615582649049
32,LEH,Patriot League,0.4554455445544554,0.86,16,18,0.4252069669140239,0.4198226647982436,0.4304575337943448,5.709872395218869,5.487327052159833,5.929614186550036,1.4134945661544132,-0.4210846181531327,0.9924099480012805,1.0,1.0,0.8886895344947914
33,TULN,American Athletic,0.5243055555555556,0.93,13,16,0.4316161807895933,0.4269714607964355,0.4362410722057954,5.631806198143277,5.373938089883083,5.886437941244472,1.0986918402522916,-0.11750548047085285,0.9811863597814388,1.0,1.0,1.0230528450015146
34,FAIR,Metro Atlantic,0.4677419354838709,0.93,10,13,0.4370725522765122,0.4315831699347526,0.4424445691700605,5.806932069555915,5.494639659675879,6.117206949748162,1.277743754330805,-0.29898306742695446,0.9787606869038505,1.0,1.0,0.9126829055172664
35,ALA,SEC,0.6438923395445134,1.03,15,15,0.4363292645680518,0.431401829103325,0.441242145372558,5.376350642579838,5.176134344248847,5.577526349011625,0.548021020557936,0.42166593383362905,0.969686954391565,1.0,1.0,1.2563969289772208
36,UTSA,American Athletic,0.5243055555555556,0.99,13,17,0.4351983728578592,0.4294926823343136,0.4409794259122586,5.515565073193546,5.257658489031764,5.776129545438506,0.7856556203298589,0.17528163804482233,0.9609372583746812,1.0,1.0,1.0230528450015146
37,HAW,Big West,0.5132450331125827,0.86,13,18,0.4223582919177965,0.417415117093849,0.4273123033057749,5.653608053434922,5.416022724401787,5.893220544723304,1.316496672017638,-0.3605853259123286,0.9559113461053095,1.0,1.0,1.0014709662047192
38,UTA,WAC,0.483370288248337,0.84,11,18,0.4204461713447042,0.4150214810085403,0.4257886314650581,5.68483216970653,5.407861285769456,5.96856123771826,1.407000226906684,-0.4606022832135732,0.9463979436931107,1.0,1.0,0.9431777774272784
39,SJSU,Mountain West,0.4803149606299212,0.85,14,15,0.4186387607481802,0.413209799637162,0.4239181233463204,5.588488110515852,5.365053835606012,5.8067052897721965,1.2668985357492455,-0.3230456494838947,0.9438528862653508,1.0,1.0,0.9372160599148253
40,FSU,ACC,0.6127292340884574,1.0,12,16,0.4321671788778474,0.4271268846620531,0.437163264940551,5.407020664182014,5.158435994715564,5.654129481890486,0.6204151385650025,0.31154245445933615,0.9319575930243387,1.0,1.0,1.195589822590338
41,ILST,Missouri Valley,0.4766146993318486,0.84,13,14,0.4234761956967886,0.4182906209026201,0.4285194995901231,5.800010959042693,5.539735749152282,6.06320710446338,1.5112945433733576,-0.5857966194485336,0.925497923924824,1.0,1.0,0.929995913555264
42,USA,Sun Belt,0.5174129353233831,0.86,14,14,0.4233636081967499,0.416965265555214,0.4296758326955708,5.723518651603069,5.5052073364077,5.943416994149711,1.3507278714802085,-0.43575801211463805,0.9149698593655704,1.0,1.0,1.0096035983488307
43,TCU,Big 12,0.5782227784730913,1.0,14,14,0.430032114648064,0.4254118257881136,0.434615889395369,5.361853903283486,5.117530827626319,5.604932783362668,0.5528047712885288,0.3567092153578644,0.9095139866463932,1.0,1.0,1.1282589938128083
44,DUKE,ACC,0.6127292340884574,0.97,15,19,0.4350720042678391,0.430476111157654,0.4396331017141638,5.649178927850636,5.410976183246705,5.881368628414792,0.9222075723890788,-0.01664391470954918,0.9055636576795296,1.0,1.0,1.195589822590338
45,SAM,Southern Conference,0.5426695842450766,0.88,14,15,0.4295556125439796,0.4244919111967423,0.4344786561430929,5.8459206003341855,5.583036752993099,6.107411596818253,1.4059662441984397,-0.500501349799273,0.9054648943991668,1.0,1.0,1.0588857130637208
46,USC,Big Ten,0.551255230125523,0.9,11,13,0.4190832985743084,0.414086097292759,0.4239952216799501,5.457520160555641,5.201144323014982,5.713640085276679,0.9045644265767832,-0.026194945101430278,0.8783694814753529,1.0,1.0,1.0756384812751105
47,MIA,ACC,0.6127292340884574,0.99,13,19,0.4299550783822975,0.4257168035417098,0.434136872849842,5.479604845906693,5.203325871219124,5.755026323569758,0.6187836018446465,0.21142256999140763,0.8302061718360542,1.0,1.0,1.195589822590338
48,UAPB,SWAC,0.4838056680161943,0.81,11,17,0.4196315741881926,0.4129054885940868,0.4262891360059808,5.889384179481428,5.60986955832413,6.174596469398244,1.6183622265411963,-0.7890437095149228,0.8293185170262736,1.0,1.0,0.9440273135526214
49,SC,SEC,0.6438923395445134,1.0,15,17,0.4271941876985602,0.4225154925550811,0.4318026162710328,5.36148366141577,5.13459573348098,5.591473019195037,0.4629370845542418,0.35707945722558065,0.8200165417798224,1.0,1.0,1.2563969289772208
50,FOR,Atlantic 10,0.5073409461663948,0.85,15,14,0.4216906043443535,0.4166286865361214,0.4268017520162701,5.803362305044685,5.570659272596297,6.0302506493072086,1.3713760642668924,-0.5553420760015522,0.8160339882653402,1.0,1.0,0.9899505981990174
51,UK,SEC,0.6438923395445134,1.02,14,16,0.4228031361717633,0.4184350996600283,0.4271528041967263,5.146742221413805,4.907177652008965,5.382729783890436,0.19132508014521887,0.6227787410039198,0.8141038211491387,1.0,1.0,1.2563969289772208
52,ASU,Big 12,0.5782227784730913,1.01,15,17,0.4265643338949789,0.4221917921706969,0.4308767140845383,5.317399405115903,5.106116329143088,5.530052512994788,0.3757883779217248,0.42761843693398394,0.8034068148557088,1.0,1.0,1.1282589938128083
53,CLEM,ACC,0.6127292340884574,0.96,13,10,0.4269707737724775,0.4222682209269066,0.431660621286545,5.539994565207546,5.274894473118004,5.80250284051488,0.731795803482611,0.06550743985814034,0.7973032433407513,1.0,1.0,1.195589822590338
54,HPU,Big South,0.4606060606060606,0.97,14,13,0.4378470010957586,0.4317398655233609,0.4438635577770433,5.847909095692491,5.608534954987732,6.082029354521662,1.0114206683797213,-0.21840043028503597,0.7930202380946854,1.0,1.0,0.8987590074811619
55,NU,Big Ten,0.551255230125523,0.9,7,14,0.4256887529866457,0.4199372587710305,0.4315324600839545,5.768125012600067,5.4790693545334825,6.0569401884791,1.1247462403213595,-0.33195857568140763,0.7927876646399519,1.0,0.8799999999999999,1.0756384812751105
56,TEX,SEC,0.6438923395445134,1.17,11,14,0.4373188873807859,0.4324979453775666,0.4421340764783653,5.022238280012321,4.795108511629756,5.2517092568341806,-0.30134758391102107,1.0897720771553407,0.7884244932443196,1.0,1.0,1.2563969289772208
57,NORF,Northeast,0.4904214559386973,0.83,14,15,0.4235420969747796,0.4173527338932059,0.4296197185031799,5.975213304278819,5.732353364436603,6.217928862576547,1.5932265005494022,-0.8117246455977956,0.7815018549516066,1.0,1.0,0.9569363903005716
58,ORU,Summit League,0.4194756554307116,0.89,11,15,0.4191830080395233,0.4147282521813811,0.4234629634431576,5.596637890769498,5.3480398466970005,5.840515281662531,0.9818180591984987,-0.20380501973906995,0.7780130394594288,1.0,1.0,0.8185031765351799
59,WOF,Southern Conference,0.5426695842450766,0.95,9,19,0.4239904822021228,0.4186514099870276,0.4292650450826329,5.520674519843717,5.23493197143965,5.803366771020499,0.7057521866474141,0.05523393142595179,0.7609861180733659,1.0,0.9609850873499136,1.0588857130637208
60,CONN,Big East,0.4932432432432432,0.98,14,15,0.4268798045936781,0.4208108842676531,0.4328908422880528,5.495153050870709,5.258993281283847,5.732161953109898,0.5895256648067099,0.1679034712972003,0.7574291361039102,1.0,1.0,0.9624424115496617
61,KSU,Big 12,0.5782227784730913,1.01,13,16,0.4233821183504926,0.4188927852307545,0.427912143897222,5.271794259908251,5.037290987201853,5.504964603157819,0.2755195630871651,0.4729966908719456,0.7485162539591107,1.0,1.0,1.1282589938128083
62,ND,ACC,0.6127292340884574,0.93,11,13,0.4261827115445659,0.4203559861808775,0.4318178375700789,5.714905972394509,5.434396652657565,5.987849270230638,0.9203914677902524,-0.20361923617161182,0.7167722316186406,1.0,1.0,1.195589822590338
63,AMCC,Southland,0.5396551724137931,0.85,18,16,0.4185198621365298,0.4125108575405004,0.4243888056099411,5.804443754464874,5.573392655367654,6.035698322596284,1.2628281328278819,-0.5565112105098642,0.7063169223180177,1.0,1.0,1.0530038326080902
64,UCI,Big West,0.5132450331125827,0.93,10,16,0.4142253887042589,0.409013212242348,0.4193197304787284,5.347133854934101,5.096469339939365,5.597042560578055,0.5280095438423539,0.17749176637803377,0.7055013102203876,1.0,1.0,1.0014709662047192
65,UCLA,Big Ten,0.551255230125523,1.04,14,12,0.4322884364854031,0.427851819985493,0.4367357334692039,5.48513803795733,5.26275625605471,5.708824229973362,0.3558405741368585,0.3409768069184782,0.6968173810553366,1.0,1.0,1.0756384812751105
66,MINN,Big Ten,0.551255230125523,0.93,11,12,0.423317155258806,0.4186282985559693,0.4279210529089593,5.658415898683083,5.375612258869106,5.942430804089071,0.8263576691211011,-0.14508029968308733,0.6812773694380138,1.0,1.0,1.0756384812751105
67,JVST,Conference USA,0.5587301587301587,0.95,14,16,0.4292641936645284,0.4241763674435362,0.4342795110972428,5.769442252056324,5.529449751765075,6.006785481088784,0.877035123033237,-0.19881355013436686,0.6782215728988702,1.0,1.0,1.09022395894958
68,WVU,Big 12,0.5782227784730913,0.94,12,17,0.4226685047371691,0.4175014368172839,0.4277295379500084,5.615108774713146,5.359276747398681,5.869884334418379,0.7335774809833628,-0.0702088140526147,0.6633686669307481,1.0,1.0,1.1282589938128083
69,MSST,SEC,0.6438923395445134,1.12,17,18,0.4389194168921405,0.4350766972336919,0.4427795888995397,5.41073223203275,5.185153362534067,5.632715613153451,0.04749365798453503,0.6140987487991341,0.6615924067836692,1.0,1.0,1.2563969289772208
70,VT,ACC,0.6127292340884574,1.04,12,13,0.4288111131895027,0.4236584308717754,0.4338337125235112,5.418726947021788,5.177616130491838,5.66332530195808,0.2478844587412581,0.40608571960038287,0.653970178341641,1.0,1.0,1.195589822590338
71,BAY,Big 12,0.5782227784730913,0.98,14,15,0.4254706935724655,0.4196977643639282,0.4310438608447829,5.592876751156807,5.356047179496808,5.83094188560592,0.5444530900541177,0.06919266292740378,0.6136457529815215,1.0,1.0,1.1282589938128083
72,GWEB,Big South,0.4606060606060606,0.9,16,16,0.4192349485616549,0.4145789790578663,0.4238253583514535,5.720126383638039,5.487444124421884,5.948184854607591,0.9096194261549991,-0.3026225483460596,0.6069968778089395,1.0,1.0,0.8987590074811619
73,FRES,Mountain West,0.4803149606299212,0.88,11,14,0.4153543394280739,0.4097442120105344,0.4209199173549732,5.690050926475499,5.404222084660217,5.9766306177995805,0.9275545612158007,-0.33468254782194684,0.5928720133938539,1.0,1.0,0.9372160599148253
74,BEL,Missouri Valley,0.4766146993318486,0.9,14,14,0.4227329945033608,0.4173455812568813,0.4278980935532209,5.844469780610331,5.602348988608148,6.092851071523732,1.0262209575451968,-0.4335103346326825,0.5927106229125143,1.0,1.0,0.929995913555264
75,GONZ,West Coast,0.4651685393258427,0.87,11,16,0.4097304867308496,0.4047360327670712,0.4146581495229584,5.5561145807154,5.297380961938278,5.81369801925104,0.8119112439503551,-0.22380541688314093,0.5881058270672141,1.0,1.0,0.9076615582649049
76,LT,Conference USA,0.5587301587301587,1.03,15,14,0.4275058760982683,0.4221246495173503,0.4327128402065964,5.486544894878746,5.266152064138456,5.708919037247957,0.27274289095877907,0.3131001680218972,0.5858430589806762,1.0,1.0,1.09022395894958
77,ARST,Sun Belt,0.5174129353233831,0.9,13,15,0.4126684113537702,0.4074965021441811,0.4177607904609145,5.542440417666426,5.293629386582522,5.794976551560389,0.6907348525588416,-0.11558468942857214,0.5751501631302695,1.0,1.0,1.0096035983488307
78,WASH,Big Ten,0.551255230125523,0.93,11,14,0.4225362341746631,0.4174777521066343,0.4274135845218829,5.78485099461226,5.537071664729661,6.035043299667149,0.8007315886397273,-0.2761011244801619,0.5246304641595654,1.0,1.0,1.0756384812751105
79,CBU,WAC,0.483370288248337,0.9,13,18,0.4129761947887087,0.4074183492852097,0.4184261070075962,5.60318665695653,5.355750066571405,5.85674003517647,0.700994300390124,-0.17952809920762913,0.5214662011824949,1.0,1.0,0.9431777774272784
80,NCSU,ACC,0.6127292340884574,0.99,10,16,0.4230059220055221,0.4182782941625056,0.4277159170536127,5.576031192360821,5.325284448232497,5.823479316989391,0.3976211710930012,0.11451166903248566,0.5121328401254869,1.0,1.0,1.195589822590338
81,STAN,ACC,0.6127292340884574,0.92,16,16,0.4169666643964454,0.4117008946124354,0.4221428133115935,5.668824189880045,5.447517016750547,5.891145545942848,0.6892298621770282,-0.18646207915036328,0.5027677830266649,1.0,1.0,1.195589822590338
82,SEA,WAC,0.483370288248337,0.87,10,14,0.4152998567667207,0.407694253094418,0.4227614083372139,5.816134944467678,5.553401755268913,6.079044054447982,1.0005351845591814,-0.5019020626075026,0.49863312195167886,1.0,1.0,0.9431777774272784
83,OU,SEC,0.6438923395445134,1.09,15,17,0.4293156420137712,0.4246034405960984,0.4338902673577631,5.406697033285092,5.17430754365234,5.638978775890819,-0.05531394972527896,0.54469035951686,0.489376409791581,1.0,1.0,1.2563969289772208
84,LR,Ohio Valley,0.4645308924485126,0.91,14,17,0.4173116269961963,0.4120486834341997,0.4224991382216986,5.741478231911324,5.514945081981038,5.970297576727922,0.7726794530312986,-0.29345597236527077,0.4792234806660278,1.0,1.0,0.9064173478134867
85,OMA,Summit League,0.4194756554307116,0.9,13,14,0.4182438515773309,0.4133880215986668,0.4229541498956183,5.82488461719663,5.5771659663282,6.08224647010482,0.8765828600108652,-0.41289437314457533,0.46368848686628983,1.0,1.0,0.8185031765351799
86,UMES,Northeast,0.4904214559386973,0.9,9,14,0.4231246778120087,0.4171976072212136,0.4289887883013608,5.99257177999174,5.674092506097578,6.310860916214281,1.0392770678334595,-0.5776190325650612,0.4616580352683983,1.0,0.96,0.9569363903005716
87,JOES,Atlantic 10,0.5073409461663948,0.91,9,14,0.4143579954958802,0.408718004262634,0.4197634258391229,5.671986234749321,5.364419926951535,5.967058528517482,0.6747405376630516,-0.21627569352659037,0.45846484413646127,1.0,0.96,0.9899505981990174
88,SJU,Big East,0.4932432432432432,0.97,13,13,0.426867460139403,0.421322382174571,0.4323343650925764,5.831765182547636,5.5800659383468405,6.08082853681324,0.658440502270153,-0.20201067074711254,0.4564298315230405,1.0,1.0,0.9624424115496617
89,UCSD,Big West,0.5132450331125827,1.0,14,12,0.4264993484000455,0.4212134448852705,0.4316457500146748,5.706650832187378,5.438095122203096,5.966719991261671,0.4409338401012758,0.011912286453972243,0.45284612655524803,1.0,1.0,1.0014709662047192
90,PEPP,West Coast,0.4651685393258427,0.81,11,16,0.4042435703672795,0.3976727606555674,0.4107945959005243,5.745717989907556,5.48316777797912,6.012586534687501,1.0799237871353973,-0.630296538715065,0.4496272484203323,1.0,1.0,0.9076615582649049
91,UCF,Big 12,0.5782227784730913,1.0,12,18,0.4254740225625091,0.4207904848398636,0.4299947407198371,5.679150186055274,5.43984102295954,5.918351907089546,0.40846518857929,0.039412932586076366,0.44787812116536635,1.0,1.0,1.1282589938128083
92,ETSU,Southern Conference,0.5426695842450766,1.0,12,15,0.4281934398230483,0.4221110516614918,0.43424356739472,5.770072153184719,5.487554911049887,6.0457030452921,0.4945800684963647,-0.051509034543368415,0.4430710339529963,1.0,1.0,1.0588857130637208
93,JKST,SWAC,0.4838056680161943,0.9,12,14,0.4208351639076209,0.4143522461479749,0.4270920631218288,5.945614918561231,5.650181126424919,6.23655665058065,0.9629599376871983,-0.539978900896787,0.4229810367904113,1.0,1.0,0.9440273135526214
94,DBU,Conference USA,0.5587301587301587,1.04,14,16,0.4294348841924742,0.4242769669636029,0.4344762427944665,5.676686104437784,5.424125837101597,5.933095153473302,0.2672498983759946,0.1531845848788178,0.4204344832548124,1.0,1.0,1.09022395894958
95,KENT,Mid-American,0.4640122511485451,1.02,13,13,0.4187134222956065,0.4139979879464217,0.4233476336251889,5.415827234548706,5.171724285276435,5.660709460225785,0.06309972759244831,0.35635793591985987,0.4194576635123082,1.0,1.0,0.9054053473648078
96,MRSH,Sun Belt,0.5174129353233831,0.99,11,15,0.412664862396758,0.4076850517333285,0.4175120858262625,5.344877813540903,5.074356777979215,5.613092691743757,0.06850872123283633,0.34682662262034203,0.4153353438531784,1.0,1.0,1.0096035983488307
97,AUB,SEC,0.6438923395445134,1.09,15,16,0.4241493048098444,0.4197918098593489,0.4284255468319515,5.320679123819303,5.074143918425712,5.560383620526055,-0.21186962257154496,0.6270041484793376,0.41513452590779265,1.0,1.0,1.2563969289772208
98,TAR,WAC,0.483370288248337,1.0,13,14,0.4279901707784087,0.4227404422378604,0.4331144816784897,5.8127605019387785,5.547165720241412,6.069710851653669,0.4881432154161097,-0.09419738329742788,0.39394583211868184,1.0,1.0,0.9431777774272784
99,JAX,Atlantic Sun,0.5058365758754864,0.91,16,16,0.4149863988954345,0.4095374198091967,0.4202459275836658,5.755591126157553,5.536108469637236,5.979388240216744,0.6955776486430367,-0.30823387209954234,0.3873437765434944,1.0,1.0,0.9870151909927771
100,UL,Sun Belt,0.5174129353233831,0.88,12,16,0.4070697486410239,0.4011823225588177,0.4127611361229125,5.631110104406441,5.375628990468262,5.890349476253943,0.6484637368293646,-0.2719795456208214,0.37648419120854326,1.0,1.0,1.0096035983488307
101,URI,Atlantic 10,0.5073409461663948,0.98,14,16,0.4267136687813521,0.4208405628651419,0.4325149910876302,5.875401684661467,5.6476316762460215,6.100773795649147,0.5842115563316355,-0.21618605778437416,0.3680254985472613,1.0,1.0,0.9899505981990174
102,SIU,Missouri Valley,0.4766146993318486,1.02,9,16,0.4285170307211159,0.423681047054481,0.4332354294314232,5.778883357469212,5.490099510458164,6.070155711729518,0.3704735891183201,-0.0030415004837802684,0.36743208863453986,1.0,0.96,0.929995913555264
103,FLA,SEC,0.6438923395445134,1.06,13,15,0.4157502525169739,0.4102349558839437,0.4210770195749763,5.2205330381301565,5.000719546524148,5.438943259711453,-0.28291316696407437,0.6500844408450819,0.3671712738810075,1.0,1.0,1.2563969289772208
104,NIA,Metro Atlantic,0.4677419354838709,0.94,14,13,0.4242204579021958,0.4189412709966182,0.4292835770332496,5.954555361126519,5.691726431270784,6.217547618267218,0.7842426186732384,-0.42015374849939047,0.36408887017384794,1.0,1.0,0.9126829055172664
105,LSU,SEC,0.6438923395445134,1.12,17,17,0.4354477422015407,0.4310588949048569,0.4398142717802084,5.622515869280952,5.386862355712855,5.858130339042894,-0.05621989409313244,0.4143028646027167,0.35808297050958426,1.0,1.0,1.2563969289772208
106,IONA,Metro Atlantic,0.4677419354838709,0.9,11,15,0.4129907323834457,0.4075711119666358,0.4182024044616717,5.761044076177674,5.483419737197735,6.042820050855819,0.701478886881358,-0.3456938036509385,0.35578508323041946,1.0,1.0,0.9126829055172664
107,CMU,Mid-American,0.4640122511485451,0.87,12,15,0.4161825347601436,0.4113800967451729,0.4208747634115786,5.983841509835417,5.726717199007695,6.244075282557378,1.0304298046572833,-0.6812673731612344,0.34916243149604886,1.0,1.0,0.9054053473648078
108,RUTG,Big Ten,0.551255230125523,0.97,13,14,0.4095382371184874,0.4042381941126842,0.4147560587048041,5.409661297693057,5.167858051796588,5.647653353727921,0.10132504136085195,0.22652119204941457,0.32784623341026653,1.0,1.0,1.0756384812751105
109,CIT,Southern Conference,0.5426695842450766,0.88,11,14,0.4087184544202752,0.4032259691837793,0.4140833333208117,5.737990807232402,5.455351065643356,6.018530184018252,0.7040052435771926,-0.385682420967588,0.31832282260960465,1.0,1.0,1.0588857130637208
110,LOU,ACC,0.6127292340884574,1.08,17,12,0.4326621721861051,0.4273442598862826,0.4378723518565147,5.732133545127198,5.509661192525254,5.953033981914977,0.10912958874085527,0.20689624832673736,0.31602583706759263,1.0,1.0,1.195589822590338
111,HOU,Big 12,0.5782227784730913,0.99,13,17,0.4171221901248088,0.4124263196415255,0.421775513267707,5.584907140248559,5.342972045538184,5.820033078365103,0.2103667226280881,0.10559111839154234,0.3159578410196304,1.0,1.0,1.1282589938128083
112,TROY,Sun Belt,0.5174129353233831,1.04,15,15,0.4243018914261951,0.4199045997223574,0.4286239725832865,5.628992373291744,5.39068296193115,5.867535093758922,0.10789227981504196,0.19994314482591502,0.307835424640957,1.0,1.0,1.0096035983488307
113,KU,Big 12,0.5782227784730913,1.16,11,11,0.4412578136192789,0.4345603475324166,0.4478133168773009,5.716525359433089,5.453070180606447,5.9836969019014745,-0.1267639537299507,0.4254840821292314,0.2987201283992807,1.0,1.0,1.1282589938128083
114,OKST,Big 12,0.5782227784730913,1.01,10,17,0.4132110740122441,0.4075297721358788,0.4187419337557059,5.461613460572691,5.188350050412313,5.731524531964412,-0.04496110428716523,0.2841218643401646,0.23916076005299938,1.0,1.0,1.1282589938128083
115,INST,Missouri Valley,0.4766146993318486,0.92,15,14,0.4156983775989982,0.4098892452046215,0.421406548951831,5.891092815208281,5.657496645558723,6.119734312185953,0.6473940129556788,-0.4179918972006087,0.22940211575507008,1.0,1.0,0.929995913555264
116,WIN,Big South,0.4606060606060606,1.02,13,17,0.4232271252532559,0.4185176534265309,0.4278148054960115,5.751084490875871,5.509768754295653,5.995465000446103,0.2046184671887171,0.024420058368210817,0.2290385255569279,1.0,1.0,0.8987590074811619
117,UVA,ACC,0.6127292340884574,1.18,17,18,0.4381806056137924,0.4329743983267721,0.4434001347849929,5.6202851096054935,5.390797321727451,5.853012490907154,-0.33486126494900814,0.5623382474436491,0.227476982494641,1.0,1.0,1.195589822590338
118,FAMU,SWAC,0.4838056680161943,0.99,14,18,0.41860655969958,0.4133750791563121,0.4238085838317272,5.722350657460183,5.488288526131946,5.958353082909221,0.25760796537625,-0.03254306976084287,0.22506489561540716,1.0,1.0,0.9440273135526214
119,SOU,SWAC,0.4838056680161943,1.02,14,18,0.4290462441227779,0.4231817942195742,0.4347924579522557,5.95389277278166,5.700335809226749,6.204601754107402,0.3870660885103633,-0.1763802207464309,0.2106858677639324,1.0,1.0,0.9440273135526214
120,FGCU,Atlantic Sun,0.5058365758754864,1.0,14,14,0.4122786105822255,0.4068680849426335,0.4176548654842117,5.503669433661813,5.252577447632561,5.751569109489284,-0.009389524129691426,0.21489368497953798,0.20550416084984655,1.0,1.0,0.9870151909927771
121,GMU,Atlantic 10,0.5073409461663948,0.98,16,14,0.4179079387456995,0.4126052437470255,0.4230976129319646,5.7679792357413335,5.528038134328551,6.002228206662623,0.30254679088146824,-0.10767853362262247,0.19486825725884577,1.0,1.0,0.9899505981990174
122,PRES,Big South,0.4606060606060606,0.85,17,19,0.403589656818801,0.3976248174594756,0.4093966823557118,5.813824462281729,5.586886480409317,6.043455604057274,0.751703986815544,-0.5666525162578155,0.18505147055772841,1.0,1.0,0.8987590074811619
123,CLT,American Athletic,0.5243055555555556,1.02,16,13,0.4124597167577856,0.4075116468173282,0.4173483258543052,5.45591702423775,5.235625105302409,5.677223445589824,-0.1329735483458308,0.3166650748415982,0.18369152649576742,1.0,1.0,1.0230528450015146
124,BING,America East,0.4632152588555858,0.87,8,16,0.3992073161663647,0.393241476842842,0.4050908793576868,5.622524570333793,5.331724303346138,5.907273095366944,0.45551152786263144,-0.28303885799782247,0.17247266986480897,1.0,0.92,0.9038502136758422
125,GCU,WAC,0.483370288248337,0.96,12,20,0.4070929398650449,0.4016903729865153,0.4123904058911483,5.538201574521088,5.285670232929839,5.782857844234173,0.0894848438887011,0.06733702219126059,0.15682186607996168,1.0,1.0,0.9431777774272784
126,NJIT,America East,0.4632152588555858,0.91,14,17,0.4109546078975951,0.4054121896485866,0.416353991562292,5.860844358245838,5.615242811183471,6.1115240691232575,0.5618882438281172,-0.41844668056894996,0.14344156325916724,1.0,1.0,0.9038502136758422
127,UAB,American Athletic,0.5243055555555556,0.94,9,13,0.4126346302395131,0.4061861988091124,0.4190021185109221,5.814404774875907,5.508340564594769,6.117319232005002,0.4060111314035265,-0.270155235874145,0.1358558955293815,1.0,0.96,1.0230528450015146
128,TOW,Coastal Athletic,0.4788273615635179,0.96,8,15,0.4201460599884392,0.4143636897631471,0.4257919190709421,5.990600515414595,5.71117784335884,6.270047842039766,0.5112693376718501,-0.3785227681430898,0.1327465695287603,1.0,0.92,0.9343133776125314
129,MCN,Southland,0.5396551724137931,1.0,17,18,0.4135647548687399,0.4083003779877095,0.4186676231320239,5.6188537533252445,5.379953153127931,5.85733205130872,0.0313383782765983,0.09970936531610608,0.13104774359270438,1.0,1.0,1.0530038326080902
130,ARMY,Patriot League,0.4554455445544554,1.0,9,15,0.4102594071024411,0.4050861217309226,0.4153111515974925,5.510477091661561,5.20481366439342,5.812809994452088,-0.07333096765619755,0.20430289625135778,0.13097192859516021,1.0,0.9636387816775419,0.8886895344947914
131,LAS,Unknown,0.4918323495909702,1.0,11,17,0.4217210329580662,0.4140267091823758,0.4293420787072386,5.878283955399642,5.588568795157272,6.166643808799092,0.2896205177719307,-0.15972083675829118,0.12989968101363952,1.0,1.0,0.9596894009251166
132,STBK,Coastal Athletic,0.4788273615635179,0.96,12,17,0.4162500796497644,0.4105916089719224,0.4219120874241842,5.855825292085257,5.58361992383948,6.124196978101713,0.38537881652419526,-0.25676881205789126,0.128610004466304,1.0,1.0,0.9343133776125314
133,USF,American Athletic,0.5243055555555556,0.96,14,21,0.4134779031952771,0.4088478541406314,0.4180701860829587,5.769396427299284,5.506935731558452,6.028593618141453,0.2958016861921224,-0.16857609288853137,0.127225593303591,1.0,1.0,1.0230528450015146
134,UPST,Big South,0.4606060606060606,1.06,15,15,0.4275988617431472,0.4228141563288909,0.4323152027940626,5.844955284860551,5.594092891034271,6.103644473978781,0.08136446296682004,0.0438492498446994,0.12521371281151944,1.0,1.0,0.8987590074811619
135,LIU,Northeast,0.4904214559386973,0.93,11,16,0.410019644711036,0.4044378097313245,0.4154316832500335,5.782866318353944,5.47193955311502,6.089856000943112,0.38999721936699205,-0.2740444651451197,0.11595275422187235,1.0,1.0,0.9569363903005716
136,LIB,Conference USA,0.5587301587301587,1.02,8,14,0.4089788396604984,0.4045367306297009,0.4133772538410258,5.40513733370922,5.147776997625439,5.663774625601288,-0.24210995898684762,0.3534415913162361,0.11133163232938847,1.0,0.9264166817528134,1.09022395894958
137,SDSU,Mountain West,0.4803149606299212,1.06,13,11,0.4260429943354642,0.4179511347182175,0.4339763046045947,5.811951987839853,5.536554357349615,6.084841907545796,0.03353035172737505,0.07589128578712412,0.10942163751449917,1.0,1.0,0.9372160599148253
138,MSU,Big Ten,0.551255230125523,0.89,10,13,0.404483845241293,0.3988288500970288,0.4099600972824341,5.779277446363051,5.509285324595952,6.055217707613776,0.4892535209861962,-0.39707439073753914,0.09217913024865704,1.0,1.0,1.0756384812751105
139,AAMU,SWAC,0.4838056680161943,0.96,13,15,0.4205703718178214,0.4143915032576667,0.4267919841402203,6.036729172664963,5.791425336437014,6.284327783239135,0.524980094063453,-0.44136460856779536,0.08361548549565767,1.0,1.0,0.9440273135526214
140,GT,ACC,0.6127292340884574,1.2,17,18,0.4302313005362121,0.4262112176384552,0.4342207626218748,5.451256874042824,5.22228374819327,5.678930725242232,-0.6794323286455756,0.7628750513296927,0.08344272268411712,1.0,1.0,1.195589822590338
141,BRAD,Missouri Valley,0.4766146993318486,0.87,14,16,0.4050965852077542,0.3973980028667591,0.4126630605257573,5.898076553343532,5.654511553623108,6.145667020320423,0.6549698376423115,-0.589540146966705,0.06542969067560656,1.0,1.0,0.929995913555264
142,SIE,Metro Atlantic,0.4677419354838709,0.92,14,19,0.4162222441938935,0.4115333124089221,0.4206976436924776,6.065429811932654,5.821549514193161,6.314503768249974,0.6646743346622946,-0.5995929354551643,0.0650813992071303,1.0,1.0,0.9126829055172664
143,SEMO,Ohio Valley,0.4645308924485126,1.05,13,15,0.4102975406390979,0.4035977943540676,0.4168100085309376,5.402454358644294,5.157974635639594,5.649125699535876,-0.38901988013941524,0.44787593947618465,0.058856059336769406,1.0,1.0,0.9064173478134867
144,PORT,West Coast,0.4651685393258427,1.01,11,15,0.4140173439846943,0.4081982586462337,0.4198508881064685,5.700895067675239,5.437662410100881,5.968596863583152,-0.01955624611709265,0.046030712994346246,0.026474466877253595,1.0,1.0,0.9076615582649049
145,HC,Patriot League,0.4554455445544554,0.95,13,18,0.412208182793661,0.4061195857298879,0.4182414104434673,5.86828823300891,5.619130847565368,6.121002137854532,0.3230792144067741,-0.3001940434190695,0.022885170987704595,1.0,1.0,0.8886895344947914
146,EVAN,Missouri Valley,0.4766146993318486,0.97,11,14,0.4102516057640925,0.4038291231695877,0.4166335770799619,5.751245608248217,5.510522896330244,5.992464589498999,0.12425905873224961,-0.12026491003704276,0.003994148695206853,1.0,1.0,0.929995913555264
147,STET,Atlantic Sun,0.5058365758754864,0.93,16,17,0.4026787348281342,0.3973296322272443,0.4078174440452961,5.674331938985443,5.441708728243829,5.906357412477314,0.14910380352047348,-0.16157360569589496,-0.012469802175421485,1.0,1.0,0.9870151909927771
148,IU,Big Ten,0.551255230125523,1.15,15,14,0.4201727900164979,0.4143489563959203,0.4257714003745672,5.430236754960883,5.216429878067859,5.645129754458169,-0.6876958975072036,0.6671800907707617,-0.020515806736441933,1.0,1.0,1.0756384812751105
149,TENN,SEC,0.6438923395445134,1.17,12,14,0.4166601525455375,0.411833540425674,0.4213571031190677,5.24805006603081,5.009872978698058,5.489098126270259,-0.9042906897016814,0.8816506153871471,-0.022640074314534298,1.0,1.0,1.2563969289772208
150,CP,Big West,0.5132450331125827,1.02,9,13,0.4080784765439258,0.4035641027344931,0.4125942318796982,5.521648022672326,5.253939721731588,5.788851356083961,-0.2703391656120614,0.24710659736813412,-0.023232568243927276,1.0,0.9643994421876992,1.0014709662047192
151,DAV,Atlantic 10,0.5073409461663948,1.04,13,13,0.4189001552600635,0.4115008999555318,0.4262103088385713,5.79945965968587,5.555876119650312,6.044014914324924,-0.05980867959100421,0.03281835424343882,-0.02699032534756539,1.0,1.0,0.9899505981990174
152,OSU,Big Ten,0.551255230125523,0.99,11,13,0.4145111097489244,0.408607287147304,0.4202184607854932,5.8709243439177206,5.5762015216690735,6.162418233049728,0.12726701217280553,-0.18186335765786588,-0.054596345485060344,1.0,1.0,1.0756384812751105
153,MD,Big Ten,0.551255230125523,1.04,13,14,0.4187093071827525,0.41271890465226,0.4245769100922074,5.824105302140703,5.574534574721395,6.075849432772302,-0.06573370159902503,0.008655959679876979,-0.05707774191914805,1.0,1.0,1.0756384812751105
154,MILW,Horizon League,0.4402730375426621,0.91,13,15,0.4071813020427697,0.4013291422450776,0.4129683061626387,5.933285368943313,5.664352107582078,6.198590832222423,0.43676989960179696,-0.49430114203227493,-0.05753124243047797,1.0,1.0,0.8590841330266091
155,CARK,Atlantic Sun,0.5058365758754864,1.0,13,14,0.4126817927809615,0.4071650870302438,0.4180721068537616,5.780015450698208,5.513867558043086,6.043992856533254,0.0033779121636161777,-0.06145233205685763,-0.05807441989324145,1.0,1.0,0.9870151909927771
156,CIN,Big 12,0.5782227784730913,1.09,12,13,0.4089703359658804,0.4034228868253442,0.4143220980391168,5.348563277589342,5.13901272625896,5.561833557332232,-0.6718383754189396,0.6003207477424581,-0.07151762767648151,1.0,1.0,1.1282589938128083
157,SF,West Coast,0.4651685393258427,0.93,14,16,0.4071765226979237,0.4021309907136615,0.4121060439064531,5.881040204509826,5.637120416062488,6.131202016409418,0.29669960581062954,-0.3757790621978465,-0.07907945638721697,1.0,1.0,0.9076615582649049
158,ALST,SWAC,0.4838056680161943,0.98,11,13,0.4110132802884219,0.403802220769919,0.4181157694377362,5.829654817545973,5.554930425399257,6.102421774242068,0.08201057760154554,-0.16997710110205677,-0.08796652350051123,1.0,1.0,0.9440273135526214
159,EMU,Mid-American,0.4640122511485451,0.96,15,14,0.4108498494682995,0.4053160454998991,0.4161899362865034,5.897283950596071,5.648393824960748,6.141101736800705,0.21088158276937646,-0.2990735656403549,-0.08819198287097846,1.0,1.0,0.9054053473648078
160,NAVY,Patriot League,0.4554455445544554,1.03,11,15,0.4114256058516622,0.4063353551937673,0.4163779030424546,5.670059927417763,5.415314799346163,5.92147016773689,-0.22894041722761865,0.1322971802987274,-0.09664323692889126,1.0,1.0,0.8886895344947914
161,USI,Ohio Valley,0.4645308924485126,0.98,21,18,0.4114576528698639,0.4064617558069483,0.4163656512725507,5.854943958287235,5.645542363551245,6.062261928054529,0.09622451539177865,-0.19552168770939193,-0.09929717231761329,1.0,1.0,0.9064173478134867
162,MISS,SEC,0.6438923395445134,1.2,15,16,0.4224197107620211,0.4174963735169523,0.4272979418110456,5.4090337156198975,5.172954489261988,5.64023347348939,-0.9043114282056194,0.8012597408050803,-0.10305168740053905,1.0,1.0,1.2563969289772208
163,ODU,Sun Belt,0.5174129353233831,1.03,14,16,0.4092830769109086,0.4044019760004458,0.4141448588370111,5.612000079790469,5.375997042836664,5.846420255798758,-0.2957845056911949,0.18949900062118452,-0.10628550507001039,1.0,1.0,1.0096035983488307
164,GASO,Sun Belt,0.5174129353233831,0.93,17,17,0.4055102931712194,0.3993136873468232,0.4116293987354664,5.859250328562218,5.625440231423947,6.095741081067576,0.24202195294813805,-0.3531988798687191,-0.11117692692058107,1.0,1.0,1.0096035983488307
165,CSUF,Big West,0.5132450331125827,0.97,17,17,0.4028964062528778,0.397525742943745,0.4081167792020129,5.632157213590641,5.389173139330258,5.87443838535078,-0.11220251607837461,0.0006370134731872312,-0.11156550260518738,1.0,1.0,1.0014709662047192
166,LIN,Ohio Valley,0.4645308924485126,1.02,11,16,0.4084567099209897,0.4028369379662984,0.4140849581037501,5.633443677327909,5.386951452017166,5.881415255373528,-0.258480363360884,0.14089611138599523,-0.11758425197488875,1.0,1.0,0.9064173478134867
167,LIP,Atlantic Sun,0.5058365758754864,1.02,11,16,0.4137509166968491,0.4082777737232597,0.4190585331997962,5.805631731718424,5.511207298087371,6.094021292964957,-0.0924903819395496,-0.02958711078283116,-0.12207749272238076,1.0,1.0,0.9870151909927771
168,GRAM,SWAC,0.4838056680161943,1.13,12,15,0.4277030700969837,0.4216203104865026,0.4337010063881992,5.870102051609037,5.592987317251493,6.147927438787681,-0.34757317559861456,0.20673020633239503,-0.14084296926621953,1.0,1.0,0.9440273135526214
169,MEM,American Athletic,0.5243055555555556,1.01,13,16,0.4074693229735671,0.4017408798363658,0.4130715811914665,5.669981335664465,5.433732446413295,5.904806028272564,-0.2258786328690286,0.0767906453433751,-0.1490879875256535,1.0,1.0,1.0230528450015146
170,SFA,Southland,0.5396551724137931,1.06,18,19,0.4205675478998644,0.4151762536737098,0.4259115417551853,5.908600781507411,5.702665330565905,6.116930004729755,-0.13480861635740962,-0.01794249447264029,-0.1527511108300499,1.0,1.0,1.0530038326080902
171,NICH,Southland,0.5396551724137931,0.9,18,20,0.3989666228140147,0.393573801217204,0.4042003459835216,5.816911117196907,5.589325289906597,6.048301651434895,0.23400856790032556,-0.4045012152501304,-0.17049264734980482,1.0,1.0,1.0530038326080902
172,LEM,Northeast,0.4904214559386973,1.0,12,17,0.4144407220176958,0.4091115883341514,0.4196721685363732,5.953816634772624,5.681454631761671,6.224536727075316,0.059077337993534526,-0.235253516131273,-0.17617617813773845,1.0,1.0,0.9569363903005716
173,PUR,Big Ten,0.551255230125523,0.98,14,16,0.4047672105320553,0.3992769438693077,0.4103779633979587,5.7270657045429,5.472263100264232,5.983588514633276,-0.11777953245058445,-0.0663517344322857,-0.18413126688287015,1.0,1.0,1.0756384812751105
174,UCD,Big West,0.5132450331125827,0.99,14,17,0.4017264634455579,0.3961201048764526,0.4070927410421161,5.596031691332269,5.352748784421454,5.835281726928271,-0.2796145284703485,0.09441066504108075,-0.18520386342926776,1.0,1.0,1.0014709662047192
175,COFC,Coastal Athletic,0.4788273615635179,1.07,17,14,0.4144851050988896,0.4090762398924567,0.4198367116793196,5.724104012309785,5.500859897149173,5.946245977182859,-0.3833700075766535,0.18802784104735615,-0.19534216652929737,1.0,1.0,0.9343133776125314
176,MUR,Missouri Valley,0.4766146993318486,1.02,17,15,0.4063415431022732,0.4009105243988246,0.4116227042671526,5.645626661834517,5.403695936109388,5.886291471135831,-0.3247974748387941,0.1288337504883632,-0.1959637243504309,1.0,1.0,0.929995913555264
177,EIU,Ohio Valley,0.4645308924485126,1.07,11,18,0.4149585097782096,0.4107491237756291,0.4190905456957647,5.74274154095825,5.47996925698548,6.00799215771888,-0.36888580643803764,0.17002056699086765,-0.19886523944717,1.0,1.0,0.9064173478134867
178,UTU,WAC,0.483370288248337,1.1,13,16,0.4234073079068381,0.4183888814983376,0.4281983050673104,5.903432764923339,5.640000864199192,6.162782470185287,-0.29545211283679457,0.09624619966674164,-0.19920591317005293,1.0,1.0,0.9431777774272784
179,ILL,Big Ten,0.551255230125523,1.12,15,13,0.4158548751125696,0.411049357246903,0.4205681524111269,5.5960689713114204,5.372474318746028,5.821092477627677,-0.6415413951787471,0.4392527683475578,-0.2022886268311893,1.0,1.0,1.0756384812751105
180,WIU,Ohio Valley,0.4645308924485126,1.0,13,13,0.4146217540027357,0.4092594649247679,0.4199370187085239,6.019187164105395,5.769238822962421,6.268990722201054,0.06481001751979919,-0.3006240454640441,-0.23581402794424489,1.0,1.0,0.9064173478134867
181,IOWA,Big Ten,0.551255230125523,1.1,17,15,0.4136232121190611,0.4088040779450285,0.4183502779965313,5.6353339607212325,5.39914064506372,5.875874914788042,-0.5905280175475293,0.35157839414493885,-0.2389496234025904,1.0,1.0,1.0756384812751105
182,WMU,Mid-American,0.4640122511485451,0.96,13,13,0.4015547308383953,0.3963876677054995,0.4066834604225672,5.7760896714394345,5.530361889401674,6.021285779281711,-0.08947088996562214,-0.17540593384786884,-0.264876823813491,1.0,1.0,0.9054053473648078
183,MTSU,Conference USA,0.5587301587301587,1.03,13,12,0.4070127658271818,0.4024695711689746,0.4114509696372851,5.706607226218246,5.442803341602164,5.969832783789679,-0.3666152291572189,0.09628998936229127,-0.2703252397949276,1.0,1.0,1.09022395894958
184,FIU,Conference USA,0.5587301587301587,1.02,15,17,0.4111685843180795,0.4056472192019519,0.4166550772472109,5.890674966403079,5.651284680411843,6.132570948892159,-0.17345459843562627,-0.11378833324288617,-0.28724293167851245,1.0,1.0,1.09022395894958
185,MONM,Coastal Athletic,0.4788273615635179,0.93,11,14,0.396388050622747,0.3898607782486047,0.4030325262280856,5.749966828035,5.502739443758491,6.000162593893812,-0.05732624812435648,-0.2399517290633124,-0.2972779771876689,1.0,1.0,0.9343133776125314
186,GW,Atlantic 10,0.5073409461663948,1.01,11,16,0.407119058344032,0.4016872192038164,0.4123970123098662,5.811880249004504,5.535897127835006,6.088799705670158,-0.23691516348456076,-0.06440230325367846,-0.3013174667382392,1.0,1.0,0.9899505981990174
187,ECU,American Athletic,0.5243055555555556,1.08,15,16,0.4059037370208239,0.4013145111022916,0.4103902418571652,5.530394287946747,5.320715358664929,5.740277633784101,-0.7056304563558476,0.4008763033079408,-0.3047541530479069,1.0,1.0,1.0230528450015146
188,APSU,Atlantic Sun,0.5058365758754864,1.19,15,10,0.4194666014737105,0.4141749551178492,0.4246061212642251,5.574570619793715,5.333924783216687,5.809070455524719,-0.9341856659298464,0.6276310457703786,-0.30655462015946777,1.0,1.0,0.9870151909927771
189,GAST,Sun Belt,0.5174129353233831,1.05,15,18,0.4072857947143966,0.4019374838242086,0.4124752944116702,5.693515546433642,5.454525629145665,5.931636335409218,-0.4820656891952282,0.16391380504755304,-0.31815188414767515,1.0,1.0,1.0096035983488307
190,VMI,Southern Conference,0.5426695842450766,1.14,12,18,0.4320263892429024,0.4270720767770848,0.4368633229722756,6.1610029829204604,5.900249217027436,6.425822918817465,-0.2790511402067899,-0.03938359436842642,-0.3184347345752163,1.0,1.0,1.0588857130637208
191,UNCG,Southern Conference,0.5426695842450766,0.97,13,13,0.3997175020753591,0.3941597788819236,0.4052678022511764,5.737286843867787,5.495878353939432,5.976151565170917,-0.2144007891288907,-0.10609357564066713,-0.32049436476955784,1.0,1.0,1.0588857130637208
192,ARIZ,Big 12,0.5782227784730913,1.07,13,16,0.397039773169267,0.3915998728429181,0.4022578224209713,5.303642298678528,5.075174229171443,5.526553787851801,-0.9171241245860404,0.5942710426234497,-0.32285308196259077,1.0,1.0,1.1282589938128083
193,AKR,Mid-American,0.4640122511485451,1.0,14,17,0.410087726540459,0.4035734909691858,0.4164651689437019,5.964223001153916,5.715688385054025,6.215688820439675,-0.07876751878563007,-0.2456598825125651,-0.32442740129819514,1.0,1.0,0.9054053473648078
194,NWST,Southland,0.5396551724137931,1.0,14,17,0.398686196142015,0.3929667756696763,0.4042503008057238,5.604114631043947,5.367341705879674,5.845204441764061,-0.4398159814030232,0.11444848759740367,-0.3253674938056195,1.0,1.0,1.0530038326080902
195,GTWN,Big East,0.4932432432432432,1.06,17,16,0.4106445281940381,0.405235143843757,0.4160081232275421,5.777483877605565,5.557204087931155,6.001035689693857,-0.43988527397989835,0.10935547048060812,-0.33052980349929023,1.0,1.0,0.9624424115496617
196,QUIN,Metro Atlantic,0.4677419354838709,1.09,11,13,0.4166247756037659,0.4107121694806225,0.4223795750327267,5.869234953404319,5.628998549128366,6.108477273709227,-0.4398856591193808,0.10207034026401196,-0.33781531885536886,1.0,1.0,0.9126829055172664
197,ELON,Coastal Athletic,0.4788273615635179,1.02,12,17,0.4042016960501221,0.3992363098798821,0.4091462033180011,5.733001420363365,5.481613408655262,5.9790894759320885,-0.3918883890151499,0.042324088578612695,-0.3495643004365372,1.0,1.0,0.9343133776125314
198,PITT,ACC,0.6127292340884574,1.14,12,16,0.4163581552247971,0.4117000633059402,0.4208772811426838,5.715438085841552,5.489068539317583,5.937756407493552,-0.7427527700261057,0.3770321972941044,-0.3657205727320013,1.0,1.0,1.195589822590338
199,BC,ACC,0.6127292340884574,1.05,13,15,0.4069010183221526,0.4017163944942846,0.4119171373967098,5.732022773480261,5.467493793939237,5.989407670767919,-0.4939530899312227,0.1263457786606077,-0.367607311270615,1.0,1.0,1.195589822590338
200,RAD,Big South,0.4606060606060606,1.04,14,14,0.407513392266661,0.4022664249703979,0.4126010121209609,5.8007952446110265,5.5585419861828935,6.042822882344293,-0.41331929539925094,0.03150895725799163,-0.3818103381412593,1.0,1.0,0.8987590074811619
201,MER,Southern Conference,0.5426695842450766,1.08,17,17,0.4054727994456199,0.3994029579609282,0.411356756790381,5.5988566098824055,5.362212128554839,5.828881880950071,-0.7187519530367376,0.3350471476005765,-0.38370480543616103,1.0,1.0,1.0588857130637208
202,MICH,Big Ten,0.551255230125523,1.06,10,18,0.405430155728805,0.400284521051061,0.4105191985108658,5.670990728422512,5.402524280636971,5.941280453052604,-0.6001976960501745,0.2127468774544452,-0.3874508185957293,1.0,1.0,1.0756384812751105
203,UIW,Southland,0.5396551724137931,1.05,17,15,0.4171723608802125,0.4111096451872078,0.4231487804103252,6.08045361376594,5.854418679391758,6.308681383125691,-0.176627059682218,-0.2135867484473719,-0.39021380812958995,1.0,1.0,1.0530038326080902
204,CHSO,Big South,0.4606060606060606,1.07,12,16,0.4097444326194179,0.4041873713851377,0.4152124782847145,5.7852347924038,5.508137387083226,6.054995575459286,-0.5284147372223241,0.12896428540096494,-0.3994504518213592,1.0,1.0,0.8987590074811619
205,NEB,Big Ten,0.551255230125523,1.05,15,16,0.4026176215181237,0.3977007149076584,0.4073357459024067,5.635691462596116,5.385865934282051,5.881808310138773,-0.6262856741207323,0.22032754537684696,-0.40595812874388537,1.0,1.0,1.0756384812751105
206,MSM,Metro Atlantic,0.4677419354838709,1.0,17,19,0.4028465598088082,0.397205553139885,0.408355801198184,5.817565372144463,5.611702381564261,6.023573132863191,-0.3080711319545726,-0.09900225350311231,-0.4070733854576849,1.0,1.0,0.9126829055172664
207,USD,West Coast,0.4651685393258427,1.07,11,15,0.4015518536411432,0.396081396028297,0.4069823172306231,5.543002178426171,5.3014089924568655,5.785058008553094,-0.7790733533048022,0.3630054583262101,-0.4160678949785921,1.0,1.0,0.9076615582649049
208,MAN,Metro Atlantic,0.4677419354838709,1.02,11,20,0.403315966396067,0.3984041975713407,0.4081108619705049,5.787653495757456,5.481021934048132,6.091000494801802,-0.4196587907099465,-0.011786877158110443,-0.43144566786805694,1.0,1.0,0.9126829055172664
209,ULM,Sun Belt,0.5174129353233831,0.92,14,13,0.3948920844983454,0.3878365427937705,0.4017282932306463,5.868326164882457,5.597687705532794,6.1476886299011015,-0.03892468307279906,-0.39427663644454203,-0.4332013195173411,1.0,1.0,1.0096035983488307
210,FAU,American Athletic,0.5243055555555556,1.05,15,14,0.4046973423697289,0.3996092778044319,0.4096895806862191,5.741053971616381,5.479210897561116,6.007424839392932,-0.5620341356158566,0.11753485364975891,-0.44449928196609767,1.0,1.0,1.0230528450015146
211,TOL,Mid-American,0.4640122511485451,1.04,10,13,0.3995580070263458,0.393919126703423,0.4051829308600229,5.629257736710254,5.3283450339352445,5.9278504246620365,-0.6603002097227628,0.1996829846116901,-0.4606172251110727,1.0,1.0,0.9054053473648078
212,MVSU,SWAC,0.4838056680161943,1.02,18,14,0.4092581752241395,0.4013441516504512,0.4167708607362548,6.013391916617306,5.788104849553769,6.246357593254507,-0.23335191326212823,-0.23529026414806165,-0.4686421774101899,1.0,1.0,0.9440273135526214
213,TXSO,SWAC,0.4838056680161943,1.01,8,14,0.4126823145333099,0.405155220009204,0.420169034216085,6.197438740937315,5.857391483950413,6.538301908380444,-0.06162185072124414,-0.43012088998472375,-0.4917427407059679,1.0,0.92,0.9440273135526214
214,BELL,Atlantic Sun,0.5058365758754864,1.0,15,17,0.4091051801981925,0.4034072084041214,0.4147237575557728,6.115883644249344,5.887830963640294,6.342453569875609,-0.10988148629073657,-0.39732052560799325,-0.5072020118987298,1.0,1.0,0.9870151909927771
215,SELA,Southland,0.5396551724137931,1.05,17,14,0.4000278491029266,0.3948045668752715,0.4052443727181184,5.667717237191567,5.436084619002047,5.89403527578372,-0.7062949032081219,0.18908288723494326,-0.5172120159731787,1.0,1.0,1.0530038326080902
216,UML,America East,0.4632152588555858,0.97,13,16,0.3979094347767962,0.3925336284782426,0.4031301739400997,5.87461147159814,5.621407759224095,6.12194082760476,-0.27252816420959364,-0.24550944135676112,-0.5180376055663547,1.0,1.0,0.9038502136758422
217,BUCK,Patriot League,0.4554455445544554,0.96,12,14,0.3993022497670789,0.3934904719747212,0.4048871975089145,5.9561233325054825,5.690127383776153,6.221916410363299,-0.1622551422700641,-0.35911375126220335,-0.5213688935322675,1.0,1.0,0.8886895344947914
218,TNTC,Ohio Valley,0.4645308924485126,1.07,14,13,0.4076041277794153,0.4016633325401584,0.4133842408106794,5.85369925369732,5.605671445052735,6.0979520518762005,-0.5938991043077496,0.06281504743621102,-0.5310840568715386,1.0,1.0,0.9064173478134867
219,SDST,Summit League,0.4194756554307116,1.06,15,16,0.4081840645179427,0.4021902902587375,0.4142205319743862,5.916859838521098,5.673519453592253,6.158230052567839,-0.5155305973550016,-0.025960996427676797,-0.5414915937826784,1.0,1.0,0.8185031765351799
220,TTU,Big 12,0.5782227784730913,1.16,19,15,0.4146359457524225,0.4097760291913087,0.4195036685299043,5.781398612294032,5.563377263619749,5.99505917954214,-0.9073434127890118,0.365416255406136,-0.5419271573828758,1.0,1.0,1.1282589938128083
221,UNLV,Mountain West,0.4803149606299212,1.09,13,14,0.409115282268032,0.4033954134985874,0.414558069595026,5.853066522721331,5.609690937959195,6.103981469857505,-0.6674460632325283,0.11754252273577048,-0.5499035404967578,1.0,1.0,0.9372160599148253
222,UNA,Atlantic Sun,0.5058365758754864,1.03,16,15,0.4052059885326721,0.3999082328212319,0.4104573785018811,5.935002108923762,5.713787087993138,6.158777590011207,-0.4229843073110537,-0.1287295995101383,-0.551713906821192,1.0,1.0,0.9870151909927771
223,CAL,ACC,0.6127292340884574,1.06,16,14,0.3985710420420679,0.3927114351109569,0.404289758329203,5.646915678967416,5.3920097358869485,5.900387072420093,-0.8110765958042275,0.23612071187686912,-0.5749558839273584,1.0,1.0,1.195589822590338
224,OHIO,Mid-American,0.4640122511485451,0.97,12,14,0.3978754366461192,0.3921209891007187,0.4034608966035748,5.955550573815421,5.675586115489423,6.236614174090957,-0.27362116671866826,-0.32768111873471106,-0.6013022854533794,1.0,1.0,0.9054053473648078
225,SIUE,Ohio Valley,0.4645308924485126,1.08,15,17,0.4031215613026761,0.3985097864943989,0.4077252316624493,5.760426600184037,5.527177774822569,5.990590031516152,-0.7903441400815019,0.17969138769516135,-0.6106527523863405,1.0,1.0,0.9064173478134867
226,MERC,Northeast,0.4904214559386973,1.08,10,16,0.407043428609315,0.3985200038998571,0.4153053743682993,5.932206903728504,5.610032046747436,6.258097631968397,-0.6709283086293566,0.014518018902403895,-0.6564102897269527,1.0,1.0,0.9569363903005716
227,STO,Northeast,0.4904214559386973,1.1,16,16,0.4101956896844327,0.4040995350640575,0.4161359394216773,5.976971057535835,5.745279711199483,6.205697943861734,-0.6938977417664799,0.02620973051198483,-0.6676880112544951,1.0,1.0,0.9569363903005716
228,NCAT,Coastal Athletic,0.4788273615635179,1.01,14,14,0.3961308605139898,0.3913773959745888,0.4007465053320628,5.834689487338514,5.585191173343302,6.0804604171527945,-0.5831436191575314,-0.08709806279000709,-0.6702416819475385,1.0,1.0,0.9343133776125314
229,MIZ,SEC,0.6438923395445134,1.08,16,17,0.4010483412081184,0.395859427544718,0.4062589799031053,5.766676364281392,5.533709535179565,6.000995458114476,-0.8534710339863046,0.1736819991400118,-0.6797890348462928,1.0,1.0,1.2563969289772208
230,NIU,Mid-American,0.4640122511485451,1.14,13,15,0.404935025206309,0.3995409177530116,0.4102287341160319,5.690167611353344,5.444352481761059,5.940115504785839,-1.0808204808536364,0.40064946317093497,-0.6801710176827014,1.0,1.0,0.9054053473648078
231,UNF,Atlantic Sun,0.5058365758754864,1.1,15,18,0.3994993605815556,0.3936182354349475,0.4052470115000552,5.661491532627523,5.40267496542381,5.916111156167762,-1.0164854448691227,0.3266664209008523,-0.6898190239682704,1.0,1.0,0.9870151909927771
232,BUT,Big East,0.4932432432432432,0.95,13,16,0.3949060073198945,0.389159387734265,0.400387301892199,6.055573364008399,5.7973192555671496,6.3186994613327805,-0.2388717838864976,-0.4922813572646998,-0.7311531411511973,1.0,1.0,0.9624424115496617
233,DAY,Atlantic 10,0.5073409461663948,1.11,13,14,0.4049187296314525,0.3995602194861838,0.4102975251856753,5.888295572186373,5.614352813093522,6.166849077062359,-0.9109201499166014,0.1372403014030832,-0.7736798485135182,1.0,1.0,0.9899505981990174
234,ALCN,SWAC,0.4838056680161943,1.02,14,18,0.3996315591677573,0.3915715307876549,0.4075034608529064,6.020334756296556,5.771932527893826,6.268041818381535,-0.5351765090892928,-0.24216436284038778,-0.7773408719296806,1.0,1.0,0.9440273135526214
235,EKU,Atlantic Sun,0.5058365758754864,1.03,15,14,0.4006814320372687,0.3939564149930884,0.4072705388074628,6.022093504955023,5.763458148847144,6.274554760100877,-0.5641445263794689,-0.2145339305754197,-0.7786784569548886,1.0,1.0,0.9870151909927771
236,UNCA,Big South,0.4606060606060606,1.03,14,13,0.3945186440463995,0.3888824056598283,0.4000383031949246,5.841171702253466,5.600099897479383,6.081302294063947,-0.7564154160781777,-0.03628584909605337,-0.7927012651742311,1.0,1.0,0.8987590074811619
237,SBU,Atlantic 10,0.5073409461663948,1.07,14,13,0.4033148554136404,0.3969761765624321,0.4095859726056644,5.995591702428119,5.736581936869392,6.248674615298479,-0.72513288039426,-0.07427910592687947,-0.7994119863211395,1.0,1.0,0.9899505981990174
238,UTAH,Big 12,0.5782227784730913,1.1,13,13,0.3990334851479902,0.3937952182308988,0.4041540856407369,5.774513403821473,5.521087095216071,6.024594731802333,-1.0305356563576042,0.219026543573281,-0.8115091127843232,1.0,1.0,1.1282589938128083
239,LONG,Big South,0.4606060606060606,1.15,11,17,0.4038564036791915,0.3984019172680169,0.4092064226085373,5.7697320782072685,5.513855826080832,6.024805387126037,-1.1683336345751427,0.3513704877508683,-0.8169631468242744,1.0,1.0,0.8987590074811619
240,BGSU,Mid-American,0.4640122511485451,1.08,14,15,0.3999895163872668,0.3945263237432075,0.4053127575217872,5.878868008909816,5.655013649949011,6.106361498532323,-0.8857108923135151,0.06580541776652815,-0.8199054745469869,1.0,1.0,0.9054053473648078
241,SHU,Metro Atlantic,0.4677419354838709,1.07,11,15,0.3994997060789738,0.3940174818644091,0.4048541324851945,5.916143764936724,5.650405900300671,6.184093038308261,-0.8418604767850268,0.0024821863353379214,-0.8393782904496889,1.0,1.0,0.9126829055172664
242,KENN,Conference USA,0.5587301587301587,1.16,12,16,0.4007119959944468,0.3955748076028124,0.4057325245505314,5.674751336225942,5.429107719712514,5.918832952308287,-1.3156073717420038,0.46416373324696014,-0.8514436384950437,1.0,1.0,1.09022395894958
243,UCR,Big West,0.5132450331125827,1.0,13,15,0.3843628837136084,0.3792197676418436,0.3894554889393022,5.687836243195001,5.4306735806295,5.946357578772353,-0.8933875416358996,0.030726875446349666,-0.86266066618955,1.0,1.0,1.0014709662047192
244,SCU,West Coast,0.4651685393258427,1.12,18,19,0.3968775134276479,0.3919014346349752,0.4016829625936386,5.695528763979594,5.462361765057329,5.923001787478562,-1.208475156206283,0.3454227752643755,-0.8630523809419075,1.0,1.0,0.9076615582649049
245,DSU,Northeast,0.4904214559386973,1.0,15,17,0.3984929885930435,0.3929979400243488,0.4038771300965038,6.138785887877489,5.9088853160084405,6.369042030873652,-0.4459342204537876,-0.42022276923613866,-0.8661569896899263,1.0,1.0,0.9569363903005716
246,UNM,Mountain West,0.4803149606299212,1.34,12,16,0.4150971122988875,0.4096456061723159,0.4204002385458349,5.596396702337725,5.33446536581596,5.859283463841437,-1.8300567314858307,0.9353180739082516,-0.8947386575775791,1.0,1.0,0.9372160599148253
247,UNO,Southland,0.5396551724137931,1.06,22,18,0.396990820397949,0.3910927665046311,0.4027831391569785,5.931219071787156,5.718199146061772,6.144257285545917,-0.8596594618855532,-0.03990199959860696,-0.8995614614841602,1.0,1.0,1.0530038326080902
248,HOF,Coastal Athletic,0.4788273615635179,1.05,11,11,0.396452281745779,0.3903684601483591,0.4025230413275784,5.957777692865291,5.688833372610357,6.221066921453,-0.8167595857866657,-0.09390292317844562,-0.9106625089651114,1.0,1.0,0.9343133776125314
249,PAC,West Coast,0.4651685393258427,1.15,11,16,0.3960923222484934,0.3908590075547122,0.4012695641956422,5.683129740929883,5.432235875723599,5.937160667650884,-1.3970430100530722,0.43193080149727336,-0.9651122085557988,1.0,1.0,0.9076615582649049
250,SHSU,Conference USA,0.5587301587301587,1.05,13,14,0.3930693025899414,0.3874093735960626,0.3986321779069643,5.929779625523358,5.665978006307812,6.191003535727377,-0.9212743889751457,-0.06658773552778019,-0.9878621245029259,1.0,1.0,1.09022395894958
251,ACU,WAC,0.483370288248337,1.22,17,15,0.4064373592314211,0.402097993847146,0.410814472141581,5.835421973221696,5.601402250011182,6.07014253633992,-1.4698190613401014,0.46142620582901106,-1.0083928555110904,1.0,1.0,0.9431777774272784
252,W&M,Coastal Athletic,0.4788273615635179,1.11,13,15,0.3990987768362882,0.3931083285599251,0.4049650880285889,5.980807089950732,5.712536472856061,6.248911566568478,-1.0856106761537596,0.049551658972410983,-1.0360590171813486,1.0,1.0,0.9343133776125314
253,CCU,Sun Belt,0.5174129353233831,1.23,10,13,0.3918705064865235,0.3875842487943729,0.3961632095337363,5.464884987676587,5.190554400648839,5.73510996864041,-1.9355221727701992,0.8173209772273706,-1.1182011955428286,1.0,1.0,1.0096035983488307
254,JMU,Sun Belt,0.5174129353233831,1.14,12,15,0.3919132281253614,0.3852760086292721,0.3983648763413707,5.75488121473503,5.472400700929313,6.0380990084500565,-1.4662007682960105,0.34016946001048076,-1.1260313082855298,1.0,1.0,1.0096035983488307
255,WICH,American Athletic,0.5243055555555556,1.06,13,16,0.3881645608747063,0.3823078620238788,0.3938912748478648,5.889513991391071,5.635003675273076,6.1433703200651015,-1.13101695531858,0.000588369717981152,-1.130428585600599,1.0,1.0,1.0230528450015146
256,UVU,WAC,0.483370288248337,1.28,16,15,0.4023188132422866,0.3980917389441688,0.4064930357973865,5.690726050544683,5.450163612962967,5.92953712240541,-1.8893562691699843,0.726698162023208,-1.1626581071467763,1.0,1.0,0.9431777774272784
257,HCU,Southland,0.5396551724137931,1.2,14,15,0.3965175286154686,0.3912506304399797,0.4017833506798384,5.760362439090166,5.53063113581031,5.985001198815557,-1.6499803081821312,0.48186999219574567,-1.1681103159863855,1.0,1.0,1.0530038326080902
258,LMU,West Coast,0.4651685393258427,1.11,13,15,0.3883597640786597,0.3815371320113165,0.3949484979268371,5.794050020854801,5.533580667135598,6.051975280060726,-1.407950711532814,0.22657257754675353,-1.1813781339860605,1.0,1.0,0.9076615582649049
259,MRST,Metro Atlantic,0.4677419354838709,1.22,12,14,0.3943233276469151,0.3887774882584228,0.3997047870698964,5.646697074901739,5.391607456471009,5.897434445009132,-1.815414556994178,0.6314486367478915,-1.1839659202462864,1.0,1.0,0.9126829055172664
260,RICE,American Athletic,0.5243055555555556,1.15,12,16,0.3873301613426846,0.3820750380065184,0.3925187041944897,5.71851209755512,5.429596754641829,6.005550395586521,-1.6551531762706961,0.39901698138077357,-1.2561361948899226,1.0,1.0,1.0230528450015146
261,WES,Atlantic Sun,0.5058365758754864,1.07,15,16,0.3846272214815919,0.3793292869406564,0.3899334687645389,5.877397285574597,5.626427859158182,6.134920893692202,-1.2968962374134572,0.03991839827942201,-1.2569778391340352,1.0,1.0,0.9870151909927771
262,CAN,Metro Atlantic,0.4677419354838709,1.17,11,16,0.394220976456215,0.3890093277986446,0.399282547189769,5.885950815338806,5.602129385784103,6.175767653033915,-1.5591975187295273,0.2937236574995943,-1.265473861229933,1.0,1.0,0.9126829055172664
263,NKU,Horizon League,0.4402730375426621,1.19,13,14,0.3949166724813259,0.3884687309459757,0.4014007443942238,5.869702267564025,5.6024960106607065,6.138385869494231,-1.6441531710368584,0.3581044268020577,-1.2860487442348008,1.0,1.0,0.8590841330266091
264,PSU,Big Ten,0.551255230125523,1.2,14,12,0.3894524906290131,0.3835625227704011,0.3953251424174138,5.7114810537967005,5.485148374606892,5.933592975426771,-1.8533677653679699,0.526307615189805,-1.327060150178165,1.0,1.0,1.0756384812751105
265,UNCO,Summit League,0.4194756554307116,1.18,15,16,0.392670324848032,0.3859768225178431,0.3992414018649939,5.9028461646322885,5.6599282646620965,6.1442315621117904,-1.657025385055198,0.30310792173099355,-1.3539174633242044,1.0,1.0,0.8185031765351799
266,NMSU,Conference USA,0.5587301587301587,1.26,15,13,0.3974190583443681,0.3919324976998393,0.4026751236747307,5.813569938935108,5.563079454118598,6.065178754046711,-1.9277666047453066,0.5738109602916976,-1.353955644453609,1.0,1.0,1.09022395894958
267,UTM,Ohio Valley,0.4645308924485126,1.19,13,12,0.3948082114858074,0.388351098085885,0.4011191875241031,5.943524322356553,5.680217746462105,6.207199920700517,-1.6472897903897532,0.2906870251650462,-1.356602765224707,1.0,1.0,0.9064173478134867
268,TXST,Sun Belt,0.5174129353233831,1.2,17,14,0.3876120113128772,0.3821745095811979,0.3931479271033029,5.688064949579368,5.450501758790735,5.922716382209813,-1.906351260832489,0.5475949826601072,-1.3587562781723819,1.0,1.0,1.0096035983488307
269,XAV,Big East,0.4932432432432432,1.12,17,13,0.384798095310343,0.3790248578073252,0.390438227427632,5.8423257735566665,5.625502788359793,6.0562631766086525,-1.5693382760628751,0.206935030380345,-1.3624032456825301,1.0,1.0,0.9624424115496617
270,CSUB,Big West,0.5132450331125827,1.13,17,20,0.3872719901982035,0.3821562481479111,0.3924072773213155,5.892553916105369,5.665754842955215,6.121946195600461,-1.5497492602258816,0.18564864342504173,-1.3641006168008398,1.0,1.0,1.0014709662047192
271,BRY,America East,0.4632152588555858,1.18,13,13,0.3824288362799628,0.3769589042909088,0.3876700466049572,5.67120937489606,5.397198680208892,5.943903877685614,-1.9545609856565962,0.5156187380027628,-1.4389422476538334,1.0,1.0,0.9038502136758422
272,WSU,Pac-12,0.5124911759125985,1.09,14,18,0.3805481209268064,0.3755095310795376,0.3855794068304775,5.887514780906849,5.645281306733575,6.129153452613994,-1.533117619027243,0.08457768236685403,-1.448539936660389,1.0,1.0,1.0
273,RICH,Atlantic 10,0.5073409461663948,1.27,17,16,0.3945387856717871,0.3888024240795859,0.4001617952590481,5.848554171710324,5.606706854817046,6.093354180449706,-2.05718880377982,0.565651954138862,-1.491536849640958,1.0,1.0,0.9899505981990174
274,PV,SWAC,0.4838056680161943,1.19,13,13,0.3909064945209884,0.3830886621414103,0.3986287580185308,5.980423739676652,5.695556235291113,6.267141995573379,-1.7601248319903025,0.256988927155823,-1.5031359048344795,1.0,1.0,0.9440273135526214
275,VAL,Missouri Valley,0.4766146993318486,1.17,12,14,0.3870483056377786,0.3800815065472003,0.3940994948890082,5.917197472138375,5.65657463429483,6.184765063552625,-1.768538141694646,0.2649248954723413,-1.5036132462223046,1.0,1.0,0.929995913555264
276,NDSU,Summit League,0.4194756554307116,1.11,16,14,0.3831595240557257,0.3778651223642137,0.3884349034856594,5.986900917798271,5.744906396893025,6.227350014415101,-1.5640400645118755,0.0437755188325637,-1.5202645456793118,1.0,1.0,0.8185031765351799
277,YSU,Horizon League,0.4402730375426621,1.13,13,17,0.3876932581518775,0.3821669659995588,0.3931407429906544,6.072579418522718,5.842980604579405,6.298057934937273,-1.537223296032132,0.016610612986216466,-1.5206126830459155,1.0,1.0,0.8590841330266091
278,WCU,Southern Conference,0.5426695842450766,1.3,17,14,0.4018655629289023,0.3969246543066267,0.4066635061602315,6.061849337584837,5.820866370350672,6.298547252315358,-1.9990155322057537,0.447389781611057,-1.5516257505946967,1.0,1.0,1.0588857130637208
279,NEV,Mountain West,0.4803149606299212,1.35,11,13,0.3940729484084265,0.3895230251953945,0.3986107522349429,5.702380645048724,5.425728498970007,5.981777655138949,-2.4444731574461174,0.8654732079615854,-1.578999949484532,1.0,1.0,0.9372160599148253
280,QUC,Atlantic Sun,0.5058365758754864,1.09,13,17,0.3740102200922403,0.3676182071342862,0.3801847784981979,5.8911749642057085,5.631081470303388,6.159194537193002,-1.7312358261353074,0.08107511461674832,-1.650160711518559,1.0,1.0,0.9870151909927771
281,BALL,Mid-American,0.4640122511485451,1.28,14,17,0.3813913679828466,0.3740582668172061,0.3885314205611763,5.633088937827022,5.402924473732695,5.863614875652343,-2.470674193043316,0.7772570328281736,-1.6934171602151422,1.0,1.0,0.9054053473648078
282,APP,Sun Belt,0.5174129353233831,1.35,16,15,0.38855356432238,0.3829234525865612,0.3940579099557018,5.7035792329238655,5.444282600573822,5.966213566064607,-2.593222515793472,0.8644531331742309,-1.728769382619241,1.0,1.0,1.0096035983488307
283,BYU,Big 12,0.5782227784730913,1.27,13,12,0.3934001792722193,0.3884946840304795,0.3983386226617612,6.123813857754136,5.861790895304078,6.393585131881013,-2.088956089524003,0.3231324069636976,-1.7658236825603053,1.0,1.0,1.1282589938128083
284,DEL,Coastal Athletic,0.4788273615635179,1.24,17,12,0.3762451746711377,0.3704604077678237,0.3817793892369677,5.7336308362828525,5.509931067631683,5.95780369291741,-2.4269944563293078,0.5992498719602324,-1.8277445843690754,1.0,1.0,0.9343133776125314
285,OAK,Horizon League,0.4402730375426621,1.19,13,15,0.3731211377140757,0.3677417733020789,0.3783489860899691,5.996186043379479,5.735091232338856,6.257493641483081,-2.2744654398005637,0.24259412925369794,-2.0318713105468658,1.0,1.0,0.8590841330266091
286,AFA,Mountain West,0.4803149606299212,1.45,14,16,0.3867560956882525,0.3815651835356682,0.391760114167742,5.783285008752928,5.524307750350248,6.039988848510165,-3.0671022359997617,0.9975141319042669,-2.069588104095495,1.0,1.0,0.9372160599148253
287,CSUN,Big West,0.5132450331125827,1.32,12,14,0.3836726679362638,0.3784094876326942,0.3888396973511171,6.164921181847211,5.852131589155738,6.477441399417347,-2.5910560276400916,0.40397589291099756,-2.187080134729094,1.0,1.0,1.0014709662047192
288,MORE,Ohio Valley,0.4645308924485126,1.42,12,16,0.3858469964063927,0.380541864437852,0.3910782352417559,6.083283087065729,5.812169608148875,6.352779878440133,-2.96695471085683,0.6910564351159545,-2.2758982757408757,1.0,1.0,0.9064173478134867
