Player,Team,Season,Has_Prior_Data,K%_alpha,K%_beta,K%_mean,K%_std,BB%_alpha,BB%_beta,BB%_mean,BB%_std,HR/FB%_mu,HR/FB%_tau,HR/FB%_mean,HR/FB%_std,BABIP_mu,BABIP_tau,BABIP_mean,BABIP_std,K%_p25,K%_p75,K%_p10,K%_p90,K%_p5,K%_p95,BB%_p25,BB%_p75,BB%_p10,BB%_p90,BB%_p5,BB%_p95,HR/FB%_p25,HR/FB%_p75,HR/FB%_p10,HR/FB%_p90,HR/FB%_p5,HR/FB%_p95,BABIP_p25,BABIP_p75,BABIP_p10,BABIP_p90,BABIP_p5,BABIP_p95,K%,BB%,BABIP,IP,FIP,Age,Changed_Team,Prior_IP,HR/FB%
Seth Tomczak,CSUF,2024,True,5.5123874607267975,22.1930925392732,0.19896379563634337,0.07451276762340324,3.0963682400569628,32.165151759943036,0.08781153620311782,0.046999698593062265,0.11749185237594394,173.30366972477063,0.11749185237594394,0.07596195272948236,0.3168499202043508,106.93749417651064,0.3168499202043508,0.09670189803898968,0.14447348913650412,0.24569412056251633,0.1084289260387751,0.29926996803372385,0.08984894132759966,0.33312081775506386,0.052882810898450934,0.11450299357226144,0.03437917009434978,0.15158928593781304,0.025790262262031686,0.17638090084175737,0.06625629385502882,0.16872741089685905,0.020142692933650883,0.214841011818237,-0.007454441081461413,0.24243814583334927,0.2516254811525457,0.38207435925615596,0.19292145138134928,0.44077838902735234,0.15778945248182719,0.47591038792687446,0.26573427,0.1048951,0.32954545,34.0,3.212006030363195,23.0,False,45.3,0.0
Conner Thurman,USD,2024,True,18.936767773185398,44.180352226814605,0.30002585309952984,0.057231263810077836,6.7305021451729425,73.60037785482706,0.08378474311712933,0.030722283698169962,0.09508575330510227,394.8110091743119,0.09508575330510227,0.05032750177569166,0.312932369086208,243.61919203125606,0.312932369086208,0.06406845493561301,0.25997717792146313,0.33778349750831993,0.22781432505756483,0.37501247138369537,0.20955557647123801,0.39775676883755673,0.061474369355669266,0.10237879307430425,0.04716462411686062,0.1249098247781966,0.03976802154653412,0.13958316592234102,0.061140369204423145,0.1290311374057814,0.030588464614515976,0.15958304199568857,0.01230437947394919,0.17786712713625535,0.26971885292123743,0.3561458852511785,0.23082534036144942,0.39503939781096653,0.20754913861218796,0.418315599560228,0.30128205,0.06410256,0.23655914,38.2,3.3204792197337465,24.0,False,103.2,0.027995520716685332
Phil Fox,PITT,2024,True,4.308402961577747,14.100757038422254,0.2340358257290255,0.09610412529036148,2.952028635312539,20.477811364687465,0.12599440010313934,0.06713862116502174,0.1413175245312678,115.1532110091743,0.1413175245312678,0.09318842543054823,0.35,71.05559767578302,0.35,0.11863172668152491,0.16296989930182176,0.29485069860227625,0.11702381335547461,0.36436465946465335,0.09389994351156311,0.4077408931256265,0.0757977216781747,0.16497171809833297,0.048815117323254754,0.21758738083822263,0.03632695785763685,0.25220783432149935,0.07846288674145115,0.20417216232108448,0.021891752030112482,0.26074329703242316,-0.011963795028066243,0.2945988440906019,0.2699841163052484,0.4300158836947516,0.1979673249480326,0.5020326750519674,0.154868174096378,0.545131825903622,0.32142857,0.02142857,0.26436782,36.2,2.7833278216212234,21.0,True,30.1,0.08771929824561403
Wyatt Lunsford-Shenkman,ECU,2024,True,8.026641866430447,30.01487813356955,0.21099687568820719,0.06530012534670653,3.925026728712363,44.49145327128764,0.08106799025274788,0.03882670086939307,0.10735097901034342,237.9577981651376,0.10735097901034342,0.06482612004954438,0.31962318917736693,146.83249752271442,0.31962318917736693,0.08252564114062452,0.16393124129107944,0.2526052262862781,0.13062819335048148,0.2981111688928723,0.1128123925452948,0.326640537968152,0.05242920928052841,0.10356495292770003,0.03622203815161848,0.13350442562771447,0.02838944260847018,0.15339338559015311,0.06362642549194503,0.1510755325287418,0.024272963372667614,0.1904289946480192,0.0007215003256587915,0.21398045769502805,0.2639604900996556,0.37528588825507825,0.2138623245760277,0.42538405377870614,0.18388058903071505,0.45536578932401883,0.3872549,0.10294118,0.37234043,46.1,2.9025650224418627,21.0,False,62.2,0.05482456140350877
Orlando Hernandez,FIU,2024,True,9.12281264336991,37.35878735663008,0.19626718192510395,0.05763907754626803,6.22179852752737,52.93660147247263,0.10517185264522655,0.03955227256547267,0.10178984034966274,290.7522935779816,0.10178984034966274,0.05864600395707953,0.3204602877856073,179.40948250363815,0.3204602877856073,0.07465816361051224,0.15487755334383072,0.23295523302107662,0.1253166587892109,0.27298158630437386,0.1093853054694488,0.29813287783202586,0.07637753871822368,0.12918513714794805,0.05797195138824179,0.15821102813757523,0.04850370361336844,0.1770501896962269,0.06223371179065375,0.14134596890867174,0.02663196216553264,0.17694771853379282,0.00532574803465008,0.1982539326646754,0.2701041216618547,0.3708164539093599,0.22478200132987045,0.41613857424134415,0.19765853658931984,0.44326203898189476,0.20408163,0.10204082,0.25742574,34.1,3.912441349649802,22.0,False,76.0,0.02579979360165119
Robert Cranz,OKST,2024,True,6.569471327321766,21.136008672678233,0.23711811985649647,0.07938320235335726,3.2646880343361397,31.99683196566386,0.09258500581756374,0.048133816985611165,0.12136073743850952,173.30366972477063,0.12136073743850952,0.07596195272948236,0.31518199677334985,106.93749417651064,0.31518199677334985,0.09670189803898968,0.1795243384768048,0.2879178203933199,0.13931343688137796,0.34346273962133084,0.11807663513243946,0.37806665717188476,0.056850420603057006,0.12016376505691856,0.03752917676220303,0.15787272416947357,0.028462603608964913,0.1829798787294123,0.0701251789175944,0.17259629595942463,0.024011577996216463,0.21870989688080256,-0.003585556018895833,0.24630703089591488,0.24995755772154474,0.380406435825155,0.1912535279503483,0.43911046559635136,0.1561215290508262,0.4742424644958735,0.31550802,0.06417112,0.19090909,49.2,3.575351189783063,21.0,True,45.3,0.11441647597254004
Bradley Mullan,ORE,2024,True,10.700135920815365,47.03490407918464,0.18533174863679602,0.05070101726413624,7.984145463556303,65.49681453644371,0.1086559765081499,0.03606009405782537,0.08870695411507049,361.1449541284404,0.08870695411507049,0.05262101541843365,0.3155538269081646,222.8454624782032,0.3155538269081646,0.0669881682191999,0.14908535928576283,0.21765029571567965,0.1228157280384993,0.2526275926889714,0.10852720506235666,0.27461112362730483,0.08259970111606202,0.13088425072071713,0.06515098665591049,0.15680241683989424,0.05595921403483404,0.1734898939055114,0.05321461857042701,0.12419928965971397,0.021270409425030293,0.1561434988051107,0.0021530860501905585,0.17526082217995043,0.27037099405990334,0.3607366597564258,0.2297050350538839,0.40140261876244526,0.2053680954499783,0.42573955836635086,0.19760479,0.13173653,0.25714286,38.0,4.719906294973272,23.0,True,94.4,0.024826216484607744
Dawson Hall,WKU,2024,True,6.927307243207251,32.887852756792746,0.17398667349841745,0.05933907441043057,4.58957324316883,46.08426675683117,0.09057085950401292,0.03992485150494704,0.10389340997943686,249.0522935779816,0.10389340997943686,0.0633657715404868,0.31785946685492045,153.67838567087952,0.31785946685492045,0.0806665726523882,0.13095352860433113,0.21114768490539523,0.10179260600933257,0.25343496823569767,0.08647491599163931,0.28027973018733643,0.061242453523060375,0.11414319563337544,0.04385096171483145,0.1443773944928336,0.03523990087958424,0.1642822025773549,0.06115384656211194,0.1466329733967618,0.02268690625978452,0.18509991369908918,-0.00033400916351122856,0.20812082912238494,0.2634506904174371,0.3722682432924038,0.2144810943851351,0.4212378393247058,0.18517476225389526,0.4505441714559456,0.20325203,0.04065041,0.23255814,32.0,5.095693778991699,20.99660120845921,False,65.1,0.14459224985540775
Evan Aschenbeck,TA&M,2024,True,9.499278744137895,30.254721255862105,0.23895152045424095,0.06679991962263286,4.170414316761835,46.42558568323817,0.08242577114320963,0.0382863615425419,0.09903061953457816,248.6697247706422,0.09903061953457816,0.06341449570880922,0.32447593777664197,153.44232056232212,0.32447593777664197,0.08072860001461163,0.1911364857162219,0.28204136178969225,0.1560341729183889,0.32769269128453116,0.1369425657884787,0.35605712102674386,0.05423280323704435,0.10475166378998597,0.03800098026026952,0.13408462870030444,0.03008225046405773,0.15351699268215174,0.056258192165132934,0.1418030469040234,0.01776167328073236,0.18029956578842396,-0.005276943733355258,0.2033381828025116,0.27002532451910716,0.3789265510341768,0.2210180740436926,0.42793380150959137,0.19168920724389335,0.45726266830939055,0.29391892,0.04054054,0.25396825,75.2,3.0903978778318897,23.0,False,65.0,0.09398496240601503
Griffin Herring,LSU,2024,True,4.567659579854409,16.287900420145593,0.21901399817863476,0.08846604097946546,2.893297624180698,23.650142375819307,0.10900236081610738,0.05938094965132366,0.0898242056510003,130.4559633027523,0.0898242056510003,0.08755239525374323,0.33197906956196704,80.49820201807977,0.33197906956196704,0.11145688722679174,0.1537860766021349,0.2746637061498441,0.11158856735498905,0.33875049081395364,0.09024543741130128,0.37899170711455354,0.06466499299725229,0.14299004597157142,0.04131217214525591,0.18989444312165252,0.030580960501777672,0.22102363970574382,0.030771012447234423,0.14887739885476617,-0.022378703553613974,0.2020271148556146,-0.0541866692304081,0.2338350805324087,0.25680254153873544,0.40715559758519865,0.18914132124574412,0.47481681787818997,0.14864880435825742,0.5153093347656766,0.33333333,0.06467662,0.31355932,50.1,2.360637383460789,21.0,False,34.1,0.043859649122807015
Ben Abeldt,TCU,2024,True,8.760373506834263,24.877626493165735,0.26043086707991747,0.07456915348157747,4.210340008179011,38.60165999182099,0.09834485677331148,0.044988293393831494,0.10865783504175787,210.4128440366972,0.10865783504175787,0.06893882496165685,0.3206233783022802,129.83580970658025,0.3206233783022802,0.08776124076366047,0.20696825102029548,0.30877445174211027,0.16762715634747957,0.3595918639429495,0.1462776941531451,0.39099706994043376,0.06519447528702521,0.1248252996333819,0.04585728816037645,0.15909982820981622,0.03638621368338019,0.18166925458744043,0.06215930421455854,0.1551563658689572,0.020309175985341363,0.1970064940981744,-0.004736441234196087,0.22205211131771183,0.26142932094270066,0.37981743566185977,0.20815282280747455,0.4330939337970859,0.1762689831264119,0.4649777734781485,0.29834254,0.08839779,0.27184466,44.1,3.270764194962747,20.0,False,55.0,0.025303643724696356
Danny Trehey,FAU,2024,True,2.3102909183151876,7.689709081684812,0.23102909183151876,0.12708431365866107,1.2956954489225003,8.704304551077499,0.12956954489225003,0.10125632547184632,0.14190008718741817,91.74311926605505,0.14190008718741817,0.1044030650891055,0.3118273124334943,42.457753337665224,0.3118273124334943,0.1534692939750275,0.13362220377400702,0.30985941129140926,0.08051136804858397,0.407758470865636,0.05680398613036473,0.4685116956480761,0.05175843575512014,0.1827955519964463,0.023219130027981972,0.2712371496730388,0.01315020066166019,0.3303669713790502,0.07148128989576215,0.2123188844790742,0.008102175674820189,0.27569799870001616,-0.029827673089247636,0.313627847464084,0.208313846677509,0.4153407781894797,0.1151484984767733,0.5085061263902153,0.05939278761298861,0.564261837254,0.35675676,0.14054054,0.22093023,44.1,3.806118895805497,23.0,False,11.0,0.08870490833826138
Izaak Martinez,UCSD,2024,True,19.983152640562388,62.70516735943761,0.24166838364308751,0.046795821457921834,9.737186873227996,95.50249312677201,0.09252391182896029,0.028112612812782038,0.10349389433198702,517.2330275229357,0.10349389433198702,0.04397004151650053,0.31527226429207605,319.16002676963,0.31527226429207605,0.05597521283636638,0.20883563476572287,0.2722408744977548,0.1829736157261824,0.30308468057076077,0.16836566339405323,0.3221143602436629,0.0723170530856266,0.10994184791299097,0.058464657257425466,0.12993898814932336,0.051069109318465866,0.1427899615580465,0.07383655201341124,0.1331512366505628,0.04714401878945469,0.15984376987451937,0.031169612066364316,0.17581817659760973,0.2775175569689028,0.3530269716152493,0.2435371426499385,0.3870073859342136,0.2232012324387982,0.4073432961453539,0.23921569,0.07843137,0.23214286,63.1,3.410458031968727,22.0,False,135.2,0.015571473061351605
Josh Blum,USC,2024,True,5.008013604629942,14.624346395370058,0.25508973982903443,0.09596746435328299,2.312573791065459,22.674066208934544,0.09255241165140486,0.0568498836534835,0.12745676635844458,122.8045871559633,0.12745676635844458,0.09023867405743426,0.3192284783739126,75.77689984693139,0.3192284783739126,0.11487660261910035,0.1846602678624408,0.31663812147915715,0.13704006098732557,0.3845942504364485,0.11251256198170567,0.42665218022962326,0.049930022091183524,0.12382584985287774,0.0295493902803209,0.1701648906728853,0.020689613553014203,0.20141430602535113,0.0665917056354201,0.18832182708146905,0.011811252347470796,0.24310228036941836,-0.020972643956217868,0.275886176673107,0.24174538736998108,0.39671156937784413,0.17200818844295962,0.4664487683048656,0.1302732819040224,0.5081836748438028,0.32846715,0.08029197,0.19178082,33.2,4.112037605515252,21.0,False,32.1,0.13670539986329458
Charlie Beilenson,DUKE,2024,True,12.185506004195437,38.69961399580457,0.23947091024243305,0.05924652529723367,5.326589413782878,59.43629058621713,0.0822475685729677,0.03387925828203433,0.09073941794004564,318.29724770642196,0.09073941794004564,0.056051024926530274,0.3220446975482003,196.40617031977231,0.3220446975482003,0.07135467563253538,0.19738494877164559,0.2778640804758867,0.16563707154198298,0.3178115702682743,0.14810612299516462,0.34257985489295595,0.0574785703157704,0.10240717312193662,0.04235087374944474,0.12777143024130597,0.03472784066685597,0.14442831851902,0.05293357613911589,0.1285452597409754,0.01890713919507135,0.16257169668501992,-0.001456313704705059,0.18293514958479634,0.2739167002054891,0.37017269489091154,0.23060000128239744,0.4134893938140032,0.20467670053407866,0.43941269456232196,0.36363636,0.07114625,0.26119403,62.2,3.0789757705479524,24.0,False,83.2,0.11278195488721804
Trey Yesavage,ECU,2024,True,19.458961408558743,42.92423859144126,0.3119263104258637,0.05819107754560916,7.592436088642253,71.80436391135775,0.09562647472747329,0.03279771679868007,0.11324588500535025,390.2201834862385,0.11324588500535025,0.05062268027027751,0.31513838020131585,240.78641072856703,0.31513838020131585,0.0644442262219094,0.27126501873971287,0.35040738290857554,0.2383922682778336,0.3881017960490601,0.21968458895425552,0.41107819496575576,0.07189057931801299,0.11570367145475768,0.05623374090196713,0.13945044336412032,0.04803630398136852,0.15481097820215112,0.07910140603559465,0.14739036397510585,0.04837030985291235,0.17812146015778815,0.029978985756779555,0.19651278425392094,0.27167141015532037,0.3586053502473113,0.23254978119631747,0.3977269792063142,0.209137060964127,0.4211396994385047,0.40389972,0.08913649,0.25862069,93.1,2.4809309657739123,20.0,False,102.0,0.05913660555884092
Alec Burnett,WAG,2024,True,2.433541445612793,7.566458554387207,0.2433541445612793,0.12938065925650533,2.1033483836247395,9.72833161637526,0.1777725888144997,0.106730025629908,0.1411440930877014,91.74311926605505,0.1411440930877014,0.1044030650891055,0.30168230900083964,42.457753337665224,0.30168230900083964,0.1534692939750275,0.14439368898783006,0.3245483330054197,0.0887824015040026,0.4229634131713186,0.06356088045744888,0.48361163758247344,0.0961703400552935,0.24060411262451342,0.05549333632643851,0.32597479938674484,0.03799538681575128,0.3808134422322002,0.07072529579604538,0.21156289037935744,0.0073461815751034165,0.2749420046002994,-0.03058366718896441,0.3128718533643672,0.19816884324485431,0.405195774756825,0.10500349504411863,0.49836112295756063,0.04924778418033393,0.5541168338213454,0.368,0.144,0.30357143,31.0,4.55763874361592,24.0,False,15.2,0.09074410163339383
Hagen Smith,ARK,2024,True,24.127451007708764,66.57282899229125,0.2660129715995227,0.04614347195337398,14.398494782954122,101.03822521704588,0.1247306297593532,0.0306205115246071,0.12972205736772618,567.3495412844037,0.12972205736772618,0.041983113781849754,0.32444226587932407,350.0845559906519,0.32444226587932407,0.05344579282670322,0.23380906685113215,0.29634909307861507,0.20789093343778672,0.32637917727600996,0.19311664355450386,0.3448063394565566,0.10295989859948261,0.1441528823176751,0.08704537695748674,0.16523220037042588,0.07830512663395814,0.1785642256700254,0.10140487744055267,0.15803923729489971,0.07591853217415954,0.1835255825612928,0.06066598039293428,0.1987781343425181,0.2883936264266095,0.36049090533203865,0.25594872641049016,0.392935805348158,0.2365317597030243,0.4123527720556238,0.48640483,0.10271903,0.28571429,84.0,2.0052290280659992,20.0,False,148.3,0.1004419445560466
Luke Craig,UNCW,2024,True,4.830305302371216,17.921214697628784,0.21230692728974662,0.08391022613971638,3.1352395721115234,25.82124042788848,0.10827419534803688,0.056771812434644964,0.13629401944986325,142.31559633027524,0.13629401944986325,0.08382503656493112,0.3176748187444829,87.81622038335973,0.3176748187444829,0.10671184517707157,0.15059799507142788,0.26501267804887313,0.11042414961694594,0.3256822910290485,0.08998488373581971,0.36386974551383316,0.06600184294006518,0.14101325222788746,0.04316171662700767,0.1854686454268139,0.03249703813301843,0.21490742522268338,0.07975489147700543,0.19283314742272106,0.028867912608242396,0.2437201262914841,-0.0015858959733034972,0.27417393487303,0.24569877294803694,0.38965086454092884,0.1809180864956538,0.454431550993312,0.14214945316629277,0.493200184322673,0.33480176,0.09251101,0.25619835,55.0,3.330323158610951,22.0,False,37.2,0.042789901583226354
Brett Sears,NEB,2024,True,6.715950187244142,29.490769812755854,0.18548905250859904,0.0637231023688675,4.25681787110063,41.82446212889937,0.09237629404175904,0.042199669740376596,0.10274368815205473,226.48073394495412,0.10274368815205473,0.06644837552289155,0.3188172979418042,139.75054426599183,0.3188172979418042,0.08459082216533409,0.13923489756250856,0.22551721553966003,0.10783947624321932,0.2708616551191561,0.09136534154624831,0.2995640991244883,0.06130213547688502,0.11715957358899703,0.04319715011325161,0.1493322091619361,0.03432400404422161,0.17055497452395646,0.05792493994468417,0.1475624363594253,0.01758666847279755,0.1879007078313119,-0.006554163331806875,0.21204153963591632,0.26176165543062685,0.37587294045298153,0.2104097973651154,0.427224798518493,0.17967777729634743,0.45795681858726095,0.24754902,0.04656863,0.23333333,104.0,3.897691477262057,24.0,False,59.2,0.08488964346349746
Ryan Johnson,DBU,2024,True,22.06144746256701,66.804032537433,0.2482566623459076,0.04557102540724711,8.810217081163145,104.29130291883688,0.07789654003910065,0.02509014636408271,0.11931138682020012,555.8724770642202,0.11931138682020012,0.04241431078939781,0.31846886319086615,343.0026027339293,0.31846886319086615,0.05399471985609547,0.21636159526398485,0.2781013568198949,0.19100117688808932,0.3079770998296703,0.17661522630608825,0.32637332772631766,0.05981018956737559,0.09329723327729747,0.04768420101695565,0.11133948019803654,0.041271325081609626,0.12300555753776364,0.09070336893112022,0.14791940470928003,0.06495526042655213,0.1736675132138481,0.049546053883612176,0.18907671975678808,0.2820499780832209,0.3548877482985114,0.2492718454281449,0.3876658809535874,0.22965545239933882,0.4072822739823935,0.35866983,0.03325416,0.32352941,106.0,2.593335288425662,21.0,False,145.3,0.06471095772217429
Ryan Gallagher,UCSB,2024,True,9.57735050713528,41.18544949286472,0.18866868074919588,0.05438011812172902,5.435322345569143,59.171877654430865,0.08412874022661782,0.03426996467146041,0.09530932129659872,317.5321100917431,0.09530932129659872,0.056118515649264296,0.32390066102402887,195.93404010265746,0.32390066102402887,0.07144059339470304,0.14966763325677207,0.2232545111279016,0.12174459308506871,0.26098886789475495,0.10666088155664553,0.28472738559535987,0.05908754838626558,0.10456860840454776,0.043708321392579935,0.13016540416439135,0.03593788303149959,0.14695366880415464,0.057457957694951545,0.1331606848982459,0.0233905497102449,0.16722809288295254,0.0030025772917733895,0.18761606530142405,0.2757147130313758,0.37208660901668195,0.23234585671561195,0.4154554653324458,0.20639134186718616,0.4414099801808716,0.27350427,0.07122507,0.21266968,89.0,3.273142844639468,21.0,False,83.0,0.03524436090225564
Carter Delaney,UCD,2024,True,4.854165434306705,22.667834565693294,0.17637400749606516,0.07136615939517345,3.587963136354725,31.440036863645275,0.102431287437328,0.0505161322313153,0.08941192959053451,172.15596330275227,0.08941192959053451,0.07621473862860093,0.3189610903705286,106.22929885083838,0.3189610903705286,0.09702370224970172,0.12391584119679815,0.22045356233189262,0.09057704473257368,0.27274134902079655,0.0737123081520911,0.30609823718021234,0.06500473413692448,0.1318236823923365,0.04403920580055218,0.17088723199537856,0.034018527189434204,0.1967065602247332,0.03800586957166981,0.1408179896093992,-0.008261188016521537,0.18708504719759056,-0.03595015966987819,0.2147740188509472,0.25351959767702825,0.38440258306402897,0.1946202128574902,0.443301967883567,0.15937130182484702,0.4785508789162102,0.18817204,0.10215054,0.2578125,44.1,4.37587158887394,22.0,False,45.0,0.04048582995951417
Michael Gillen,HALL,2024,True,3.826301804201922,12.197618195798078,0.23878687638242838,0.10333051071507092,1.4793094053568308,18.914770594643173,0.07253621665487389,0.0560762705128586,0.09204369472517045,100.23302752293579,0.09204369472517045,0.09988368947575399,0.32280048131049394,61.849058442043685,0.32280048131049394,0.12715500337175561,0.16190099040587028,0.3041495150734976,0.11326342255945857,0.37949498147404237,0.08918085922226486,0.4263827710022566,0.03044920740879444,0.10045118641763681,0.01468000171803226,0.1491574787156767,0.008813090680791846,0.1830576760968582,0.02467316996200615,0.15941421948833473,-0.03596240389485279,0.2200497933451937,-0.07225035418231811,0.256337743632659,0.23703573485009655,0.4085652277708913,0.15984478767259158,0.4857561749483963,0.11364911282943505,0.5319518497915529,0.25595238,0.08333333,0.27184466,39.0,3.759896469116211,20.0,False,26.2,0.050125313283208024
Cole Leaman,LEH,2024,True,3.0788721081623898,13.55664789183761,0.18507820063108277,0.0924786469767464,2.3908854260868204,18.78159457391318,0.11292420283721229,0.06721508402839753,0.09656632188021708,104.05871559633027,0.09656632188021708,0.09803039881358379,0.31542790319784547,64.20970952761787,0.31542790319784547,0.12479570745833922,0.11566287541651865,0.24119132617209255,0.0759593964770677,0.3117314849455834,0.05722504530564336,0.356791162415679,0.06239146789714678,0.15072085189272663,0.0374633764068649,0.20494453129972037,0.026493609576711145,0.24107280377978027,0.030445822672820685,0.16268682108761345,-0.02906468919029276,0.2221973329507269,-0.0646793351598055,0.25781197892023966,0.23125447764872697,0.39960132874696397,0.15549576893136488,0.4753600374643261,0.11015723115702131,0.5206985752386697,0.23786408,0.11165049,0.31007752,46.2,4.329644308674093,20.0,False,27.2,0.040176777822418644
Nico Rodriguez,RGV,2024,True,2.7933410158862433,8.888218984113756,0.23912397110370906,0.11977940951946554,1.5035827098230907,13.363857290176911,0.10113258972782742,0.07569025166123768,0.11545430298292038,91.74311926605505,0.11545430298292038,0.1044030650891055,0.3176762704155231,45.08843573446696,0.3176762704155231,0.14892493381593588,0.1483533968441576,0.3143108498121059,0.0953575463095048,0.404300329179299,0.07057164857587873,0.4600757994064121,0.04373694329102072,0.14040067676150342,0.02134987324471325,0.20556772014953326,0.012922339127103602,0.24996900166890731,0.045035505691264355,0.1858731002745764,-0.018343608529677605,0.24925221449551838,-0.05627345729374543,0.2871820632595862,0.2172279290080445,0.4181246118230017,0.12682128833508446,0.5085312524959618,0.072716552884873,0.5626359879461732,0.29251701,0.07482993,0.26666667,38.1,3.531762454424102,23.0,False,19.1,0.02891844997108155
Brooks Caple,LAM,2024,True,14.816494398331775,48.30062560166824,0.2347460466879948,0.05293158894511766,7.230149462321544,73.10073053767846,0.09000460921530479,0.03173395750961569,0.11365848827468131,394.8110091743119,0.11365848827468131,0.05032750177569166,0.31830125419874333,243.61919203125606,0.31830125419874333,0.06406845493561301,0.1973327941564936,0.269123794532383,0.16864645770594835,0.3045254911892927,0.1526583195301037,0.3264574173092091,0.06700609689248058,0.10933888228371792,0.05200939934808207,0.13243868140354567,0.04419814862375132,0.14742406390837118,0.07971310417400218,0.14760387237536043,0.04916119958409501,0.1781557769652676,0.030877114443528225,0.1964398621058344,0.2750877380337728,0.3615147703637139,0.23619422547398478,0.4004082829235019,0.21291802372472332,0.4236844846727633,0.26771654,0.07086614,0.21276596,97.2,4.132276903664423,21.0,False,103.2,0.08663634394628546
Dalton Pence,UNC,2024,True,6.429530991890349,23.049589008109653,0.21810457679504505,0.074800674345546,3.5690072617579927,33.949872738242014,0.09512563439415014,0.047272231112350044,0.11293093742656052,184.39816513761468,0.11293093742656052,0.07364134337553098,0.32483631449848455,113.78338232467578,0.32483631449848455,0.09374769108312984,0.16375859014258995,0.26560405465843595,0.12639348139405074,0.3183944349686484,0.10676278485362357,0.3514898879776767,0.06011823993814288,0.12249478885345369,0.0406408267501485,0.15915197132616596,0.03135112890316889,0.18345632008699173,0.06326060612909476,0.16260126872402628,0.018555758534841302,0.20730611631827972,-0.008198293318260386,0.23406016817138142,0.26160445775836483,0.38806817123860426,0.20469381422470792,0.4449788147722612,0.17063508480207223,0.47903754419489686,0.30081301,0.1097561,0.25185185,58.2,4.157191415438968,21.0,False,48.2,0.11198208286674133
Nate Knowles,W&M,2024,True,12.69261466829798,43.14646533170201,0.22730701631004632,0.05558868302861053,7.645321709890371,63.42259829010963,0.10757767653661977,0.0364985237424017,0.10940815330181113,349.2853211009174,0.10940815330181113,0.05350690523556683,0.31208977323982834,215.5274441129232,0.31208977323982834,0.06811593315535512,0.1878380102380747,0.26325235851131135,0.1581124803508254,0.30078961156681333,0.1416893125955784,0.3241159880911145,0.08117087724462821,0.13001764382688188,0.0636247938548708,0.1563454181670282,0.05441733484126438,0.1733215254583701,0.07331829415570823,0.14549801244791402,0.04083629512972388,0.17798001147389836,0.02139712615814031,0.19741918044548196,0.26614627450149986,0.3580332719781568,0.22479569246605163,0.39938385401360504,0.20004903353605843,0.42413051294359827,0.33532934,0.11676647,0.27380952,80.0,3.8189595222473134,20.0,False,91.3,0.06119951040391677
Tyler Bremner,UCSB,2024,True,9.60553046959272,24.09362953040728,0.28503768252955625,0.07663607164559326,3.453561616757542,39.43627838324246,0.08052167172359566,0.04107193285581588,0.10518466381450264,210.7954128440367,0.10518466381450264,0.06887623863467282,0.3234635790690058,130.07187481513768,0.3234635790690058,0.08768156644785928,0.23034711342019779,0.3351396580439271,0.18911693218283138,0.3866533045585897,0.16651455811236415,0.41826868174601173,0.050117068077021334,0.10400894929768881,0.03353962291928688,0.13610668797615372,0.025696902132583965,0.15753891959851904,0.05872834682335646,0.15164098080564883,0.0169162123634142,0.19345311526559109,-0.008106667114514063,0.21847599474351936,0.2643232612187881,0.38260389691922353,0.21109513031834884,0.4358320278196628,0.17924023648045795,0.46768692165755366,0.30232558,0.06104651,0.24285714,88.2,3.2931647909025217,20.0,False,55.1,0.07309941520467836
Hunter Entsminger,JMU,2024,True,5.479875720095749,26.506804279904248,0.17131742713203588,0.06560328261947936,4.295220512693139,36.415099487306854,0.10550692091570736,0.04756715816988864,0.11023030725881267,200.0834862385321,0.11023030725881267,0.07069592431616668,0.3241785158803838,123.46205177552993,0.3241785158803838,0.08999808218912106,0.12332861744014822,0.21196562916110956,0.09218521956087204,0.25962539477189983,0.07621689068805058,0.2900255658060693,0.0704650759382905,0.13365679711990983,0.04982224229030869,0.1697471377911779,0.039670725471520236,0.1934357790178713,0.06254663092692031,0.15791398359070502,0.01962983477380667,0.20083077974381866,-0.0060541402633208785,0.2265147547809462,0.26347573190651713,0.3848812998542505,0.20884133275490413,0.4395156990058635,0.17614484397293137,0.47221218778783625,0.18518519,0.0617284,0.31034483,39.0,4.145170891590608,20.99660120845921,False,52.3,0.04460303300624442
Brad Rudis,TA&M,2024,True,7.418271767166568,31.84644823283343,0.1889296999231516,0.061690320283342856,4.6957620615442695,45.27751793845573,0.09396545637076992,0.04086817097033561,0.12028037417375272,245.6091743119266,0.12028037417375272,0.06380837835129435,0.3328288354112206,151.55379969386277,0.3328288354112206,0.08123002471163816,0.14431296811289307,0.22786019482092423,0.11348838942201496,0.271395194788684,0.09716075460577753,0.29888492388627386,0.06396061392692344,0.11817923983809248,0.04603096127051599,0.14903033012343114,0.037121510953495564,0.16930235756644427,0.07724227699917112,0.16331847134833433,0.038506647002789246,0.20205410134471619,0.015324931612734405,0.22523581673477103,0.2780400163350462,0.387617654487395,0.22872837007279415,0.4369293007496471,0.19921733464692484,0.4664403361755164,0.23333333,0.08,0.30851064,35.1,5.171895748714233,21.0,False,64.2,0.15789473684210525
Zach Davidson,INST,2024,True,13.191368118142101,38.18303188185789,0.2567692881696351,0.060363419207208,7.013092989004906,58.372507010995086,0.10725745407253136,0.03797868435475264,0.08838239217655244,321.3577981651376,0.08838239217655244,0.05578347674055377,0.31616147506334036,198.29469118823164,0.31616147506334036,0.07101407857741551,0.21402820656995425,0.29609384752409257,0.18127560342994778,0.33642992611221917,0.16307105023596563,0.36132978847483244,0.0797091193756532,0.13049550737717716,0.061681123590670545,0.15807917154319667,0.052294564809334136,0.17590992913497333,0.0507570088847474,0.12600777546835748,0.01689299022817496,0.1598717941249299,-0.0033732618641105078,0.1801380462172154,0.26826320694325445,0.36405974318342627,0.22515327148674624,0.4071696786399345,0.19935371035066163,0.4329692397760191,0.37387387,0.09009009,0.25,56.1,3.669317541883412,23.0,False,84.0,0.13380909901873325
Gabriel Nard,DUKE,2024,True,3.073558009807883,13.439641990192115,0.18612734114574303,0.09300377195504873,2.335671831086268,18.681128168913734,0.11113356129792677,0.06698287304922543,0.10828454010087904,103.29357798165135,0.10828454010087904,0.09839280448137416,0.32385457015939845,63.73757931050302,0.32385457015939845,0.12525706100016065,0.11630600502764504,0.24259403385078296,0.07635452921919804,0.3135164112170877,0.05750567011797165,0.35879667179111774,0.060753661806165704,0.14863799520610355,0.03616711714405877,0.2028600912647841,0.025415995300890688,0.23904814716983155,0.04191960198514508,0.174649478216613,-0.017810912520549782,0.23437999272230786,-0.05355722121623632,0.27012630141799443,0.23936996637510471,0.4083391739436922,0.16333118753912707,0.48437795277966983,0.1178250390720024,0.5298841012467945,0.17435897,0.1025641,0.29496403,45.0,3.942923747168647,20.0,False,27.0,0.018796992481203006
Ryan Wiltse,SMC,2024,True,14.449202877373285,52.94911712262672,0.21438520837571745,0.04962260020292807,8.04977659124487,77.72990340875515,0.09384246468679841,0.03130347373799219,0.10957349179515852,421.5908256880734,0.10957349179515852,0.04870285540120003,0.3165568495392766,260.14374963027535,0.3165568495392766,0.06200023022034015,0.17924892318773744,0.2464608334394614,0.152603723145528,0.2798716827162456,0.1378093496289819,0.3006579311207755,0.0712252019638832,0.11305593823637239,0.05617034601673734,0.13562927580179768,0.04825022963560763,0.15021172338923108,0.07672391502176723,0.1424230685685498,0.04715827120925833,0.1719887123810587,0.02946442344560156,0.18968256014471546,0.2747383297458598,0.35837536933269337,0.23710035743627403,0.3960133416422792,0.21457554598952383,0.41853815308902936,0.27433628,0.08849558,0.25179856,55.1,4.088863065727634,22.0,False,110.2,0.0736105999263894
Vincent Bashara,ODU,2024,True,7.302611278943977,30.127308721056025,0.19510090534374577,0.06392424709941696,3.263755371179287,44.374324628820716,0.06851148012638811,0.036222816609825695,0.09723126941237453,234.1321100917431,0.09723126941237453,0.06535359920905585,0.3273022392645933,144.47184643714021,0.3273022392645933,0.08319713830555948,0.1488503609755156,0.23550640634666425,0.11686071504749136,0.28057621586948606,0.09992251233217966,0.30899133974292464,0.041689896387543265,0.08893720181374269,0.027444867857219533,0.11751363782442585,0.02078732168219207,0.13673203361488945,0.053150936607443605,0.14131160221730546,0.013477262032034643,0.18098527679271442,-0.010265835280973856,0.20472837410572292,0.27118662223184764,0.38341785629733893,0.22068081642027287,0.4339236621089137,0.1904551245707105,0.46414935395847606,0.23376623,0.03246753,0.27102804,38.0,2.9137268969887176,20.99660120845921,False,61.2,0.0
Xavier Martinez,USC,2024,True,8.637541942329255,30.68833805767074,0.219640143903436,0.0651945651715645,4.805852293092162,45.245267706907846,0.09601887616285432,0.041233989220543235,0.08371558210090922,245.99174311926606,0.08371558210090922,0.06375874133222915,0.2867499680099503,151.7898648024202,0.2867499680099503,0.08116683526239249,0.17278442148461975,0.2613705026331974,0.13914118649038915,0.3064627287822135,0.12101840359654453,0.3346450167057936,0.06576467771941195,0.12051755598548458,0.04756313146883741,0.15155863897104124,0.03848819366386774,0.17192590432743615,0.04071096458691739,0.12672019961490105,0.002005467329437724,0.16542569687238073,-0.02115821482926865,0.18858937903108708,0.23200376956961266,0.3414961664502879,0.18273048320913052,0.39076945281077,0.15324240464043135,0.4202575313794692,0.28712871,0.12871287,0.22018349,48.1,5.124806508575695,21.0,True,64.3,0.1588021778584392
Gabriel Barrett,SF,2024,True,3.027426829144449,14.770133170855551,0.17010347649590443,0.08665982897171443,2.11827923946066,20.533160760539342,0.09351631681962205,0.05986802048604232,0.10974940815819872,111.32752293577981,0.10974940815819872,0.09477607671704492,0.31733261187866846,68.69494659020883,0.31733261187866846,0.12065285551394218,0.10508631378942869,0.22209748644728902,0.06855040549178122,0.28872614225996596,0.05141655752520971,0.33161506369697435,0.04852324627109817,0.12607886970720766,0.027775279072703066,0.17539934168570423,0.01897054997749635,0.20875191291409598,0.04582391584875442,0.17367490046764303,-0.011711021334705349,0.2312098376511028,-0.0461433653780636,0.2656421816944611,0.23595349750262568,0.39871172625471124,0.16270975600734938,0.47195546774998753,0.11887632488450872,0.5157888988728282,0.23188406,0.04830918,0.27659574,51.1,4.017747432318199,21.0,False,29.1,0.054824561403508776
Tyler Stasiowski,CAL,2024,True,4.5025431178246516,15.19097688217535,0.2286306926250183,0.09231690960594566,2.190164855885809,22.874315144114195,0.08738122059128331,0.055313255711233925,0.10020334324662607,123.18715596330276,0.10020334324662607,0.09009844293299031,0.3254113429042471,76.01296495548881,0.3254113429042471,0.11469808409225095,0.1605145309083784,0.2869565213276323,0.11626020702314725,0.35364239671015485,0.09387858786957948,0.39535163504717497,0.04589895111796838,0.11743659806820972,0.026598118918537885,0.1628940116831124,0.018338112983697266,0.19369992845265316,0.03943286697969751,0.16097381951355463,-0.015262457347278505,0.21566914384053065,-0.04799540739438328,0.2484020938876354,0.24804866081689558,0.40277402499159864,0.17841983367085668,0.47240285213763755,0.13674978328072318,0.514072902527771,0.36,0.08,0.2875,37.1,3.100545365348154,22.0,False,32.2,0.09511731135066583
Tim Cunningham,SJU,2024,True,8.7966333861059,41.476886613894095,0.1749754818462264,0.053061003592892106,6.243808588261542,57.740671411738454,0.09758317311106603,0.03681173070623312,0.09243620406232919,314.4715596330275,0.09243620406232919,0.05639093722916433,0.3140421918810088,194.0455192341981,0.3140421918810088,0.07178739442991246,0.13680117888065416,0.20849930658732085,0.10996768869331643,0.24567181529170243,0.09558913681463548,0.2691673804817581,0.07078880889753575,0.11987172352331539,0.053722530697762894,0.14693617801439,0.044949879638217824,0.1645379907421085,0.05440109489730722,0.13047131322735117,0.020168310173766357,0.16470409795089203,-0.00031863356625455586,0.18519104169091294,0.26562233014474956,0.362462053617268,0.22204294416298676,0.40604143959903083,0.19596243578357136,0.4321219479784462,0.22404372,0.07650273,0.31623932,40.2,4.079568590268241,23.0,False,82.19999999999999,0.044228217602830605
Daniel Eagen,PRES,2024,True,5.739712229385964,20.681407770614037,0.21723955038189008,0.07874831865301342,3.8765681950913256,29.75031180490868,0.11528182796296667,0.05427204921124339,0.12290214964507985,165.2697247706422,0.12290214964507985,0.07778634188319117,0.32289872078628695,101.98012689680486,0.32289872078628695,0.09902440144478897,0.15976036606428584,0.2670717386755162,0.12099890124026652,0.32313099127373557,0.10086777434506855,0.3583150542083751,0.07513890400049922,0.14731008850593674,0.051953599321299705,0.18877922920917795,0.04070720464945453,0.21598381978875905,0.07043605933961923,0.17536823995054046,0.023214941426688687,0.222589357863471,-0.005044996928774345,0.25084929621893404,0.2561077769924747,0.3896896645800992,0.19599384408760068,0.4498035974849732,0.16001807491312722,0.48577936665944665,0.38125,0.0875,0.2721519,77.2,3.33679966459039,21.0,False,43.2,0.0962772785622593
Joey Mundt,ORST,2024,True,3.650263818562352,10.416536181437648,0.2594949681919379,0.11293224606989898,1.28352199476044,16.619678005239564,0.0716923228674449,0.05933550355535739,0.10198455396495193,91.74311926605505,0.10198455396495193,0.1044030650891055,0.3141038495922239,54.29497496820628,0.3141038495922239,0.1357126032916851,0.17521520009535246,0.33171815843476027,0.12153159147621942,0.41357372183684293,0.09503505347221358,0.4639715964758539,0.027211266244095676,0.10021180636595436,0.012049363850187107,0.15280187832454561,0.006776015806334996,0.18969149926506992,0.031565756673295906,0.17240335125660794,-0.031813357547646054,0.2357824654775499,-0.06974320631171388,0.27371231424161774,0.2225670896995553,0.40564060948489256,0.14018115037963158,0.4880265488048163,0.09087648184486938,0.5373312173395784,0.275,0.1,0.22857143,30.1,3.7392816599088223,25.0,False,23.0,0.037064492216456635
Bryson Van Sickle,UTAH,2024,True,12.888666816398885,46.68117318360112,0.21636228696264562,0.05290786450824844,6.012112933380497,69.80404706661952,0.07929856818626128,0.03082945061068393,0.1049106835914326,372.62201834862384,0.1049106835914326,0.05180429204648049,0.3253198862760386,229.92741573492577,0.3253198862760386,0.06594845429133478,0.17879070794289922,0.2504977275529584,0.15059134774041158,0.2863072772415763,0.13502131119261002,0.3086074283494255,0.056839472540298024,0.09778422577462569,0.042786732521187,0.12063801109975017,0.03561104245091233,0.13559621814226963,0.06996921958991711,0.1398521475929481,0.03852081201733584,0.17130055516552936,0.01970020592712586,0.19012116125573936,0.28083832981525847,0.3698014427368187,0.24080354143373198,0.4098362311183452,0.2168443320430932,0.433795440508984,0.17424242,0.0530303,0.25,94.1,4.423551436260895,23.0,False,97.4,0.0624442462087422
Cole Wisenbaker,KSU,2024,True,1.9828508301770933,9.025949169822907,0.1801150743202795,0.11089237262686273,1.268370446129631,12.74282955387037,0.09052546863435186,0.07405816655760229,0.10119382860131547,91.74311926605505,0.10119382860131547,0.1044030650891055,0.3178319567364635,42.49171954033536,0.3178319567364635,0.15340794306553013,0.09503446534145618,0.24525295964281826,0.053548039482388954,0.3345387925668985,0.03600865396667017,0.3917977074328092,0.034542967325935425,0.1270683653331894,0.01521214690047828,0.1926076179914081,0.008510437741780936,0.23791912089489703,0.030775031309659445,0.1716126258929715,-0.032604082911282514,0.23499174011391344,-0.07053393167535034,0.2729215888779813,0.21435987154009933,0.4213040419328276,0.12123176713385642,0.5144321463390705,0.06549834518196129,0.5701655682909657,0.19078947,0.09210526,0.27368421,33.2,5.520596651006783,20.0,False,18.0,0.08055853920515574
Ben Moore,ODU,2024,True,3.3179160957535343,13.929203904246464,0.1923750803469527,0.09227458453373352,2.0026471986511214,19.948232801348876,0.0912331167885352,0.06010392459631793,0.09719498299534574,107.88440366972475,0.09719498299534574,0.09627658282448835,0.31965579969719654,66.57036061319205,0.31965579969719654,0.12256304585785838,0.12333318582949926,0.2488510603109283,0.08275834802209668,0.31847770177971296,0.06331640365800081,0.362774186100793,0.04602808441782954,0.12357989519617679,0.02574502970606701,0.173482581635088,0.017284158709726195,0.20734612415706227,0.03225741469632422,0.16213255129436727,-0.026188422448661694,0.22057838843935318,-0.06116590345400774,0.2555558694446992,0.23698828151325874,0.40232331788113435,0.1625849364001435,0.4767266629942496,0.11805752918767859,0.5212540702067145,0.27659574,0.07801418,0.22891566,37.0,3.9130156594353753,20.0,False,28.2,0.061919504643962855
Chase Burns,WAKE,2024,True,27.44774619828691,65.57661380171308,0.2950597692721231,0.04703389598739931,9.754666866877747,108.63997313312225,0.08239111894658194,0.02516382112767421,0.1135295287913161,581.8871559633027,0.1135295287913161,0.041455352700495406,0.3143721067937387,359.05503011583374,0.3143721067937387,0.0527739367666066,0.2623723998587399,0.3261514694972775,0.23560254035780126,0.35643288096058895,0.2202370074495112,0.37491880923955906,0.06430131288591687,0.09794013873850421,0.05195311134496645,0.11588148153279351,0.045368206807159625,0.12743534577036156,0.0855683183040685,0.1414907392785637,0.060402356637792635,0.16665670094483956,0.04534154154535372,0.18171751603727848,0.2787766273671664,0.34996758622031104,0.24673958551054231,0.38200462807693514,0.22756670549467822,0.40117750809279923,0.48849105,0.07672634,0.31578947,100.0,2.7851459693908693,21.0,True,152.1,0.2219403931515536
Ryan Verdugo,CSUB,2024,True,12.325884878843533,53.84923512115646,0.18626161733962152,0.04750068363566673,8.570502659706026,75.65237734029398,0.1017597909226807,0.032749618536237805,0.11684099704667057,413.9394495412844,0.11684099704667057,0.04915091318589205,0.3226635765131648,255.42244745912697,0.3226635765131648,0.06257062153670302,0.15243965378517674,0.21666285215137696,0.12751225082668324,0.2491565542528952,0.11383648673893415,0.26953012671683885,0.07814140076627328,0.12197675936413654,0.062196934389785644,0.14543381537502992,0.05375661718812882,0.16053169661417963,0.08368920989000894,0.1499927842033322,0.05385156730534388,0.17983042678799727,0.03599493922487909,0.19768705486846205,0.2804603336232604,0.3648668194030692,0.24247609852570434,0.40285105450062525,0.21974406273791092,0.4255830902884187,0.24734043,0.10638298,0.2699115,89.1,4.339091181632909,21.0,False,108.2,0.056960583276372746
Braylon Myers,ALA,2024,True,4.6801798021640755,19.906140197835924,0.1903570685716315,0.07761172833304741,2.72172097246337,28.569959027536633,0.08697906192519449,0.0495909477447117,0.14733942676826586,153.79266055045872,0.14733942676826586,0.08063659763323891,0.3270872281241131,94.8981736400823,0.3270872281241131,0.10265286452429569,0.13320974180827155,0.23854027181267393,0.09681481902069872,0.2952891978897324,0.07844422412827072,0.33132051626257547,0.04999496347467578,0.11470723353014926,0.03125988314574213,0.15442022227738272,0.022795612559933443,0.18110928955633562,0.09295086817396059,0.20172798536257114,0.04399946883119853,0.2506793847053332,0.01470402668620635,0.2799748268503254,0.2578489231742087,0.3963255330740175,0.1955322888853642,0.458642167362862,0.15823829159436725,0.495936164653859,0.22137405,0.07633588,0.21686747,33.0,5.459774482611454,20.99660120845921,False,40.2,0.17740981667652275
Luke Holman,LSU,2024,True,13.987599806131481,47.172400193868526,0.22870503280136492,0.053271215550736974,7.381579230892118,70.45842076910789,0.09483015455925126,0.03299627847224221,0.13032112485764602,382.5688073394495,0.13032112485764602,0.05112640093827923,0.33344489947026323,236.06510855741865,0.33344489947026323,0.0650854780977097,0.1909829513157611,0.2632242701211091,0.1622870284490592,0.2990096893931455,0.14635031347507893,0.3212187138218693,0.07093118520179233,0.11499120917904541,0.055250634960725846,0.13893967311165178,0.047062264193372644,0.1544468421091614,0.09583689146036134,0.1648053582549307,0.06480000569453336,0.19584224402075867,0.04622567884134228,0.21441657087394977,0.28954541160674646,0.37734438733378,0.2500345031199246,0.4168552958206019,0.22638881475937483,0.44050098418115163,0.33687003,0.08753316,0.25628141,91.2,3.2246229550511383,21.0,True,100.0,0.07702182284980744
Luke Delongchamp,BRY,2024,True,2.8134235091103936,13.822096490889606,0.1691214647399296,0.08926351833167603,2.0020094731809697,19.17047052681903,0.09455715500408877,0.06213990473494468,0.12772757047168612,104.05871559633027,0.12772757047168612,0.09803039881358379,0.324471847317022,64.20970952761787,0.324471847317022,0.12479570745833922,0.10192681062299844,0.22238408082914896,0.06504508615791693,0.29159758765827926,0.048010926054277314,0.3362087721213608,0.047783249195811006,0.12811063912279685,0.026734005626253412,0.17965744709299786,0.017949325807681406,0.21456848430370762,0.06160707126428973,0.19384806967908252,0.0020965594011762845,0.2533585815421959,-0.033518086568336464,0.28897322751170873,0.2402984217679035,0.4086452728661405,0.1645397130505414,0.4844039815835026,0.11920117527619783,0.5297425193578462,0.21146953,0.06451613,0.29032258,65.1,4.940531910860951,21.0,True,27.2,0.06888950124001103
Connor Wietgrefe,MINN,2024,True,7.203654244917111,19.82906575508289,0.2664790759093835,0.08350359836752483,3.4419884714798408,30.963291528520166,0.10004244905083871,0.050427699165799915,0.10536289619506545,169.0954128440367,0.10536289619506545,0.0769013717654995,0.31641554573450315,104.34077798237905,0.31641554573450315,0.09789780731425975,0.20619150963286406,0.3205747374667033,0.16274432670573433,0.37800163497622746,0.13949486983834042,0.4134344406371239,0.06263910972262288,0.12922711751252736,0.0419745133049609,0.168421401964556,0.0321721347812131,0.1943883316132502,0.05349370916321768,0.1572320832269132,0.006809822816462238,0.20391596957366864,-0.021128604070959928,0.23185439646109082,0.25038447813436393,0.38244661333464236,0.19095445750752993,0.44187663396147636,0.15538798230304665,0.47744310916595967,0.21511628,0.0755814,0.34188034,78.0,3.522691477262057,22.0,False,44.2,0.011198208286674132
Steven Graver,ARMY,2024,True,5.997768554404977,28.985751445595024,0.17144554219829727,0.06283068656562955,4.240882312839844,40.28359768716016,0.09524832884830645,0.043508176572483084,0.11419488316115978,218.82935779816512,0.11419488316115978,0.06760007956223955,0.31615196436001075,135.02924209484345,0.31615196436001075,0.0860569767675037,0.12564139587986312,0.21052957209664677,0.0954080930456675,0.25584057189621534,0.07975444294785215,0.2846974557379457,0.0632016108881166,0.12083085454560458,0.04451227659010863,0.1539850122120027,0.03535348071347743,0.17583567082316642,0.06859932238398958,0.15979044393832997,0.027561895367232137,0.20082787095508742,0.003002647111001955,0.2253871192113176,0.2581074155974672,0.3741965131225543,0.20586551105758108,0.4264384176624404,0.1746008339995037,0.4577030947205178,0.1773399,0.08374384,0.29577465,48.2,5.290113951041834,20.99660120845921,False,57.2,0.08950948800572861
Harrison Kreiling,OMA,2024,True,12.537313619806747,34.00544638019325,0.26937194141058135,0.06434016292970898,7.790410821145733,51.44582917885426,0.13151426932475346,0.043545056098361554,0.09608085376100643,291.13486238532107,0.09608085376100643,0.05860745909326585,0.3038255445911787,179.64554761219557,0.3038255445911787,0.07460909481545752,0.22378660609234116,0.31138319886616284,0.18880596005403075,0.3543116780999919,0.16937929436810176,0.38074555186491804,0.10003557973715588,0.15852356572507362,0.07879309776947217,0.18968255793624217,0.06759010536901452,0.20964324851559274,0.056550723317562474,0.1356109842044504,0.020972372807440465,0.1711893347145724,-0.00031983789496194126,0.19248154541697482,0.253502474866745,0.35414861431561245,0.2082101423265636,0.39944094685579384,0.18110450438040715,0.4265465848019503,0.30841121,0.10747664,0.30701754,48.2,4.551368602477804,22.0,False,76.1,0.045372050816696916
Caden Kratz,WIU,2024,True,8.360171532064092,34.63530846793592,0.19444303289704148,0.05966783665886354,7.24472404715697,47.47679595284304,0.13239259521952182,0.04540273294453472,0.12720765790820196,268.9458715596331,0.12720765790820196,0.06097721134036336,0.3136991040817607,165.95377131586534,0.3136991040817607,0.07762586218309721,0.15147166282922653,0.23230607572632087,0.1211702834421211,0.2739989015220807,0.10494973918871081,0.3002413946550912,0.09949693449788587,0.16046614697810985,0.07755337756722076,0.19312485851681288,0.06605227795571937,0.2140782322331704,0.0860791538635866,0.1683361619528173,0.049062217252415344,0.2053530985639886,0.02690907067361885,0.22750624514278506,0.261341255689128,0.3660569524743934,0.21421755887426308,0.41318064928925835,0.18601592312465814,0.4413822850388633,0.2392638,0.09815951,0.27722772,35.2,4.763306662700867,24.0,False,70.30000000000001,0.07591093117408906
Chris Cortez,TA&M,2024,True,8.941834890860711,43.16648510913929,0.17160090539976555,0.05173665110350813,7.701124684589382,58.618555315410624,0.11612125819348618,0.0390464171168867,0.09666369309303031,325.94862385321096,0.09666369309303031,0.05538924228298056,0.3311913422299103,201.1274724909207,0.3311913422299103,0.07051220600898027,0.13439461409439563,0.20427298244750688,0.10822717502310747,0.2405144047769559,0.09419522738974337,0.2634340328540206,0.08787936084333701,0.14020464275435843,0.06900828324640121,0.16828913100501589,0.05908739903426476,0.1863556586967689,0.05930421690203251,0.13402316928402813,0.0256795229309474,0.16764786325511322,0.0055564970297758975,0.18777088915628473,0.28363158201313854,0.3787511024466821,0.24082631422909828,0.42155637023072234,0.21520908443168973,0.4471736000281309,0.36690647,0.13309353,0.29508197,64.2,4.104885402482405,21.0,False,85.2,0.14279885760913913
Sean Hollister,PRES,2024,True,3.109991401582404,14.137128598417593,0.18031946212367075,0.09000081647311917,2.2758281351501384,19.67505186484986,0.10367821860217626,0.06363207232935446,0.11324103150667894,107.88440366972475,0.11324103150667894,0.09627658282448835,0.3230120326755379,66.57036061319205,0.3230120326755379,0.12256304585785838,0.11282303262624542,0.23478408654213737,0.0742604431280031,0.3034970038056104,0.056045687038975486,0.3474911625028574,0.05584760098688315,0.13895828205895827,0.032901047636679594,0.19075426938516377,0.022948862071797017,0.22549360013577227,0.048303463207657424,0.17817859980570044,-0.010142373937328489,0.23662443695068636,-0.04511985494267454,0.2716019179560324,0.2403445144916001,0.4056795508594757,0.16594116937848485,0.48008289597259096,0.12141376216601996,0.5246103031850559,0.22279793,0.0880829,0.325,42.0,5.684643550146194,21.0,False,28.2,0.12531328320802004
Tyler Davis,MSST,2024,True,18.52628563434944,64.28435436565056,0.22371866265433332,0.045520927405169616,10.912317575752542,94.48304242424747,0.10353698280220819,0.02953606242192715,0.10648754214393324,517.9981651376146,0.10648754214393324,0.043937555334365976,0.3147867166780493,319.6321569867448,0.3147867166780493,0.05593385692910529,0.19169417980041742,0.253330157311504,0.16678426805656807,0.2835590663922959,0.15278414730194612,0.3022798276057692,0.08237586696022034,0.12198590681423008,0.06755934061038645,0.14277574308159346,0.05957525141838877,0.15606464782357385,0.07685211142223022,0.13612297286563627,0.050179299318974024,0.16279578496889247,0.034216694892820365,0.17875838939504612,0.2770599034904337,0.3525135298656649,0.24310459476360674,0.38646883859249187,0.22278370923882573,0.4067897241172729,0.27333333,0.09333333,0.29347826,35.1,3.077556050702234,22.0,False,135.4,0.028296547821165814
Logan Berrier,MD,2024,True,16.989840198546243,62.82395980145374,0.21286845380806635,0.04553407805000245,11.141889934750946,90.43931006524905,0.10968456697450854,0.03085395386211191,0.08491130770963151,499.25229357798156,0.08491130770963151,0.04475483554774278,0.30853126345613846,308.0649666674313,0.30853126345613846,0.05697427973319908,0.18075196754634743,0.24238411888984676,0.15605320408780107,0.27281900303313006,0.14223935721921457,0.2917216350706256,0.08759490445905477,0.12900339947227094,0.07204340644051208,0.15065874303925605,0.06364544013414329,0.16447652592803738,0.054724629860967766,0.11509798555829526,0.02755567814773062,0.1422669372715324,0.011296154135310127,0.1585264612839529,0.2701026957512913,0.3469598311609856,0.23551578606828116,0.38154674084399576,0.2148169127940382,0.4022456141182387,0.22754491,0.08982036,0.29090909,41.2,3.451306875793456,23.0,True,130.5,0.0
Blayze Berry,UAB,2024,True,9.327710989110857,40.33420901088914,0.18782421197389987,0.05487316174001041,4.739350386792136,58.46672961320787,0.07498250780292237,0.03286751543816177,0.11945219560696971,310.645871559633,0.11945219560696971,0.056737109524274805,0.31836462803830956,191.68486814862393,0.31836462803830956,0.07222808238990884,0.14843600160589335,0.22268829433660842,0.12034449785086139,0.26083777214613174,0.10519960741965133,0.28485195014274406,0.05087885960951456,0.09429181749080535,0.03661423204527351,0.11921605721120289,0.029538247356661176,0.13569088655210754,0.08118359677709386,0.15772079443684556,0.046740664071659874,0.19216372714227953,0.02612795522322338,0.21277643599071605,0.2696475267899979,0.3670817292866212,0.2258006159752375,0.41092864010138164,0.19956000475151825,0.43716925132510087,0.25063291,0.06329114,0.29032258,92.2,4.5860183060524,20.99660120845921,False,81.2,0.12145748987854252
Mason Olson,BYU,2024,True,10.194036882834027,39.40672311716597,0.20552178802974044,0.056805633914134464,4.679765830664803,58.44847416933519,0.07413109934103665,0.03271525488279693,0.10430840222183962,310.26330275229355,0.10430840222183962,0.05677207847029068,0.32703136391616666,191.44880304006648,0.32703136391616666,0.07227259893181766,0.16488726132297582,0.24188007715190593,0.13531993787605523,0.280951566928627,0.11924263248666575,0.30541161369775865,0.050131490103841235,0.09332209041208356,0.035979644488238316,0.11816651329361508,0.028972283287006857,0.13460095689229248,0.06601621719630091,0.14260058724737834,0.0315520561790177,0.17706474826466156,0.010926643040408412,0.19769016140327084,0.2782842367166234,0.37577849111570993,0.23441030160911874,0.4196524262232146,0.2081535174339573,0.44590921039837605,0.29878049,0.07926829,0.3125,38.1,3.0485346981978814,22.0,False,81.1,0.02712967986977754
Dominic Cancellieri,CREI,2024,True,16.826211445907266,65.18934855409273,0.2051587704321871,0.044320585200246315,10.329836241735409,94.05360375826459,0.09896048876848099,0.029088186635156818,0.12112196994292773,513.0247706422018,0.12112196994292773,0.04415001267120735,0.3248684508997991,316.56331057549835,0.3248684508997991,0.056204321641854786,0.17387824383270933,0.23384041129426808,0.14991519952864898,0.26353379996151227,0.13653066351223891,0.2820030020620532,0.07808790461284404,0.1170642465658999,0.06361388998621523,0.13763786259865327,0.05584771012180667,0.15081997153179091,0.09134323892517124,0.15090070096068423,0.06454145208532801,0.17770248780052744,0.048501661470738866,0.1937422784151166,0.28695921203564423,0.36277768976395397,0.25283971450930787,0.39689718729029033,0.23242056859684712,0.4173163332027511,0.23333333,0.09333333,0.29591837,35.0,3.502753611973354,20.99660120845921,False,134.1,0.026581605528973953
Dominic Castellano,UCF,2024,True,5.858279650449471,19.951240349550527,0.2269813483725955,0.08089944701306695,2.948407405543516,29.900072594456486,0.08975780326954294,0.04912980091890824,0.1146512165024256,161.44403669724772,0.1146512165024256,0.07870258480645503,0.3241364289183386,99.61947581123067,0.3241364289183386,0.10019080681696184,0.16799363841160792,0.2784088130460519,0.12781804400959068,0.33569712892442494,0.10687246789152784,0.3715271282784577,0.053185656401648476,0.11754516261720944,0.03409408056863706,0.15650100452421814,0.025315860974112116,0.1825679289345972,0.06156712973653381,0.1677353032683174,0.013789795731306467,0.21551263727354475,-0.014803015566927785,0.244105448571779,0.25655875665642214,0.39171410118025507,0.19573674358888454,0.45253611424779266,0.15933721693826464,0.48893564089841257,0.28333333,0.10416667,0.21167883,60.1,4.17214751090618,16.0,False,42.2,0.09266123054114159
Will Grimmett,MORE,2024,True,3.847914988270457,21.350005011729543,0.1527076436575105,0.0702770667390861,3.0702628495219573,28.999817150478048,0.09573605209347644,0.051164383152755545,0.13346065019246994,157.61834862385322,0.13346065019246994,0.07965198686722935,0.32794212988074073,97.25882472565648,0.32794212988074073,0.10139942478925064,0.10059545672611099,0.19505263939650275,0.06972979657930296,0.24811335330882087,0.054678472317574986,0.2824104645834227,0.057667241025153984,0.12492595152957785,0.03743278516670452,0.1652400968829319,0.0280434625156546,0.19210423632078655,0.07973620146777083,0.18718509891716906,0.03138252172403422,0.23553877866090567,0.0024447907000167135,0.2644765096849232,0.2595492571846127,0.39633500257686877,0.19799353829675462,0.45789072146472687,0.1611549182453488,0.4947293415161327,0.17142857,0.04285714,0.23469388,34.2,6.078367720976386,20.99660120845921,False,41.2,0.15182186234817813
Grant Cunningham,WASH,2024,True,6.011394039069457,26.464565960930546,0.1851028896164873,0.06712610810759762,3.009675149636475,38.32336485036353,0.07281523811547552,0.03993507931180294,0.10582410206978511,203.14403669724769,0.10582410206978511,0.07016135389124488,0.3172759694589302,125.3505726439893,0.3172759694589302,0.08931755762559987,0.13617664721337983,0.22709186160483066,0.10359511528580281,0.27526725159276794,0.08668405707650799,0.3058141720367584,0.043169016150383016,0.09518396272418246,0.027787572082799344,0.12693138218559774,0.020705805521773982,0.14831720704366375,0.05850098801026047,0.15314721612930976,0.015908709149731498,0.19573949498983872,-0.00958105535005481,0.22122925948962502,0.25703219232791524,0.3775197465899452,0.20281091365322265,0.43174102526463776,0.17036166084801516,0.46419027806984525,0.26540284,0.07582938,0.28571429,50.1,3.7849115202643455,20.0,False,53.1,0.07683442182097579
Brennan Stuprich,SELA,2024,True,17.66652291899967,71.26011708100032,0.1986640102336001,0.04207486582322958,9.605566591569433,103.57379340843056,0.08487030313273934,0.026081069650019377,0.10191675757025141,556.2550458715597,0.10191675757025141,0.04239972289187624,0.3152709199015076,343.23866784248673,0.3152709199015076,0.05397614901466703,0.16899190578675985,0.22588572083633623,0.14622108681730434,0.25405469553294596,0.1334851351289438,0.2715837381320557,0.06611434571138768,0.10098456896045663,0.05332706702309622,0.11958930041745901,0.04651358699334116,0.13156956176363,0.07331857906852672,0.13051493607197612,0.04757932631951019,0.15625418882099262,0.03217541958981142,0.1716580955506914,0.27886456063605836,0.3516772791669568,0.2460977016296924,0.38444413817332274,0.22648805542585937,0.4040537843771558,0.13802817,0.07605634,0.27205882,84.2,4.451940453944614,22.0,False,145.4,0.028708133971291867
Brian Curley,VCU,2024,True,4.014271195084999,13.783288804915001,0.22555177198925014,0.09639812285215976,2.1561118907826224,20.49532810921738,0.09518652636576846,0.060344608628096874,0.1032211212541034,111.32752293577981,0.1032211212541034,0.09477607671704492,0.32477255301522123,68.69494659020883,0.32477255301522123,0.12065285551394218,0.15402066803955275,0.2861611450544388,0.1087699457747128,0.35657722718606044,0.08626055938313973,0.40067419903656637,0.04983868151494106,0.12814347565543266,0.028733394134619145,0.17772181310876708,0.019728786099110576,0.21119496506113747,0.0392956289446591,0.1671466135635477,-0.01823930823880067,0.22468155074700746,-0.05267165228215892,0.25911389479036573,0.24339343863917845,0.406151667391264,0.17014969714390216,0.4793954088865403,0.1263162660210615,0.523228840009381,0.22674419,0.10174419,0.31797235,78.1,4.893082449538722,21.0,False,29.1,0.05926979611190138
Caleb Granger,FAMU,2024,True,8.901699605643525,43.084300394356475,0.17123263197098304,0.05175222423754608,5.446306944189334,60.71769305581067,0.0823152612325333,0.033536571246823764,0.10619650972905209,325.1834862385321,0.10619650972905209,0.05545436781080542,0.3173545800726971,200.65534227380584,0.3173545800726971,0.07059511280541142,0.1340094912504782,0.20390600451878318,0.10785149208139,0.2401731010368883,0.09383001921712095,0.2631128610786481,0.05781264069505118,0.10230502186933538,0.04277352967122334,0.12736210898014694,0.03517521466594723,0.1438041969143138,0.0687931070370603,0.14359991242104386,0.03512887784482831,0.17726414161327586,0.014982191705147821,0.19741082775295637,0.26973890007151097,0.3649702600738833,0.22688330273712445,0.4078258574082698,0.20123595272966782,0.4334732074157264,0.19836957,0.06521739,0.33076923,87.2,5.281527287184948,21.0,False,85.0,0.03987240829346092
Jacob Gomez,ODU,2024,True,17.55028176423373,57.79883823576627,0.23291953196313017,0.04837504686726322,10.514609509532065,85.38427049046794,0.10964267267284106,0.03174041469774236,0.09487301008268059,471.32477064220177,0.09487301008268059,0.04606168993808913,0.3184710572849594,290.8322137427397,0.3184710572849594,0.058637945495677954,0.19886317351819813,0.26441307127511077,0.1723930095419608,0.2965387267207805,0.15753272172223767,0.31641414514138666,0.08688353469151158,0.12946791223409826,0.07098707827054306,0.15183174955702078,0.06243582526887141,0.16612273476998515,0.06380487234272948,0.1259411478226317,0.0358425792308925,0.15390344093446867,0.01910827232450056,0.1706377478408606,0.2789203640755681,0.3580217504943507,0.24332350643465436,0.3936186081352644,0.22202021995941076,0.414921894610508,0.28318584,0.05752212,0.27941176,56.1,4.472587077181312,22.0,False,123.2,0.14619883040935672
Tristan Walton,UTM,2024,True,9.277097856943113,33.04562214305689,0.2191989989524093,0.0628538096624125,5.496761566635753,48.36851843336425,0.10204646790355035,0.04086741050115314,0.10239232367483317,264.73761467889904,0.10239232367483317,0.061459945987940606,0.32230246588492667,163.3570551217337,0.32230246588492667,0.07824039821057592,0.1741316211809979,0.25949258203395337,0.1414854710143924,0.3027833065454399,0.12381090725665994,0.32982333231388095,0.07218142061921014,0.12662991637289345,0.05359949553829722,0.15696920074365717,0.044173102253740604,0.17675292772431947,0.060938220058362434,0.1438464272913039,0.0236282336757013,0.18115641367396504,0.0012997086043274875,0.20348493874533885,0.26953011924063336,0.37507481252922,0.22203336106933014,0.4225715707005232,0.1936084631141334,0.45099646865571996,0.24810127,0.1164557,0.29460581,93.2,4.302635519444853,20.99660120845921,False,69.2,0.04296455424274973
Kellen OConnor,CSUB,2024,True,10.782372666371094,37.16706733362891,0.2248696265560368,0.059673143021221356,4.432233849062997,56.59432615093701,0.07262794837301982,0.03295262695279796,0.10740397005538495,299.93394495412844,0.10740397005538495,0.057741384118547165,0.32276419656653393,185.07504510901623,0.32276419656653393,0.07350655478205918,0.18229534694340108,0.26330937162825396,0.15081419526033743,0.30398352086712516,0.13358834923127336,0.3293151375815864,0.04841915943866036,0.09185081311351218,0.03434973720716633,0.11701689765112644,0.027436307945266348,0.13370703211747614,0.06845799830529006,0.14634994180547983,0.0334054088415487,0.18140253126922118,0.012427844962794504,0.2023800951479754,0.27318477879380826,0.3723436143392596,0.22856175620779606,0.4169666369252718,0.2018566733285568,0.44367171980451103,0.18658892,0.06997085,0.29795918,81.0,4.24359644430655,20.99660120845921,False,78.4,0.05263157894736842
Zach Cameron,NIA,2024,True,14.56818966039097,45.735570339609026,0.24158012137868304,0.054669096337379326,5.210893021979449,71.53934697802055,0.06789415931441321,0.028529749148429307,0.09637710214455271,377.21284403669716,0.09637710214455271,0.05148808792011066,0.3070069997979842,232.76019703761474,0.3070069997979842,0.06554591673023999,0.20293742475503235,0.2771279967429002,0.17326498280020863,0.313651548453121,0.1567258765885078,0.3362515739941625,0.04703317496840779,0.08473334646662625,0.0344622382556133,0.10621947977426546,0.02815785724537351,0.12040252114413755,0.061648914585243374,0.13110528970386204,0.03039246246363686,0.16236174182546856,0.011686733984362402,0.18106747030474302,0.26279695079623144,0.3512170487997369,0.22300652759728912,0.39100747199867925,0.19919356093238977,0.4148204386635786,0.24180328,0.08196721,0.2611465,59.0,4.476441194243351,23.0,False,98.6,0.049342105263157895
Andrew Williams,GTWN,2024,True,11.066909065985822,41.16373093401418,0.2118853811859441,0.05600984164481131,6.5314399467988755,59.94392005320113,0.09825354758212479,0.036236290788869745,0.10220478276326533,326.71376146788987,0.10220478276326533,0.0553243456675112,0.31916577928318146,201.59960270803555,0.31916577928318146,0.07042959062500584,0.17193026408624246,0.24786448512140477,0.14248701399046765,0.2861348192316057,0.126380151385908,0.3100337869703339,0.07191346268209332,0.12026096880034219,0.05498375057696481,0.14679756537692684,0.04624063945003677,0.164029039795942,0.06488907867422403,0.13952048685230664,0.03130378096033572,0.17310578456619496,0.01120433213334257,0.1932052333931881,0.27166174229610895,0.36666981627025397,0.2289066271570399,0.409424931409323,0.2033194116989332,0.4350121468674297,0.16666667,0.0952381,0.28780488,65.0,4.559896469116211,21.0,False,85.4,0.03795546558704453
Jacob Weatherley,LR,2024,True,15.495059986246373,69.02806001375362,0.18332333196226516,0.04184004828863839,11.925486294862884,95.64939370513713,0.11085753751120041,0.03013031071136993,0.12054026454368773,528.7100917431193,0.12054026454368773,0.043490179480163614,0.317274294375725,326.24198002635256,0.317274294375725,0.055364333731192664,0.15370274759685684,0.21023646780726332,0.13137648067288787,0.2385316505223396,0.11898522944063664,0.2562197912456344,0.08932455987520355,0.12978054449688692,0.07402167002958444,0.15082915062631236,0.06572114372990005,0.16423401585668196,0.09120658425012941,0.14987394483724603,0.06480535694506839,0.17627517214230706,0.04900528508897012,0.19207524399840534,0.27993161874760036,0.3546169700038497,0.24632204580718134,0.3882265429442687,0.22620806923422104,0.408340519517229,0.29389313,0.11450382,0.33098592,61.2,5.066413510463986,20.99660120845921,False,138.2,0.14035087719298245
Michael Foltz,GW,2024,True,4.959390460479771,18.403729539520228,0.2122743221145023,0.08284566349528727,2.519382131965343,27.21549786803466,0.0847281755287172,0.050231160646945286,0.12247722962291689,146.14128440366972,0.12247722962291689,0.08272057413098248,0.3172825423199047,90.17687146893392,0.3172825423199047,0.10530583058900606,0.15142000387328114,0.2643548147363729,0.11159896023394178,0.3241259937706539,0.09127382993592986,0.3617426000976134,0.04720395665942235,0.11249063173055504,0.028766811591654895,0.15310711504962926,0.020587989227151746,0.1805166177570931,0.06668305024123405,0.17827140900459973,0.01646654834260812,0.22848791090322568,-0.013586006759937777,0.2585404660057716,0.2462548389517351,0.3883102456880743,0.18232769026758955,0.4522373943722199,0.1440698649364408,0.4904952197033686,0.18211921,0.07615894,0.20289855,74.0,5.045353886887834,23.0,False,38.2,0.049887752556747315
Nick Wissman,DAY,2024,True,5.798159240826973,20.62296075917303,0.21945168262461895,0.07903632871677005,2.5824993518095463,31.04438064819046,0.07679866082757442,0.04524997624004262,0.11232026229918357,165.2697247706422,0.11232026229918357,0.07778634188319117,0.3133750346098954,101.98012689680486,0.3133750346098954,0.09902440144478897,0.16178887392514427,0.2695261287515677,0.12277890600850055,0.32570023482802113,0.10248938974907876,0.3609270713378575,0.04306117301371999,0.10172811309826899,0.026436975542551887,0.13829233069965935,0.01902883547211503,0.16303814458484442,0.05985417199372295,0.1647863526046442,0.012633054080792405,0.21200747051757474,-0.015626884274670627,0.24026740887303777,0.24658409081608318,0.38016597840370764,0.18647015791120913,0.4402799113085817,0.15049438873673568,0.4762556804830551,0.21993127,0.03780069,0.31979695,67.2,4.2514516057836,23.0,False,43.2,0.039473684210526314
Andrew Devine,APSU,2024,True,7.814767778199172,25.945552221800828,0.23147789411353836,0.07153870273116171,5.691992832979022,37.275687167020976,0.13247149562133728,0.05112535319758113,0.14074701279725735,211.17798165137614,0.14074701279725735,0.06881382245634786,0.3221251498267814,130.30793992369507,0.3221251498267814,0.08760210873652506,0.179907385123077,0.2773380188793493,0.14312256971323645,0.3269294173018227,0.12342228110160017,0.35784801605226446,0.09513451257348128,0.16369124514851857,0.07130603554082895,0.2011878424649165,0.05911328357358491,0.22538739107024364,0.09433279487863777,0.18716123071587693,0.052558550897216574,0.22893547469729814,0.027558347345538914,0.2539356782489758,0.26303842538843264,0.3812118742651302,0.2098585302304794,0.43439176942308344,0.17803250354291092,0.46621779611065195,0.25751073,0.07296137,0.20979021,58.0,4.987784954597211,20.99660120845921,True,55.2,0.1059696220416814
Ryan Prager,TA&M,2024,True,6.914141549373407,29.2314184506266,0.1912860542034321,0.06453356621585174,4.49027197511262,41.513168024887385,0.09760730882544043,0.0432886589849913,0.11505560782208986,226.09816513761467,0.11505560782208986,0.06650456866234021,0.3307280927335512,139.5144791574344,0.3307280927335512,0.08466235775711654,0.14449854970999065,0.23194966963617827,0.11248248966074299,0.2776845270372591,0.09562219389589768,0.30657230087195353,0.06577558594750245,0.1232109818868819,0.04691489245214763,0.15599307444934907,0.037593769564329714,0.177539377260796,0.07019895791812986,0.15991225772604986,0.029826573736999387,0.20028464190718032,0.005665326848996344,0.22444588879518337,0.27362420019894235,0.38783198526816004,0.22222891560722144,0.4392272698598809,0.19147090651049495,0.46998527895660747,0.31155779,0.05025126,0.29957806,97.2,3.4978342567532006,21.0,False,59.1,0.12682308180088775
Kyle Kramer,UCF,2024,True,13.59214743043975,33.623372569560246,0.28787456815978624,0.06520583642599694,5.545702500611232,54.546777499388774,0.09228613131977963,0.037029583571700365,0.10557066926143532,295.343119266055,0.10557066926143532,0.058188420861985085,0.3172969801812251,182.2422638063272,0.3172969801812251,0.07407564628155716,0.24183602434679743,0.33067098932813477,0.2059402106361913,0.37377322321550954,0.18587262900900242,0.400196502700971,0.0652390417800822,0.11448174934954936,0.04847554675078615,0.14202724251289764,0.039975579835531024,0.1600372320087687,0.06632317580993054,0.14481816271294012,0.030999207409190252,0.18014213111368038,0.00985923416002045,0.2012821043628502,0.2673337160251643,0.3672602443372859,0.22236521972036746,0.4122287406420827,0.19545338472623147,0.4391405756362187,0.24418605,0.0755814,0.28828829,42.2,3.458792889071628,24.0,False,77.2,0.023496240601503758
Shane Sdao,TA&M,2024,True,5.678747669490701,20.6812123305093,0.21543081512607382,0.07859805636072073,2.904118184145243,30.64492181585476,0.0865633766016924,0.047839685105571454,0.09998059446608104,164.88715596330275,0.09998059446608104,0.07787652897653521,0.3296401985842949,101.74406178824744,0.3296401985842949,0.09913921238357629,0.15803407031474723,0.265115147975458,0.1194461293619081,0.32115127132959564,0.09943407549201856,0.3563455089017242,0.05095117647598508,0.11351161632406748,0.03250216470386968,0.1515449279873095,0.024050485945380156,0.17704601460685457,0.047453673890559885,0.1525075150416022,0.000177806837022898,0.19978338209513918,-0.02811489667536432,0.2280760856075264,0.26277181598906024,0.39650858117952953,0.20258818574726406,0.4566922114213257,0.16657070552205713,0.49270969164653267,0.28350515,0.04639175,0.28688525,48.2,3.897923086087282,20.0,False,43.1,0.14279885760913913
Mario Pesca,SJU,2024,True,5.007347230913859,23.126252769086136,0.17798458892263558,0.07086537721894266,3.372440603881849,32.433959396118155,0.09418541388918877,0.04814484683120924,0.11194944489171399,175.98165137614677,0.11194944489171399,0.07538176565499458,0.3148390998100445,108.58994993641257,0.3148390998100445,0.09596330208003032,0.125959416115335,0.22184876126236122,0.09264754385540319,0.27360097372906933,0.0757271308174909,0.3065819219118088,0.05847226643279311,0.12189021616168655,0.03894618148954551,0.15945852097116806,0.029726521276653203,0.1844262339611328,0.061105216605737124,0.16279367317769086,0.015343825103039499,0.20855506468038848,-0.012042525751909755,0.23594141553533773,0.2501128361620937,0.3795653634579953,0.19185717979455225,0.43782101982553673,0.15699351432946687,0.47268468529062213,0.15542522,0.11143695,0.27467811,76.0,5.325685942800421,20.0,False,46.0,0.0660647434485796
Jakob Wright,CP,2024,True,2.9045702417152586,8.22654975828474,0.2609414184480321,0.1260841491692628,2.162249958263227,12.004630041736773,0.15262711043385893,0.09234321661942808,0.09066130026683257,91.74311926605505,0.09066130026683257,0.1044030650891055,0.3257680910047492,42.96384975745019,0.3257680910047492,0.1525627138064769,0.1655052103749743,0.34138166140991405,0.10797657318667056,0.43462913026968375,0.08072337625845895,0.4917233017587859,0.0824394784216192,0.20585790875129872,0.04792765964817259,0.2802328094532776,0.03303628803057649,0.32877195612074295,0.020242502975176546,0.1610800975584886,-0.04313661124576541,0.22445921177943057,-0.08106646000983324,0.26238906054349836,0.22286610428018228,0.4286700777293161,0.1302511062823259,0.5212850757271725,0.07482475786260623,0.5767114241468921,0.27005348,0.11229947,0.31627907,88.0,3.970027420737527,21.0,False,18.2,0.036214389183969097
Tony Roca,UNF,2024,True,21.98385532286573,84.00642467713426,0.20741388099800975,0.03919854779895525,15.305088120318416,119.5916318796816,0.11345782254986196,0.02720585856115996,0.11185273612036832,662.9917431192661,0.11185273612036832,0.03883702370437868,0.31369527963773014,409.10083313000655,0.31369527963773014,0.049440723565562346,0.17991323086653482,0.2329163450979273,0.158365427893894,0.2588578675664995,0.14619768814825096,0.2749323318441634,0.09413478384689859,0.13071000448451126,0.07997387937316977,0.14941982994200814,0.07218173404067639,0.1612597536420523,0.08565756170364264,0.138047910537094,0.06208108759092907,0.16162438464980758,0.047971516820220744,0.1757339554205159,0.28034801835048045,0.3470425409249798,0.2503344429506259,0.3770561163248344,0.2323725261618098,0.39501803311365047,0.25746269,0.07835821,0.30285714,63.2,3.905098560402057,23.0,False,173.3,0.04435245416913069
Maison Martinez,VCU,2024,True,2.7619378432514887,11.30486215674851,0.1963444310896216,0.10233725448649507,2.017369728010391,15.885830271989612,0.11268207516032837,0.07272762090235163,0.13648014553093635,91.74311926605505,0.13648014553093635,0.1044030650891055,0.31832063690303,54.29497496820628,0.31832063690303,0.1357126032916851,0.11902157250016056,0.25857739472812846,0.07579089794974589,0.3371737397995031,0.0557978204675255,0.38709713518719385,0.05771758100150815,0.1527166117744278,0.03246751064416889,0.21265875285591687,0.021871084485224648,0.25280652752891164,0.06606134823928032,0.20689894282259236,0.002682234018338364,0.27027805704353436,-0.03524761474572946,0.30820790580760216,0.22678387701036135,0.4098573967956986,0.14439793769043763,0.4922433361156223,0.09509326915567543,0.5415480046503846,0.23033708,0.10674157,0.23364486,42.1,5.739756992522676,20.0,False,23.0,0.1174812030075188
Jamie Arnold,FSU,2024,True,5.959464366676785,20.950935633323212,0.2214558076682913,0.07859630719284691,3.988614167657208,30.260985832342794,0.1164572481914302,0.05402813166645487,0.1234880211497945,168.3302752293578,0.1234880211497945,0.07707594945161202,0.32380490983497334,103.8686477652642,0.32380490983497334,0.09812005006863518,0.1641814996058216,0.27132940384165655,0.12520332473522797,0.3270347424888883,0.1048659160169447,0.3619375887220117,0.07653133114753435,0.14843444055958252,0.05327839575006289,0.1895844688244366,0.041947154431196565,0.2165450380543519,0.0715010832580509,0.1754749590415381,0.024711217464244636,0.22226482483534438,-0.0032906338564178544,0.25026667615600684,0.25762394177495257,0.3899858778949941,0.19805900605819934,0.4495508136117473,0.16241178960291872,0.485198030067028,0.35412027,0.05790646,0.34156379,105.2,2.752527648489719,20.0,False,44.0,0.07368421052631578
Cody Bowker,GTWN,2024,True,6.4591969778783165,19.22800302212168,0.2514558604238032,0.08398236161271914,4.021550918834181,28.67124908116582,0.1230102933622749,0.05658475282354247,0.10889693855025717,160.6788990825688,0.10889693855025717,0.07888974936281525,0.31493875273941657,99.14734559411582,0.31493875273941657,0.10042907304360968,0.19051407517380212,0.3054729232961896,0.14767937840376524,0.3639761136207667,0.125036208229179,0.40025140810690696,0.08119111488705737,0.15664352174233576,0.05667126170868824,0.19961481173880635,0.044694528239609524,0.2276914876754363,0.05568661120950042,0.16210726589101393,0.00779565674892016,0.20999822035159418,-0.020865151818462074,0.23865902891897642,0.24720037234980824,0.3826771331290249,0.18623371695418556,0.4436437885246476,0.14974762769226085,0.4801298777865723,0.29064039,0.09852217,0.31858407,48.0,4.072396469116212,20.0,False,42.0,0.0899685110211426
Connor Maggi,GWEB,2024,True,11.223722106765008,39.110957893234996,0.2229818905526966,0.05809582688420223,6.905964295158786,57.15635570484123,0.10780072115962683,0.038448286916505106,0.12791422648677425,314.854128440367,0.12791422648677425,0.05635666743734582,0.31560196921546774,194.28158434275556,0.31560196921546774,0.0717437679327626,0.18157850623575764,0.2604181711264394,0.1508561552635113,0.2999528266160961,0.13400938091599285,0.32457532069714334,0.07989882654447232,0.13131032309687077,0.061684736129484795,0.1592652113400688,0.05221425430979255,0.17734127103243189,0.08990223194507521,0.1659262210284733,0.05569025110356732,0.20013820186998119,0.03521575764955805,0.22061269532399047,0.267211533104373,0.36399240532656246,0.22365863110316733,0.40754530732776817,0.19759397232009845,0.433609966110837,0.292,0.06,0.28476821,60.0,4.027500693003336,20.99660120845921,False,82.30000000000001,0.10056989607777404
Carter Gaston,PORT,2024,True,1.5603294646640067,8.439670535335994,0.15603294646640067,0.10941441906116481,0.9491046136892614,9.24793538631074,0.09307648236049493,0.08682678050585727,0.09040130582794516,91.74311926605505,0.09040130582794516,0.1044030650891055,0.3200756647929877,42.457753337665224,0.3200756647929877,0.1534692939750275,0.07164545568387128,0.21722187494470857,0.035931562521896464,0.30924490258257525,0.022141799607184865,0.36932500219042264,0.027641496670116034,0.13295741239798892,0.00977089590148635,0.21337572589304668,0.004605994320016234,0.26949457491142986,0.019982508536289134,0.16082010311960118,-0.043396605684652825,0.22419921734054316,-0.08132645444872065,0.26212906610461095,0.21656219903700238,0.42358913054897307,0.1233968508362667,0.5167544787497087,0.067641139972482,0.5725101896134934,0.19174041,0.06489676,0.2780083,80.2,4.611017815440285,20.99660120845921,False,13.1,0.06392499467291711
Connor Harrison,HAW,2024,True,10.171653740237625,41.99782625976238,0.19497326291612693,0.05433272357422202,5.907122742621603,60.49039725737841,0.08896601473400816,0.034678268056188226,0.09432535399828257,326.33119266055047,0.09432535399828257,0.05535676544507673,0.3116299745763731,201.36353759947812,0.3116299745763731,0.0704708619972118,0.15608755417291909,0.22964747198003196,0.12794748809810402,0.2671400666972787,0.11267119097435088,0.29067053442869295,0.06368579878596632,0.10981487846322284,0.047839148693212104,0.13549306857106821,0.03975136079620969,0.1522637718338039,0.056987783101569676,0.13166292489499545,0.023382804578659253,0.16526790341790587,0.00327157757964619,0.18537913041691895,0.2640981004717712,0.359161848680975,0.22131793105856884,0.40194201809417734,0.1957157216258626,0.4275442275268836,0.20710059,0.01183432,0.27642276,41.2,4.019300145812988,24.0,False,85.30000000000001,0.08288437629506838
Jacob Pruitt,INST,2024,True,3.0772889357658757,9.827471064234123,0.23846153944481538,0.11428081894606515,1.5927173528588807,14.83152264714112,0.09697358007791415,0.0708924557455155,0.1364590103897509,91.74311926605505,0.1364590103897509,0.1044030650891055,0.3159462293062383,49.809737905615336,0.3159462293062383,0.14169119782565018,0.1523715240756302,0.3103438635376315,0.10076344997215161,0.39539735058472897,0.07615241297437449,0.4482156428034355,0.0433373949092886,0.13394274392141023,0.021803504853937884,0.19454723110635874,0.013507629556441187,0.2358783877039608,0.06604021309809487,0.2068778076814069,0.0026610988771529065,0.27025692190234885,-0.03526874988691492,0.3081867706664167,0.2203769686798319,0.41151548993264464,0.13436165290888663,0.49753080570358993,0.08288494865561905,0.5490075099568575,0.30810811,0.12432432,0.32978723,41.2,5.02510450631714,20.0,False,21.1,0.13290802764486975
Owen MacDonnell,SHU,2024,True,4.45992936524931,14.621990634750686,0.2337253989771108,0.09443708080414001,2.4709036199729493,21.81517638002705,0.10174155812601085,0.06011863233616362,0.0985620777326941,119.36146788990825,0.0985620777326941,0.09153094042001343,0.31716754563551486,73.65231386991461,0.31716754563551486,0.11652169737434413,0.16401191743945343,0.293528243291676,0.11863195107547983,0.3616492888932868,0.09568770838091417,0.40416508349668556,0.056676867015510675,0.1353597493086348,0.03438009807849661,0.1838375416642627,0.024506726350707924,0.2162942836654811,0.0368253965935868,0.1602987588718014,-0.018739542258343664,0.21586369772373187,-0.05199292159544411,0.2491170770608323,0.23857485508107007,0.39576023618995965,0.16783898194550997,0.46649610932551977,0.1255064090907831,0.5088286821802466,0.2184466,0.08737864,0.24444444,47.1,4.823427026211754,20.99660120845921,False,31.2,0.038417210910487894
Aiden May,ORST,2024,True,9.748681391103913,36.182478608896076,0.21224548631264517,0.059687589110103474,5.431294865685742,53.026545134314254,0.09290960572073383,0.03764879048676792,0.1080706758033632,287.3091743119266,0.1080706758033632,0.05899636488047456,0.31514819668591165,177.28489652662137,0.31514819668591165,0.07510418382291578,0.1695029937202015,0.25047772264188783,0.13846416484167948,0.2915559689362845,0.12162012826095346,0.31724472646798363,0.06539246502449401,0.11544910540756392,0.04840762745237921,0.14350212432905293,0.039815306925795574,0.1618530132431539,0.06827823239265503,0.14786311921407136,0.032463792029350555,0.18367755957737586,0.011030291052762167,0.20511106055396422,0.2644911945005126,0.3658051988713107,0.2188983123287045,0.4113980810431188,0.19161280752555854,0.43868358584626477,0.27009646,0.07395498,0.296875,73.2,3.5918996159405183,21.0,True,75.1,0.05370569280343716
Nathan Holler,MUR,2024,True,13.022671116669056,46.97528888333094,0.21705189837569572,0.05278258145822591,7.797340665806863,68.56369933419315,0.10211150431957007,0.03442606551928766,0.10272610627010777,375.29999999999995,0.10272610627010777,0.05161913442354258,0.3166738905422103,231.57987149482767,0.3166738905422103,0.06571274295255117,0.17958114218327303,0.2511190805301593,0.1514193915259361,0.28681794276158173,0.1358601567112843,0.3090433033662452,0.07721729857050591,0.12326144442978451,0.0606671536402296,0.14809313626517195,0.05197412156116475,0.16411732596960027,0.06790952918743456,0.13754268335278097,0.03657352373755961,0.16887868880265594,0.017820185793448157,0.18763202674676738,0.2723513189634447,0.36099646212097586,0.23245962193513842,0.40088815914928216,0.20858604695977673,0.42476173412464385,0.22580645,0.05806452,0.27722772,35.1,5.160274383155169,22.0,False,98.1,0.12413108242303872
Victor Arreola,FRES,2024,True,5.166698722569277,16.973221277430724,0.23336573585492976,0.0879289185360896,2.5682212229816104,25.609858777018392,0.09114252010717587,0.05328194303942216,0.11809139445488623,138.48990825688074,0.11809139445488623,0.08497495362059526,0.3184682770304236,85.45556929778556,0.3184682770304236,0.10817572489414697,0.16890657131755493,0.28924077033542794,0.1257636323487952,0.35193711303653463,0.1035514896334206,0.3910737191750366,0.051316844966433565,0.1208192386668724,0.031500169548627964,0.16372479835193854,0.02265928925069295,0.1925653488112753,0.0607766592144073,0.17540612969536515,0.009191609610332566,0.2269911792994399,-0.021679966207983015,0.25786275511775547,0.24550485936929034,0.3914316946915568,0.17983550743840754,0.4571010466224396,0.1405350435901813,0.49640151047066583,0.27906977,0.0872093,0.27,41.0,5.258669695040075,20.99660120845921,False,36.2,0.12531328320802004
Anthony Eyanson,UCSD,2024,True,4.436528623796528,13.299871376203471,0.2501369287903142,0.10005454353689125,1.8175064154396403,20.756093584560357,0.08051469041002057,0.05603985541658225,0.10712804181145634,110.94495412844034,0.10712804181145634,0.09493934312009303,0.31776927938147015,68.4588814816514,0.31776927938147015,0.12086069865769306,0.1762597635340634,0.314014746272381,0.12760881740903968,0.38569130162126103,0.10295003705651475,0.43011207189094286,0.03840968787020211,0.1098613592201537,0.020566000011529726,0.1571150527350688,0.013367165243502541,0.18951889439185213,0.0430924279866047,0.17116365563630798,-0.01454162199587486,0.22879770561878754,-0.04903328106001899,0.2632893646829317,0.23624997693531885,0.39928858182762145,0.16288006180388942,0.4726584969590509,0.1189711208384748,0.5165674379244655,0.26397516,0.07453416,0.25603865,82.0,3.215592830937084,19.0,False,29.0,0.025182573659027953
Andre Duplantier II,TEX,2024,True,5.109850209689076,22.47330979031092,0.18525253124330485,0.07266720649090244,3.946566449238302,31.1592735507617,0.11241908609047103,0.05256967304570935,0.1280479333620208,172.53853211009175,0.1280479333620208,0.0761301964632249,0.33084989695731554,106.4653639593958,0.33084989695731554,0.09691607747753057,0.1319457209907581,0.23042076532865877,0.0975060639702598,0.2832586462292164,0.07994825979270832,0.31683460849480305,0.07356646723559285,0.1434369566824257,0.05106512599037589,0.183569917336358,0.040125343291061794,0.20991306728032366,0.07669889616716162,0.17939697055687998,0.03048316089935693,0.22561270582468468,0.0028249035889571783,0.25327096313508446,0.2654809960695118,0.39621879784511926,0.20664694613954443,0.45505284777508664,0.17143713540848948,0.4902626585061416,0.30285714,0.09714286,0.25,43.2,4.361047156419338,20.99660120845921,False,45.1,0.13027618551328815
Robert Hogan,UK,2024,True,2.214108101008287,8.855851898991713,0.20001048793385767,0.1151371873316527,1.6697708267834919,12.41926917321651,0.11851558564554375,0.08320783985190817,0.09983160675715397,91.74311926605505,0.09983160675715397,0.1044030650891055,0.33285793015133114,42.72778464889278,0.33285793015133114,0.15298357726484346,0.11190217563567938,0.2694089057854954,0.06607428373917082,0.35998189168758715,0.04598164335462288,0.4173278927110571,0.05519940345899742,0.1633993310568111,0.028520867069576253,0.23362553113745227,0.01801288833466561,0.28073042890485733,0.029412809465497944,0.17025040404880998,-0.033966304755444016,0.23362951826975195,-0.07189615351951184,0.2715593670338198,0.2296720753378639,0.43604378496479834,0.13680158720495766,0.5289142730977046,0.0812223382232426,0.5844935220794196,0.24705882,0.12352941,0.19791667,40.2,5.442387442651601,22.0,True,18.1,0.15479876160990713
Nate Snead,TENN,2024,True,6.308920327555452,19.500599672444547,0.2444415985867018,0.08299980230589186,3.1203786074258124,29.72810139257419,0.09499308970843741,0.05039673125975922,0.10259259206626045,161.44403669724772,0.10259259206626045,0.07870258480645503,0.33631428008450714,99.61947581123067,0.33631428008450714,0.10019080681696184,0.18413891636199176,0.297659983531146,0.14209684886732235,0.3557309818562504,0.11994908613875989,0.39182487446826325,0.05751719721866488,0.1237794641992221,0.037505049481528704,0.16342702746840115,0.028190636376471175,0.18984040086474266,0.04950850530036866,0.15567667883215225,0.0017311712951413177,0.20345401283737957,-0.026861640003092935,0.23204682413561384,0.2687366078225907,0.4038919523464236,0.20791459475505308,0.4647139654139612,0.17151506810443318,0.5011134920645811,0.18944099,0.08074534,0.28440367,75.1,4.959506270734042,20.0,True,42.2,0.10433572919081845
Jake McDowell,SHU,2024,True,11.465026077949393,55.32169392205059,0.17166625457799686,0.04580077565326964,9.9753849321272,75.0258950678728,0.11735570255091689,0.034705036151379126,0.08658009859305105,417.76513761467885,0.08658009859305105,0.048925345620129825,0.30772715091178376,257.78309854470115,0.30772715091178376,0.06228346710002178,0.13896932647892313,0.20081791635155585,0.11522624891045508,0.23240345552954217,0.10228012041927653,0.2522913869688908,0.09244013833102317,0.13902822486655836,0.07510544692089394,0.16352093922610222,0.06580518668438644,0.17916774262896124,0.05358045444747272,0.11957974273862937,0.02387974531876301,0.14928045186733907,0.006105066399926182,0.1670551307861759,0.2657175907461442,0.3497367110774233,0.22790767614220525,0.3875466256813623,0.20527996415320027,0.41017433767036726,0.20408163,0.10204082,0.2519084,46.1,4.978153953243257,23.0,False,109.2,0.03957261574990107
Ivran Romero,USD,2024,True,19.310124635526442,60.25903536447354,0.2426835300954094,0.047761112561920664,9.365654825514552,91.90418517448543,0.09248217263416782,0.028647241301687984,0.09467184054768331,497.72201834862375,0.09467184054768331,0.0448235834155283,0.31543755605030666,307.1207062332016,0.31543755605030666,0.05706179787961467,0.20915069913082243,0.27387712190656177,0.18279369858770284,0.30539232956567536,0.16792358985908382,0.3248391916416953,0.07186960934044906,0.11019726547206385,0.05782204908431641,0.13063159956105652,0.05034383436295636,0.14377820104432926,0.0644387929668504,0.12490488812851622,0.03722810704819403,0.15211557404717257,0.02094360679368973,0.1684000743016769,0.27694995825274604,0.35392515384786727,0.2423099196448969,0.3885651924557164,0.22157925084765062,0.4092958612529627,0.2955665,0.08866995,0.35042735,46.1,3.776693514959208,22.0,False,130.1,0.044228217602830605
Eddie Smink,STBK,2024,True,7.601600149425634,29.828319850574367,0.2030888697978952,0.06489530343454851,4.7757029328691,42.8623770671309,0.10024969379263605,0.043063995119052935,0.11566152579240514,234.1321100917431,0.11566152579240514,0.06535359920905585,0.3156998313916954,144.47184643714021,0.3156998313916954,0.08319713830555948,0.15621328538027396,0.24426985283295088,0.12344730290372574,0.28977701191712063,0.10601724779576106,0.31838811479692836,0.06864126862742004,0.125875397930085,0.049602215531260846,0.15827272103794793,0.04011113723599531,0.1795044073307113,0.07158119298747422,0.15974185859733608,0.03190751841206525,0.19941553317274502,0.008164421099056754,0.22315863048575352,0.25958421435894974,0.37181544842444103,0.20907840854737497,0.4223212542360158,0.1788527166978126,0.45254694608557816,0.23236515,0.1120332,0.27333333,55.0,4.330323158610951,20.0,False,61.2,0.03462603878116344
